2026-08-14T13:13:57.5087673Z Current runner version: '2.336.0'
2026-08-14T13:13:57.5114320Z ##[group]Runner Image Provisioner
2026-08-14T13:13:57.5115254Z Hosted Compute Agent
2026-08-14T13:13:57.5115879Z Version: 20260729.566
2026-08-14T13:13:57.5116520Z Commit: cf7153fe6e25b664e8693c24944bf2b00355d109
2026-08-14T13:13:57.5117480Z Build Date: 2026-07-29T19:17:02Z
2026-08-14T13:13:57.5118223Z Worker ID: {6adc5c6b-645f-4f80-b9a6-6ca3a500dc1e}
2026-08-14T13:13:57.5118961Z Azure Region: northcentralus
2026-08-14T13:13:57.5119710Z ##[endgroup]
2026-08-14T13:13:57.5121584Z ##[group]Operating System
2026-08-14T13:13:57.5122470Z Ubuntu
2026-08-14T13:13:57.5123056Z 24.04.4
2026-08-14T13:13:57.5123567Z LTS
2026-08-14T13:13:57.5124185Z ##[endgroup]
2026-08-14T13:13:57.5124761Z ##[group]Runner Image
2026-08-14T13:13:57.5125395Z Image: ubuntu-24.04
2026-08-14T13:13:57.5126065Z Version: 20260810.271.1
2026-08-14T13:13:57.5127875Z Included Software: https://github.com/actions/runner-images/blob/ubuntu24/20260810.271/images/ubuntu/Ubuntu2404-Readme.md
2026-08-14T13:13:57.5129504Z Image Release: https://github.com/actions/runner-images/releases/tag/ubuntu24%2F20260810.271
2026-08-14T13:13:57.5130525Z ##[endgroup]
2026-08-14T13:13:57.5131833Z ##[group]GITHUB_TOKEN Permissions
2026-08-14T13:13:57.5134155Z Contents: read
2026-08-14T13:13:57.5134797Z Metadata: read
2026-08-14T13:13:57.5135379Z PullRequests: write
2026-08-14T13:13:57.5136069Z ##[endgroup]
2026-08-14T13:13:57.5138351Z Secret source: Actions
2026-08-14T13:13:57.5139746Z Prepare workflow directory
2026-08-14T13:13:57.5916584Z Prepare all required actions
2026-08-14T13:13:57.5988613Z Getting action download info
2026-08-14T13:13:57.8099687Z Download action repository 'actions/checkout@v4' (SHA:11d5960a326750d5838078e36cf38b85af677262)
2026-08-14T13:13:57.9354778Z Download action repository 'shivammathur/setup-php@v2' (SHA:f3e473d116dcccaddc5834248c87452386958240)
2026-08-14T13:13:58.1587677Z Download action repository 'actions/setup-node@v4' (SHA:49933ea5288caeca8642d1e84afbd3f7d6820020)
2026-08-14T13:13:58.2466393Z Download action repository 'actions/cache@v4' (SHA:0057852bfaa89a56745cba8c7296529d2fc39830)
2026-08-14T13:13:58.3492687Z Download action repository 'actions/upload-artifact@v4' (SHA:ea165f8d65b6e75b540449e92b4886f43607fa02)
2026-08-14T13:13:58.4623923Z Download action repository 'actions/github-script@v7' (SHA:f28e40c7f34bde8b3046d885e986cb6290c5673b)
2026-08-14T13:13:58.8996548Z Complete job name: visual-regression
2026-08-14T13:13:58.9792868Z ##[group]Checking docker version
2026-08-14T13:13:58.9806357Z ##[command]/usr/bin/docker version --format '{{.Server.APIVersion}}'
2026-08-14T13:13:59.0640666Z '1.48'
2026-08-14T13:13:59.0659613Z Docker daemon API version: '1.48'
2026-08-14T13:13:59.0660979Z ##[command]/usr/bin/docker version --format '{{.Client.APIVersion}}'
2026-08-14T13:13:59.0826389Z '1.48'
2026-08-14T13:13:59.0866283Z Docker client API version: '1.48'
2026-08-14T13:13:59.0872394Z ##[endgroup]
2026-08-14T13:13:59.0876193Z ##[group]Clean up resources from previous jobs
2026-08-14T13:13:59.0881860Z ##[command]/usr/bin/docker ps --all --quiet --no-trunc --filter "label=90f64d"
2026-08-14T13:13:59.1036533Z ##[command]/usr/bin/docker network prune --force --filter "label=90f64d"
2026-08-14T13:13:59.1168813Z ##[endgroup]
2026-08-14T13:13:59.1169715Z ##[group]Create local container network
2026-08-14T13:13:59.1180771Z ##[command]/usr/bin/docker network create --label 90f64d github_network_ca2016e8067b4e1ba25a5aeb0103555e
2026-08-14T13:13:59.1698419Z c3d30e3163dac546ac8f9dea2903c59543ccb61074e2b1531ca428c2f601ad90
2026-08-14T13:13:59.1719170Z ##[endgroup]
2026-08-14T13:13:59.1744944Z ##[group]Starting mysql service container
2026-08-14T13:13:59.1767521Z ##[command]/usr/bin/docker pull mysql:8.0
2026-08-14T13:13:59.5955974Z 8.0: Pulling from library/mysql
2026-08-14T13:13:59.7124406Z edf85873f64e: Pulling fs layer
2026-08-14T13:13:59.7125509Z 6ef6c7b50a93: Pulling fs layer
2026-08-14T13:13:59.7126472Z e3e5d1ac74c1: Pulling fs layer
2026-08-14T13:13:59.7127404Z 0d74d296605b: Pulling fs layer
2026-08-14T13:13:59.7128659Z 297d04cfe470: Pulling fs layer
2026-08-14T13:13:59.7129474Z 4c8a3e0d4e4b: Pulling fs layer
2026-08-14T13:13:59.7130425Z a63160a5eda1: Pulling fs layer
2026-08-14T13:13:59.7131475Z 7534d1db9f8d: Pulling fs layer
2026-08-14T13:13:59.7132491Z 49ec2dab01d9: Pulling fs layer
2026-08-14T13:13:59.7133455Z ab24264a27e9: Pulling fs layer
2026-08-14T13:13:59.7134419Z 96d30d9fbee8: Pulling fs layer
2026-08-14T13:13:59.7135348Z a63160a5eda1: Waiting
2026-08-14T13:13:59.7136219Z 7534d1db9f8d: Waiting
2026-08-14T13:13:59.7137174Z 0d74d296605b: Waiting
2026-08-14T13:13:59.7137936Z 49ec2dab01d9: Waiting
2026-08-14T13:13:59.7138727Z ab24264a27e9: Waiting
2026-08-14T13:13:59.7139491Z 96d30d9fbee8: Waiting
2026-08-14T13:13:59.7140272Z 297d04cfe470: Waiting
2026-08-14T13:13:59.7141073Z 4c8a3e0d4e4b: Waiting
2026-08-14T13:13:59.7875819Z 6ef6c7b50a93: Verifying Checksum
2026-08-14T13:13:59.7877154Z 6ef6c7b50a93: Download complete
2026-08-14T13:13:59.7978836Z e3e5d1ac74c1: Verifying Checksum
2026-08-14T13:13:59.7980081Z e3e5d1ac74c1: Download complete
2026-08-14T13:13:59.8847567Z 297d04cfe470: Verifying Checksum
2026-08-14T13:13:59.8848718Z 297d04cfe470: Download complete
2026-08-14T13:13:59.9081262Z 0d74d296605b: Verifying Checksum
2026-08-14T13:13:59.9082611Z 0d74d296605b: Download complete
2026-08-14T13:13:59.9564781Z edf85873f64e: Verifying Checksum
2026-08-14T13:13:59.9566192Z edf85873f64e: Download complete
2026-08-14T13:13:59.9621205Z 4c8a3e0d4e4b: Verifying Checksum
2026-08-14T13:13:59.9622291Z 4c8a3e0d4e4b: Download complete
2026-08-14T13:14:00.0521825Z 7534d1db9f8d: Verifying Checksum
2026-08-14T13:14:00.0523067Z 7534d1db9f8d: Download complete
2026-08-14T13:14:00.1366514Z ab24264a27e9: Verifying Checksum
2026-08-14T13:14:00.1367475Z ab24264a27e9: Download complete
2026-08-14T13:14:00.1685447Z a63160a5eda1: Verifying Checksum
2026-08-14T13:14:00.1707641Z a63160a5eda1: Download complete
2026-08-14T13:14:00.2300955Z 96d30d9fbee8: Download complete
2026-08-14T13:14:00.5523267Z 49ec2dab01d9: Verifying Checksum
2026-08-14T13:14:00.5524182Z 49ec2dab01d9: Download complete
2026-08-14T13:14:01.4443601Z edf85873f64e: Pull complete
2026-08-14T13:14:01.9269485Z 6ef6c7b50a93: Pull complete
2026-08-14T13:14:01.9490313Z e3e5d1ac74c1: Pull complete
2026-08-14T13:14:02.1492675Z 0d74d296605b: Pull complete
2026-08-14T13:14:02.1602604Z 297d04cfe470: Pull complete
2026-08-14T13:14:02.1686452Z 4c8a3e0d4e4b: Pull complete
2026-08-14T13:14:02.9832022Z a63160a5eda1: Pull complete
2026-08-14T13:14:02.9925700Z 7534d1db9f8d: Pull complete
2026-08-14T13:14:10.8230088Z 49ec2dab01d9: Pull complete
2026-08-14T13:14:10.8318195Z ab24264a27e9: Pull complete
2026-08-14T13:14:10.8394228Z 96d30d9fbee8: Pull complete
2026-08-14T13:14:10.8432551Z Digest: sha256:7dcddc01f13bab2f15cde676d44d01f61fc9f99fe7785e86196dfc07d358ae2b
2026-08-14T13:14:10.8442241Z Status: Downloaded newer image for mysql:8.0
2026-08-14T13:14:10.8450601Z docker.io/library/mysql:8.0
2026-08-14T13:14:10.8514186Z ##[command]/usr/bin/docker create --name 8114d5cc5ed147b59adf1b064e0624be_mysql80_888bf4 --label 90f64d --network github_network_ca2016e8067b4e1ba25a5aeb0103555e --network-alias mysql -p 3306:3306 --health-cmd="mysqladmin ping --silent" --health-interval=10s --health-timeout=5s --health-retries=10 -e "MYSQL_ROOT_PASSWORD=root" -e "MYSQL_DATABASE=oimpresso_test" -e GITHUB_ACTIONS=true -e CI=true mysql:8.0
2026-08-14T13:14:10.8805193Z 6fbddc720c60cc740486f349b9a72bb24ebd24c1b12cf9604207dc96786b5cce
2026-08-14T13:14:10.8828550Z ##[command]/usr/bin/docker start 6fbddc720c60cc740486f349b9a72bb24ebd24c1b12cf9604207dc96786b5cce
2026-08-14T13:14:11.0893391Z 6fbddc720c60cc740486f349b9a72bb24ebd24c1b12cf9604207dc96786b5cce
2026-08-14T13:14:11.0912098Z ##[command]/usr/bin/docker ps --all --filter id=6fbddc720c60cc740486f349b9a72bb24ebd24c1b12cf9604207dc96786b5cce --filter status=running --no-trunc --format "{{.ID}} {{.Status}}"
2026-08-14T13:14:11.1043761Z 6fbddc720c60cc740486f349b9a72bb24ebd24c1b12cf9604207dc96786b5cce Up Less than a second (health: starting)
2026-08-14T13:14:11.1088208Z ##[command]/usr/bin/docker port 6fbddc720c60cc740486f349b9a72bb24ebd24c1b12cf9604207dc96786b5cce
2026-08-14T13:14:11.1227431Z 3306/tcp -> 0.0.0.0:3306
2026-08-14T13:14:11.1227902Z 3306/tcp -> [::]:3306
2026-08-14T13:14:11.1276462Z ##[endgroup]
2026-08-14T13:14:11.1285531Z ##[group]Waiting for all services to be ready
2026-08-14T13:14:11.1302266Z ##[command]/usr/bin/docker inspect --format="{{if .Config.Healthcheck}}{{print .State.Health.Status}}{{end}}" 6fbddc720c60cc740486f349b9a72bb24ebd24c1b12cf9604207dc96786b5cce
2026-08-14T13:14:11.1453242Z starting
2026-08-14T13:14:11.1513230Z mysql service is starting, waiting 2 seconds before checking again.
2026-08-14T13:14:13.1517809Z ##[command]/usr/bin/docker inspect --format="{{if .Config.Healthcheck}}{{print .State.Health.Status}}{{end}}" 6fbddc720c60cc740486f349b9a72bb24ebd24c1b12cf9604207dc96786b5cce
2026-08-14T13:14:13.1669806Z starting
2026-08-14T13:14:13.1683399Z mysql service is starting, waiting 4 seconds before checking again.
2026-08-14T13:14:17.3292625Z ##[command]/usr/bin/docker inspect --format="{{if .Config.Healthcheck}}{{print .State.Health.Status}}{{end}}" 6fbddc720c60cc740486f349b9a72bb24ebd24c1b12cf9604207dc96786b5cce
2026-08-14T13:14:17.3438913Z starting
2026-08-14T13:14:17.3455566Z mysql service is starting, waiting 7 seconds before checking again.
2026-08-14T13:14:25.2488594Z ##[command]/usr/bin/docker inspect --format="{{if .Config.Healthcheck}}{{print .State.Health.Status}}{{end}}" 6fbddc720c60cc740486f349b9a72bb24ebd24c1b12cf9604207dc96786b5cce
2026-08-14T13:14:25.2625092Z healthy
2026-08-14T13:14:25.2642765Z mysql service is healthy.
2026-08-14T13:14:25.2643523Z ##[endgroup]
2026-08-14T13:14:25.2915504Z Node 20 is being deprecated. This workflow is running with Node 24 by default. If you need to temporarily use Node 20, you can set the ACTIONS_ALLOW_USE_UNSECURE_NODE_VERSION=true environment variable. For more information see: https://github.blog/changelog/2025-09-19-deprecation-of-node-20-on-github-actions-runners/
2026-08-14T13:14:25.2923220Z ##[group]Run actions/checkout@v4
2026-08-14T13:14:25.2923620Z with:
2026-08-14T13:14:25.2923818Z   lfs: true
2026-08-14T13:14:25.2924020Z   fetch-depth: 100
2026-08-14T13:14:25.2924261Z   repository: wagnerra23/oimpresso.com
2026-08-14T13:14:25.2927066Z   token: ***
2026-08-14T13:14:25.2927284Z   ssh-strict: true
2026-08-14T13:14:25.2927505Z   ssh-user: git
2026-08-14T13:14:25.2927721Z   persist-credentials: true
2026-08-14T13:14:25.2927960Z   clean: true
2026-08-14T13:14:25.2928176Z   sparse-checkout-cone-mode: true
2026-08-14T13:14:25.2928432Z   fetch-tags: false
2026-08-14T13:14:25.2928641Z   show-progress: true
2026-08-14T13:14:25.2928920Z   submodules: false
2026-08-14T13:14:25.2929132Z   set-safe-directory: true
2026-08-14T13:14:25.2929378Z   allow-unsafe-pr-checkout: false
2026-08-14T13:14:25.2929790Z env:
2026-08-14T13:14:25.2929986Z   VISREG_GRAY_APPROVED: 0
2026-08-14T13:14:25.2930217Z ##[endgroup]
2026-08-14T13:14:25.3962062Z Syncing repository: wagnerra23/oimpresso.com
2026-08-14T13:14:25.3963906Z ##[group]Getting Git version info
2026-08-14T13:14:25.3964547Z Working directory is '/home/runner/work/oimpresso.com/oimpresso.com'
2026-08-14T13:14:25.3965474Z [command]/usr/bin/git version
2026-08-14T13:14:25.4012433Z git version 2.54.0
2026-08-14T13:14:25.4082150Z [command]/usr/bin/git lfs version
2026-08-14T13:14:25.4618860Z git-lfs/3.7.1 (GitHub; linux amd64; go 1.24.4)
2026-08-14T13:14:25.4638932Z ##[endgroup]
2026-08-14T13:14:25.4665697Z Temporarily overriding HOME='/home/runner/work/_temp/191c1bb8-4e4b-4201-a6cf-e48203201c00' before making global git config changes
2026-08-14T13:14:25.4667145Z Adding repository directory to the temporary git global config as a safe directory
2026-08-14T13:14:25.4672346Z [command]/usr/bin/git config --global --add safe.directory /home/runner/work/oimpresso.com/oimpresso.com
2026-08-14T13:14:25.4728555Z Deleting the contents of '/home/runner/work/oimpresso.com/oimpresso.com'
2026-08-14T13:14:25.4732977Z ##[group]Initializing the repository
2026-08-14T13:14:25.4739614Z [command]/usr/bin/git init /home/runner/work/oimpresso.com/oimpresso.com
2026-08-14T13:14:25.4847731Z hint: Using 'master' as the name for the initial branch. This default branch name
2026-08-14T13:14:25.4848579Z hint: will change to "main" in Git 3.0. To configure the initial branch name
2026-08-14T13:14:25.4852918Z hint: to use in all of your new repositories, which will suppress this warning,
2026-08-14T13:14:25.4853574Z hint: call:
2026-08-14T13:14:25.4853889Z hint:
2026-08-14T13:14:25.4854313Z hint: 	git config --global init.defaultBranch <name>
2026-08-14T13:14:25.4854806Z hint:
2026-08-14T13:14:25.4855294Z hint: Names commonly chosen instead of 'master' are 'main', 'trunk' and
2026-08-14T13:14:25.4856093Z hint: 'development'. The just-created branch can be renamed via this command:
2026-08-14T13:14:25.4856706Z hint:
2026-08-14T13:14:25.4857185Z hint: 	git branch -m <name>
2026-08-14T13:14:25.4857741Z hint:
2026-08-14T13:14:25.4858308Z hint: Disable this message with "git config set advice.defaultBranchName false"
2026-08-14T13:14:25.4859332Z Initialized empty Git repository in /home/runner/work/oimpresso.com/oimpresso.com/.git/
2026-08-14T13:14:25.4862804Z [command]/usr/bin/git remote add origin https://github.com/wagnerra23/oimpresso.com
2026-08-14T13:14:25.4917074Z ##[endgroup]
2026-08-14T13:14:25.4917520Z ##[group]Disabling automatic garbage collection
2026-08-14T13:14:25.4921562Z [command]/usr/bin/git config --local gc.auto 0
2026-08-14T13:14:25.4954775Z ##[endgroup]
2026-08-14T13:14:25.4955171Z ##[group]Setting up auth
2026-08-14T13:14:25.4963860Z [command]/usr/bin/git config --local --name-only --get-regexp core\.sshCommand
2026-08-14T13:14:25.5008101Z [command]/usr/bin/git submodule foreach --recursive sh -c "git config --local --name-only --get-regexp 'core\.sshCommand' && git config --local --unset-all 'core.sshCommand' || :"
2026-08-14T13:14:25.5284605Z [command]/usr/bin/git config --local --name-only --get-regexp http\.https\:\/\/github\.com\/\.extraheader
2026-08-14T13:14:25.5323490Z [command]/usr/bin/git submodule foreach --recursive sh -c "git config --local --name-only --get-regexp 'http\.https\:\/\/github\.com\/\.extraheader' && git config --local --unset-all 'http.https://github.com/.extraheader' || :"
2026-08-14T13:14:25.5562880Z [command]/usr/bin/git config --local --name-only --get-regexp ^includeIf\.gitdir:
2026-08-14T13:14:25.5600062Z [command]/usr/bin/git submodule foreach --recursive git config --local --show-origin --name-only --get-regexp remote.origin.url
2026-08-14T13:14:25.5841642Z [command]/usr/bin/git config --local http.https://github.com/.extraheader AUTHORIZATION: basic ***
2026-08-14T13:14:25.5883281Z ##[endgroup]
2026-08-14T13:14:25.5888465Z [command]/usr/bin/git lfs install --local
2026-08-14T13:14:25.6287618Z Updated Git hooks.
2026-08-14T13:14:25.6287946Z Git LFS initialized.
2026-08-14T13:14:25.6308847Z ##[group]Fetching the repository
2026-08-14T13:14:25.6318187Z [command]/usr/bin/git -c protocol.version=2 fetch --no-tags --prune --no-recurse-submodules --depth=100 origin +9a4acb12cf6956aeceef7431e557ee24b4e9f6fc:refs/remotes/pull/5782/merge
2026-08-14T13:14:37.1107672Z From https://github.com/wagnerra23/oimpresso.com
2026-08-14T13:14:37.1108497Z  * [new ref]           9a4acb12cf6956aeceef7431e557ee24b4e9f6fc -> pull/5782/merge
2026-08-14T13:14:37.1144559Z ##[endgroup]
2026-08-14T13:14:37.1145129Z ##[group]Determining the checkout info
2026-08-14T13:14:37.1147683Z ##[endgroup]
2026-08-14T13:14:37.1150637Z ##[group]Fetching LFS objects
2026-08-14T13:14:37.1155217Z [command]/usr/bin/git lfs fetch origin refs/remotes/pull/5782/merge
2026-08-14T13:14:37.1398704Z Fetching reference refs/remotes/pull/5782/merge
2026-08-14T13:14:37.3847708Z ##[endgroup]
2026-08-14T13:14:37.3852581Z [command]/usr/bin/git sparse-checkout disable
2026-08-14T13:14:37.3903165Z [command]/usr/bin/git config --local --unset-all extensions.worktreeConfig
2026-08-14T13:14:37.3934805Z ##[group]Checking out the ref
2026-08-14T13:14:37.3939075Z [command]/usr/bin/git checkout --progress --force refs/remotes/pull/5782/merge
2026-08-14T13:14:38.4683635Z Updating files:  48% (7949/16257)
2026-08-14T13:14:38.4887493Z Updating files:  49% (7966/16257)
2026-08-14T13:14:38.5021264Z Updating files:  50% (8129/16257)
2026-08-14T13:14:38.5163628Z Updating files:  51% (8292/16257)
2026-08-14T13:14:38.5314714Z Updating files:  52% (8454/16257)
2026-08-14T13:14:38.5444972Z Updating files:  53% (8617/16257)
2026-08-14T13:14:38.5513449Z Updating files:  54% (8779/16257)
2026-08-14T13:14:38.5580255Z Updating files:  55% (8942/16257)
2026-08-14T13:14:38.5694094Z Updating files:  56% (9104/16257)
2026-08-14T13:14:38.5810919Z Updating files:  57% (9267/16257)
2026-08-14T13:14:38.5920954Z Updating files:  58% (9430/16257)
2026-08-14T13:14:38.6034151Z Updating files:  59% (9592/16257)
2026-08-14T13:14:38.6198076Z Updating files:  60% (9755/16257)
2026-08-14T13:14:38.6318363Z Updating files:  61% (9917/16257)
2026-08-14T13:14:38.6486670Z Updating files:  62% (10080/16257)
2026-08-14T13:14:38.6627246Z Updating files:  63% (10242/16257)
2026-08-14T13:14:38.6806370Z Updating files:  64% (10405/16257)
2026-08-14T13:14:38.6953523Z Updating files:  65% (10568/16257)
2026-08-14T13:14:38.7090872Z Updating files:  66% (10730/16257)
2026-08-14T13:14:38.7259887Z Updating files:  67% (10893/16257)
2026-08-14T13:14:38.7417066Z Updating files:  68% (11055/16257)
2026-08-14T13:14:38.7611534Z Updating files:  69% (11218/16257)
2026-08-14T13:14:38.7764020Z Updating files:  70% (11380/16257)
2026-08-14T13:14:38.7949716Z Updating files:  71% (11543/16257)
2026-08-14T13:14:38.8088215Z Updating files:  72% (11706/16257)
2026-08-14T13:14:38.8227341Z Updating files:  73% (11868/16257)
2026-08-14T13:14:38.8434511Z Updating files:  74% (12031/16257)
2026-08-14T13:14:38.8653167Z Updating files:  75% (12193/16257)
2026-08-14T13:14:38.9111601Z Updating files:  76% (12356/16257)
2026-08-14T13:14:38.9706582Z Updating files:  77% (12518/16257)
2026-08-14T13:14:38.9842299Z Updating files:  78% (12681/16257)
2026-08-14T13:14:38.9976629Z Updating files:  79% (12844/16257)
2026-08-14T13:14:39.0105752Z Updating files:  80% (13006/16257)
2026-08-14T13:14:39.0251098Z Updating files:  81% (13169/16257)
2026-08-14T13:14:39.0406627Z Updating files:  82% (13331/16257)
2026-08-14T13:14:39.0628772Z Updating files:  83% (13494/16257)
2026-08-14T13:14:39.0871970Z Updating files:  84% (13656/16257)
2026-08-14T13:14:39.0997786Z Updating files:  85% (13819/16257)
2026-08-14T13:14:39.1120609Z Updating files:  86% (13982/16257)
2026-08-14T13:14:39.1227547Z Updating files:  87% (14144/16257)
2026-08-14T13:14:39.1324096Z Updating files:  88% (14307/16257)
2026-08-14T13:14:39.1413695Z Updating files:  89% (14469/16257)
2026-08-14T13:14:39.1501053Z Updating files:  90% (14632/16257)
2026-08-14T13:14:39.1581096Z Updating files:  91% (14794/16257)
2026-08-14T13:14:39.1736673Z Updating files:  92% (14957/16257)
2026-08-14T13:14:39.1891536Z Updating files:  93% (15120/16257)
2026-08-14T13:14:39.2184539Z Updating files:  94% (15282/16257)
2026-08-14T13:14:39.2639303Z Updating files:  95% (15445/16257)
2026-08-14T13:14:39.2745778Z Updating files:  96% (15607/16257)
2026-08-14T13:14:39.2876718Z Updating files:  97% (15770/16257)
2026-08-14T13:14:39.3025912Z Updating files:  98% (15932/16257)
2026-08-14T13:14:39.3137434Z Updating files:  99% (16095/16257)
2026-08-14T13:14:39.3137989Z Updating files: 100% (16257/16257)
2026-08-14T13:14:39.3138404Z Updating files: 100% (16257/16257), done.
2026-08-14T13:14:39.3325958Z Note: switching to 'refs/remotes/pull/5782/merge'.
2026-08-14T13:14:39.3326357Z 
2026-08-14T13:14:39.3326663Z You are in 'detached HEAD' state. You can look around, make experimental
2026-08-14T13:14:39.3327603Z changes and commit them, and you can discard any commits you make in this
2026-08-14T13:14:39.3328321Z state without impacting any branches by switching back to a branch.
2026-08-14T13:14:39.3328738Z 
2026-08-14T13:14:39.3329022Z If you want to create a new branch to retain commits you create, you may
2026-08-14T13:14:39.3329686Z do so (now or later) by using -c with the switch command. Example:
2026-08-14T13:14:39.3330300Z 
2026-08-14T13:14:39.3330406Z   git switch -c <new-branch-name>
2026-08-14T13:14:39.3330579Z 
2026-08-14T13:14:39.3330677Z Or undo this operation with:
2026-08-14T13:14:39.3330834Z 
2026-08-14T13:14:39.3330919Z   git switch -
2026-08-14T13:14:39.3331043Z 
2026-08-14T13:14:39.3331256Z Turn off this advice by setting config variable advice.detachedHead to false
2026-08-14T13:14:39.3331547Z 
2026-08-14T13:14:39.3331888Z HEAD is now at 9a4acb12 Merge e09d176054054d55e37639f773916cac39938fbc into 65e6bb1e58a78ea90ed351c23822873c621304f3
2026-08-14T13:14:39.4421995Z ##[endgroup]
2026-08-14T13:14:39.4489086Z [command]/usr/bin/git log -1 --format=%H
2026-08-14T13:14:39.4511770Z 9a4acb12cf6956aeceef7431e557ee24b4e9f6fc
2026-08-14T13:14:39.4713925Z ##[group]Run node scripts/visreg-states-lint.mjs --selftest
2026-08-14T13:14:39.4714433Z [36;1mnode scripts/visreg-states-lint.mjs --selftest[0m
2026-08-14T13:14:39.4714803Z [36;1mnode scripts/visreg-states-lint.mjs[0m
2026-08-14T13:14:39.4715186Z [36;1mnode scripts/visreg-flows-lint.mjs --selftest[0m
2026-08-14T13:14:39.4715517Z [36;1mnode scripts/visreg-flows-lint.mjs[0m
2026-08-14T13:14:39.4715837Z [36;1mnode scripts/visreg-sells-lint.mjs --selftest[0m
2026-08-14T13:14:39.4716143Z [36;1mnode scripts/visreg-sells-lint.mjs[0m
2026-08-14T13:14:39.4716465Z [36;1mnode scripts/governance/ui-impact.mjs --selftest[0m
2026-08-14T13:14:39.4760557Z shell: /usr/bin/bash -e {0}
2026-08-14T13:14:39.4760817Z env:
2026-08-14T13:14:39.4761024Z   VISREG_GRAY_APPROVED: 0
2026-08-14T13:14:39.4761259Z ##[endgroup]
2026-08-14T13:14:39.6458341Z ✓ selftest: match exato → passou (esperado passar)
2026-08-14T13:14:39.6459138Z ✓ selftest: charter sem states → MORDEU (esperado MORDER)
2026-08-14T13:14:39.6459909Z ✓ selftest: estado faltando → MORDEU (esperado MORDER)
2026-08-14T13:14:39.6460500Z ✓ selftest: estado a mais → MORDEU (esperado MORDER)
2026-08-14T13:14:39.6461122Z ✓ selftest: estado fora do vocab → MORDEU (esperado MORDER)
2026-08-14T13:14:39.6461514Z 
2026-08-14T13:14:39.6461981Z ✅ selftest ok — comparador morde drift e passa match (sensibilidade + especificidade).
2026-08-14T13:14:39.7048936Z visreg-states-lint · 6 screen(s) no manifesto · 0 problema(s)
2026-08-14T13:14:39.7050601Z ✅ charter `states:` ⇄ manifesto em sincronia — todo estado declarado tem snapshot.
2026-08-14T13:14:39.7505269Z OK contrato íntegro passa
2026-08-14T13:14:39.7506510Z OK viewport inválido morde
2026-08-14T13:14:39.7507195Z OK ação desconhecida morde
2026-08-14T13:14:39.7507558Z OK suite conhecida passa
2026-08-14T13:14:39.7507992Z OK suite inválida morde
2026-08-14T13:14:39.7813994Z visreg-flows-lint · 0 problema(s)
2026-08-14T13:14:39.8159520Z OK contrato íntegro passa
2026-08-14T13:14:39.8160890Z OK viewport inválido morde
2026-08-14T13:14:39.8161328Z OK ação desconhecida morde
2026-08-14T13:14:39.8478106Z visreg-sells-lint · 0 problema(s)
2026-08-14T13:14:39.8952639Z ui-impact selftest: sensibilidade, especificidade e fail-closed passaram
2026-08-14T13:14:39.9038677Z ##[group]Run git fetch --no-tags --depth=100 origin "$BASE_SHA"
2026-08-14T13:14:39.9039160Z [36;1mgit fetch --no-tags --depth=100 origin "$BASE_SHA"[0m
2026-08-14T13:14:39.9039734Z [36;1mnode scripts/governance/ui-impact.mjs --base="$BASE_SHA" --head=HEAD --github-output="$GITHUB_OUTPUT"[0m
2026-08-14T13:14:39.9080199Z shell: /usr/bin/bash -e {0}
2026-08-14T13:14:39.9080452Z env:
2026-08-14T13:14:39.9080657Z   VISREG_GRAY_APPROVED: 0
2026-08-14T13:14:39.9080939Z   BASE_SHA: 65e6bb1e58a78ea90ed351c23822873c621304f3
2026-08-14T13:14:39.9081244Z ##[endgroup]
2026-08-14T13:14:40.2483771Z From https://github.com/wagnerra23/oimpresso.com
2026-08-14T13:14:40.2484436Z  * branch              65e6bb1e58a78ea90ed351c23822873c621304f3 -> FETCH_HEAD
2026-08-14T13:14:40.3918507Z {
2026-08-14T13:14:40.3918919Z   "base": "65e6bb1e58a78ea90ed351c23822873c621304f3",
2026-08-14T13:14:40.3919465Z   "diff_base": "65e6bb1e58a78ea90ed351c23822873c621304f3",
2026-08-14T13:14:40.3919916Z   "head": "HEAD",
2026-08-14T13:14:40.3920475Z   "changed_files": 1,
2026-08-14T13:14:40.3920701Z   "visual_required": true,
2026-08-14T13:14:40.3920941Z   "scope": "global",
2026-08-14T13:14:40.3921166Z   "screens": [
2026-08-14T13:14:40.3921366Z     "Sells/CreateV3"
2026-08-14T13:14:40.3921558Z   ],
2026-08-14T13:14:40.3992870Z   "impacted": [
2026-08-14T13:14:40.3993221Z     {
2026-08-14T13:14:40.3993657Z       "path": "resources/js/Pages/Sells/_components/v3/ParcelasDrawer.tsx",
2026-08-14T13:14:40.3994261Z       "scope": "global",
2026-08-14T13:14:40.3994644Z       "reason": "componente-de-page-compartilhado",
2026-08-14T13:14:40.3995027Z       "screens": [
2026-08-14T13:14:40.3995292Z         "Sells/CreateV3"
2026-08-14T13:14:40.3995583Z       ]
2026-08-14T13:14:40.3995758Z     }
2026-08-14T13:14:40.3995934Z   ],
2026-08-14T13:14:40.3996109Z   "covered_screens": [
2026-08-14T13:14:40.3996320Z     "Sells/CreateV3"
2026-08-14T13:14:40.3996569Z   ],
2026-08-14T13:14:40.3996990Z   "uncovered_screens": []
2026-08-14T13:14:40.3997320Z }
2026-08-14T13:14:40.4087991Z ##[group]Run if [ "pull_request" = "workflow_dispatch" ]; then
2026-08-14T13:14:40.4088423Z [36;1mif [ "pull_request" = "workflow_dispatch" ]; then[0m
2026-08-14T13:14:40.4088765Z [36;1m  echo "ui=true" >> "$GITHUB_OUTPUT"[0m
2026-08-14T13:14:40.4089062Z [36;1melse[0m
2026-08-14T13:14:40.4089283Z [36;1m  echo "ui=true" >> "$GITHUB_OUTPUT"[0m
2026-08-14T13:14:40.4089560Z [36;1mfi[0m
2026-08-14T13:14:40.4129724Z shell: /usr/bin/bash -e {0}
2026-08-14T13:14:40.4129984Z env:
2026-08-14T13:14:40.4130189Z   VISREG_GRAY_APPROVED: 0
2026-08-14T13:14:40.4130427Z ##[endgroup]
2026-08-14T13:14:40.4251722Z ##[group]Run shivammathur/setup-php@v2
2026-08-14T13:14:40.4252017Z with:
2026-08-14T13:14:40.4252218Z   php-version: 8.4
2026-08-14T13:14:40.4252492Z   extensions: mbstring, dom, fileinfo, pdo_mysql, gd
2026-08-14T13:14:40.4252802Z   coverage: none
2026-08-14T13:14:40.4253014Z   ini-file: production
2026-08-14T13:14:40.4255712Z   github-token: ***
2026-08-14T13:14:40.4255943Z env:
2026-08-14T13:14:40.4256141Z   VISREG_GRAY_APPROVED: 0
2026-08-14T13:14:40.4256374Z ##[endgroup]
2026-08-14T13:14:40.4705580Z [command]/usr/bin/bash /home/runner/work/_actions/shivammathur/setup-php/v2/src/scripts/run.sh
2026-08-14T13:14:40.5160294Z 
2026-08-14T13:14:40.5161087Z [90;1m==> [0m[37;1mSetup PHP[0m
2026-08-14T13:14:43.5137592Z [32;1m✓ [0m[34;1mPHP [0m[90;1mInstalled PHP 8.4.24[0m
2026-08-14T13:14:43.5138060Z 
2026-08-14T13:14:43.5138307Z [90;1m==> [0m[37;1mSetup Extensions[0m
2026-08-14T13:14:43.5685680Z [32;1m✓ [0m[34;1mmbstring [0m[90;1mEnabled[0m
2026-08-14T13:14:43.5718244Z [32;1m✓ [0m[34;1mdom [0m[90;1mEnabled[0m
2026-08-14T13:14:43.5751777Z [32;1m✓ [0m[34;1mfileinfo [0m[90;1mEnabled[0m
2026-08-14T13:14:43.5769130Z [32;1m✓ [0m[34;1mpdo_mysql [0m[90;1mEnabled[0m
2026-08-14T13:14:43.5802939Z [32;1m✓ [0m[34;1mgd [0m[90;1mEnabled[0m
2026-08-14T13:14:43.5803521Z 
2026-08-14T13:14:43.5804008Z [90;1m==> [0m[37;1mSetup Tools[0m
2026-08-14T13:14:43.8948109Z [32;1m✓ [0m[34;1mcomposer [0m[90;1mAdded composer 2.10.2[0m
2026-08-14T13:14:43.8948813Z 
2026-08-14T13:14:43.8949239Z [90;1m==> [0m[37;1mSetup Coverage[0m
2026-08-14T13:14:44.1382719Z [32;1m✓ [0m[34;1mnone [0m[90;1mDisabled Xdebug and PCOV[0m
2026-08-14T13:14:44.1383217Z 
2026-08-14T13:14:44.1383751Z [90;1m==> [0m[37;1mSponsor setup-php[0m
2026-08-14T13:14:44.1384457Z [32;1m✓ [0m[34;1msetup-php [0m[90;1mhttps://setup-php.com/sponsor[0m
2026-08-14T13:14:44.1567787Z ##[group]Run for i in {1..30}; do
2026-08-14T13:14:44.1568231Z [36;1mfor i in {1..30}; do[0m
2026-08-14T13:14:44.1568701Z [36;1m  if mysqladmin ping -h127.0.0.1 -uroot -proot --silent; then[0m
2026-08-14T13:14:44.1569077Z [36;1m    echo "MySQL ready"[0m
2026-08-14T13:14:44.1569321Z [36;1m    break[0m
2026-08-14T13:14:44.1569525Z [36;1m  fi[0m
2026-08-14T13:14:44.1569737Z [36;1m  echo "Waiting MySQL... $i"[0m
2026-08-14T13:14:44.1569999Z [36;1m  sleep 2[0m
2026-08-14T13:14:44.1570207Z [36;1mdone[0m
2026-08-14T13:14:44.1613709Z shell: /usr/bin/bash -e {0}
2026-08-14T13:14:44.1613982Z env:
2026-08-14T13:14:44.1614189Z   VISREG_GRAY_APPROVED: 0
2026-08-14T13:14:44.1614437Z   COMPOSER_PROCESS_TIMEOUT: 0
2026-08-14T13:14:44.1614687Z   COMPOSER_NO_INTERACTION: 1
2026-08-14T13:14:44.1614924Z   COMPOSER_NO_AUDIT: 1
2026-08-14T13:14:44.1615135Z ##[endgroup]
2026-08-14T13:14:44.2702223Z mysqladmin: [Warning] Using a password on the command line interface can be insecure.
2026-08-14T13:14:44.3039275Z mysqld is alive
2026-08-14T13:14:44.3044929Z MySQL ready
2026-08-14T13:14:44.3108171Z Node 20 is being deprecated. This workflow is running with Node 24 by default. If you need to temporarily use Node 20, you can set the ACTIONS_ALLOW_USE_UNSECURE_NODE_VERSION=true environment variable. For more information see: https://github.blog/changelog/2025-09-19-deprecation-of-node-20-on-github-actions-runners/
2026-08-14T13:14:44.3109387Z ##[group]Run actions/setup-node@v4
2026-08-14T13:14:44.3109644Z with:
2026-08-14T13:14:44.3109867Z   node-version: 22.17.0
2026-08-14T13:14:44.3110096Z   always-auth: false
2026-08-14T13:14:44.3110320Z   check-latest: false
2026-08-14T13:14:44.3112842Z   token: ***
2026-08-14T13:14:44.3113037Z env:
2026-08-14T13:14:44.3113247Z   VISREG_GRAY_APPROVED: 0
2026-08-14T13:14:44.3113490Z   COMPOSER_PROCESS_TIMEOUT: 0
2026-08-14T13:14:44.3113740Z   COMPOSER_NO_INTERACTION: 1
2026-08-14T13:14:44.3113970Z   COMPOSER_NO_AUDIT: 1
2026-08-14T13:14:44.3114194Z ##[endgroup]
2026-08-14T13:14:44.4595182Z Attempting to download 22.17.0...
2026-08-14T13:14:44.4711597Z (node:3453) [DEP0040] DeprecationWarning: The `punycode` module is deprecated. Please use a userland alternative instead.
2026-08-14T13:14:44.4712471Z (Use `node --trace-deprecation ...` to show where the warning was created)
2026-08-14T13:14:45.0959141Z Acquiring 22.17.0 - x64 from https://github.com/actions/node-versions/releases/download/22.17.0-15866718879/node-22.17.0-linux-x64.tar.gz
2026-08-14T13:14:45.4636426Z Extracting ...
2026-08-14T13:14:45.4768364Z [command]/usr/bin/tar xz --strip 1 --warning=no-unknown-keyword --overwrite -C /home/runner/work/_temp/379f7ae5-c318-4df5-aae5-53c2ec2f665b -f /home/runner/work/_temp/38e31849-8c5a-4e13-9409-c5e41a43c30a
2026-08-14T13:14:46.7494206Z Adding to the cache ...
2026-08-14T13:14:48.4272091Z ##[group]Environment details
2026-08-14T13:14:48.6497200Z node: v22.17.0
2026-08-14T13:14:48.6497590Z npm: 10.9.2
2026-08-14T13:14:48.6497890Z yarn: 1.22.22
2026-08-14T13:14:48.6498581Z ##[endgroup]
2026-08-14T13:14:49.8304490Z Node 20 is being deprecated. This workflow is running with Node 24 by default. If you need to temporarily use Node 20, you can set the ACTIONS_ALLOW_USE_UNSECURE_NODE_VERSION=true environment variable. For more information see: https://github.blog/changelog/2025-09-19-deprecation-of-node-20-on-github-actions-runners/
2026-08-14T13:14:49.8305790Z ##[group]Run actions/cache@v4
2026-08-14T13:14:49.8306034Z with:
2026-08-14T13:14:49.8306230Z   path: vendor
2026-08-14T13:14:49.8306619Z   key: Linux-composer-71a90d916ca413693df11af085de895564f3ec9b6003123a47ce1faba311b7f9
2026-08-14T13:14:49.8307449Z   enableCrossOsArchive: false
2026-08-14T13:14:49.8307707Z   fail-on-cache-miss: false
2026-08-14T13:14:49.8307949Z   lookup-only: false
2026-08-14T13:14:49.8308166Z   save-always: false
2026-08-14T13:14:49.8308364Z env:
2026-08-14T13:14:49.8308578Z   VISREG_GRAY_APPROVED: 0
2026-08-14T13:14:49.8308819Z   COMPOSER_PROCESS_TIMEOUT: 0
2026-08-14T13:14:49.8309071Z   COMPOSER_NO_INTERACTION: 1
2026-08-14T13:14:49.8309363Z   COMPOSER_NO_AUDIT: 1
2026-08-14T13:14:49.8309577Z ##[endgroup]
2026-08-14T13:14:49.9384192Z (node:3499) [DEP0040] DeprecationWarning: The `punycode` module is deprecated. Please use a userland alternative instead.
2026-08-14T13:14:49.9385453Z (Use `node --trace-deprecation ...` to show where the warning was created)
2026-08-14T13:14:50.0359639Z Cache not found for input keys: Linux-composer-71a90d916ca413693df11af085de895564f3ec9b6003123a47ce1faba311b7f9
2026-08-14T13:14:51.2283268Z Node 20 is being deprecated. This workflow is running with Node 24 by default. If you need to temporarily use Node 20, you can set the ACTIONS_ALLOW_USE_UNSECURE_NODE_VERSION=true environment variable. For more information see: https://github.blog/changelog/2025-09-19-deprecation-of-node-20-on-github-actions-runners/
2026-08-14T13:14:51.2284700Z ##[group]Run actions/cache@v4
2026-08-14T13:14:51.2284949Z with:
2026-08-14T13:14:51.2285163Z   path: ~/.cache/ms-playwright
2026-08-14T13:14:51.2285724Z   key: ubuntu-24.04-X64-playwright-all-browsers-v1-cbc2130f219d7aa0783d63a6a52fbc0f4355e5a1e441162ea19f084e90876c61
2026-08-14T13:14:51.2286301Z   enableCrossOsArchive: false
2026-08-14T13:14:51.2286550Z   fail-on-cache-miss: false
2026-08-14T13:14:51.2287016Z   lookup-only: false
2026-08-14T13:14:51.2287314Z   save-always: false
2026-08-14T13:14:51.2287516Z env:
2026-08-14T13:14:51.2287709Z   VISREG_GRAY_APPROVED: 0
2026-08-14T13:14:51.2287945Z   COMPOSER_PROCESS_TIMEOUT: 0
2026-08-14T13:14:51.2288234Z   COMPOSER_NO_INTERACTION: 1
2026-08-14T13:14:51.2288476Z   COMPOSER_NO_AUDIT: 1
2026-08-14T13:14:51.2288691Z ##[endgroup]
2026-08-14T13:14:51.3501053Z (node:3523) [DEP0040] DeprecationWarning: The `punycode` module is deprecated. Please use a userland alternative instead.
2026-08-14T13:14:51.3502310Z (Use `node --trace-deprecation ...` to show where the warning was created)
2026-08-14T13:14:51.4723526Z Cache not found for input keys: ubuntu-24.04-X64-playwright-all-browsers-v1-cbc2130f219d7aa0783d63a6a52fbc0f4355e5a1e441162ea19f084e90876c61
2026-08-14T13:14:51.4825024Z ##[group]Run composer install --no-progress --no-interaction --prefer-dist --no-scripts --ignore-platform-req=ext-opentelemetry
2026-08-14T13:14:51.4826448Z [36;1mcomposer install --no-progress --no-interaction --prefer-dist --no-scripts --ignore-platform-req=ext-opentelemetry[0m
2026-08-14T13:14:51.4884250Z shell: /usr/bin/bash -e {0}
2026-08-14T13:14:51.4884524Z env:
2026-08-14T13:14:51.4884733Z   VISREG_GRAY_APPROVED: 0
2026-08-14T13:14:51.4884992Z   COMPOSER_PROCESS_TIMEOUT: 0
2026-08-14T13:14:51.4885259Z   COMPOSER_NO_INTERACTION: 1
2026-08-14T13:14:51.4885496Z   COMPOSER_NO_AUDIT: 1
2026-08-14T13:14:51.4885711Z ##[endgroup]
2026-08-14T13:14:51.6351473Z Installing dependencies from lock file (including require-dev)
2026-08-14T13:14:51.6464135Z Verifying lock file contents can be installed on current platform.
2026-08-14T13:14:51.8132255Z Package operations: 283 installs, 0 updates, 0 removals
2026-08-14T13:14:51.8141566Z   - Downloading php-http/discovery (1.20.0)
2026-08-14T13:14:51.8145965Z   - Downloading pestphp/pest-plugin (v4.0.0)
2026-08-14T13:14:51.8148851Z   - Downloading composer/semver (3.4.4)
2026-08-14T13:14:51.8157976Z   - Downloading tbachert/spi (v1.0.5)
2026-08-14T13:14:51.8158870Z   - Downloading twilio/sdk (5.41.1)
2026-08-14T13:14:51.8159398Z   - Downloading aloha/twilio (4.0.4)
2026-08-14T13:14:51.8159926Z   - Downloading revolt/event-loop (v1.0.8)
2026-08-14T13:14:51.8163114Z   - Downloading symfony/polyfill-ctype (v1.37.0)
2026-08-14T13:14:51.8165703Z   - Downloading daverandom/libdns (v2.1.0)
2026-08-14T13:14:51.8168594Z   - Downloading amphp/serialization (v1.1.0)
2026-08-14T13:14:51.8170760Z   - Downloading amphp/amp (v3.1.1)
2026-08-14T13:14:51.8173097Z   - Downloading amphp/pipeline (v1.2.4)
2026-08-14T13:14:51.8175474Z   - Downloading amphp/sync (v2.3.0)
2026-08-14T13:14:51.8177023Z   - Downloading amphp/parser (v1.1.1)
2026-08-14T13:14:51.8178375Z   - Downloading amphp/byte-stream (v2.1.2)
2026-08-14T13:14:51.8179665Z   - Downloading amphp/process (v2.0.3)
2026-08-14T13:14:51.8180939Z   - Downloading amphp/cache (v2.0.1)
2026-08-14T13:14:51.8182194Z   - Downloading amphp/dns (v2.4.0)
2026-08-14T13:14:51.8183846Z   - Downloading psr/http-message (2.0)
2026-08-14T13:14:51.8185540Z   - Downloading league/uri-interfaces (7.8.1)
2026-08-14T13:14:51.8187000Z   - Downloading psr/http-factory (1.1.0)
2026-08-14T13:14:51.8188801Z   - Downloading league/uri (7.8.1)
2026-08-14T13:14:51.8190017Z   - Downloading league/uri-components (7.8.1)
2026-08-14T13:14:51.8191892Z   - Downloading kelunik/certificate (v1.1.3)
2026-08-14T13:14:51.8193306Z   - Downloading amphp/socket (v2.4.0)
2026-08-14T13:14:51.8195106Z   - Downloading amphp/hpack (v3.2.2)
2026-08-14T13:14:51.8196512Z   - Downloading amphp/http (v2.1.2)
2026-08-14T13:14:51.8198806Z   - Downloading amphp/http-client (v5.3.4)
2026-08-14T13:14:51.8200235Z   - Downloading amphp/websocket (v2.0.4)
2026-08-14T13:14:51.8202645Z   - Downloading automattic/woocommerce (3.1.1)
2026-08-14T13:14:51.8204250Z   - Downloading aws/aws-crt-php (v1.2.7)
2026-08-14T13:14:51.8206495Z   - Downloading voku/portable-ascii (2.1.0)
2026-08-14T13:14:51.8208213Z   - Downloading symfony/polyfill-php80 (v1.37.0)
2026-08-14T13:14:51.8209747Z   - Downloading symfony/polyfill-mbstring (v1.38.1)
2026-08-14T13:14:51.8212069Z   - Downloading phpoption/phpoption (1.9.5)
2026-08-14T13:14:51.8213766Z   - Downloading graham-campbell/result-type (v1.1.4)
2026-08-14T13:14:51.8215994Z   - Downloading vlucas/phpdotenv (v5.6.3)
2026-08-14T13:14:51.8217553Z   - Downloading symfony/css-selector (v8.0.8)
2026-08-14T13:14:51.8220015Z   - Downloading tijsverkoyen/css-to-inline-styles (v2.4.0)
2026-08-14T13:14:51.8221245Z   - Downloading symfony/var-dumper (v8.0.8)
2026-08-14T13:14:51.8222553Z   - Downloading symfony/polyfill-uuid (v1.36.0)
2026-08-14T13:14:51.8237830Z   - Downloading symfony/uid (v8.0.8)
2026-08-14T13:14:51.8238443Z   - Downloading symfony/deprecation-contracts (v3.7.0)
2026-08-14T13:14:51.8239041Z   - Downloading symfony/routing (v8.0.13)
2026-08-14T13:14:51.8239838Z   - Downloading symfony/process (v8.0.8)
2026-08-14T13:14:51.8240387Z   - Downloading symfony/polyfill-php86 (v1.38.0)
2026-08-14T13:14:51.8240973Z   - Downloading symfony/polyfill-php85 (v1.38.1)
2026-08-14T13:14:51.8241502Z   - Downloading symfony/polyfill-php84 (v1.36.0)
2026-08-14T13:14:51.8242108Z   - Downloading symfony/polyfill-intl-normalizer (v1.38.0)
2026-08-14T13:14:51.8242753Z   - Downloading symfony/polyfill-intl-idn (v1.38.1)
2026-08-14T13:14:51.8243314Z   - Downloading symfony/mime (v8.0.13)
2026-08-14T13:14:51.8243786Z   - Downloading psr/container (2.0.2)
2026-08-14T13:14:51.8244333Z   - Downloading symfony/service-contracts (v3.7.0)
2026-08-14T13:14:51.8244889Z   - Downloading psr/event-dispatcher (1.0.0)
2026-08-14T13:14:51.8245521Z   - Downloading symfony/event-dispatcher-contracts (v3.7.0)
2026-08-14T13:14:51.8246149Z   - Downloading symfony/event-dispatcher (v8.0.9)
2026-08-14T13:14:51.8246740Z   - Downloading psr/log (3.0.2)
2026-08-14T13:14:51.8247404Z   - Downloading doctrine/lexer (3.0.1)
2026-08-14T13:14:51.8247907Z   - Downloading egulias/email-validator (4.0.4)
2026-08-14T13:14:51.8248435Z   - Downloading symfony/mailer (v8.0.12)
2026-08-14T13:14:51.8248970Z   - Downloading symfony/http-foundation (v8.0.13)
2026-08-14T13:14:51.8249519Z   - Downloading symfony/error-handler (v8.0.8)
2026-08-14T13:14:51.8250066Z   - Downloading symfony/http-kernel (v8.0.13)
2026-08-14T13:14:51.8250725Z   - Downloading symfony/finder (v7.4.8)
2026-08-14T13:14:51.8251669Z   - Downloading symfony/polyfill-intl-grapheme (v1.38.1)
2026-08-14T13:14:51.8252856Z   - Downloading symfony/string (v8.0.13)
2026-08-14T13:14:51.8253900Z   - Downloading symfony/console (v8.0.8)
2026-08-14T13:14:51.8255305Z   - Downloading ramsey/collection (2.1.1)
2026-08-14T13:14:51.8256611Z   - Downloading brick/math (0.14.8)
2026-08-14T13:14:51.8257968Z   - Downloading ramsey/uuid (4.9.2)
2026-08-14T13:14:51.8259047Z   - Downloading psr/simple-cache (3.0.0)
2026-08-14T13:14:51.8260404Z   - Downloading nunomaduro/termwind (v2.4.0)
2026-08-14T13:14:51.8261393Z   - Downloading symfony/translation-contracts (v3.6.1)
2026-08-14T13:14:51.8262337Z   - Downloading symfony/translation (v8.0.8)
2026-08-14T13:14:51.8263299Z   - Downloading psr/clock (1.0.0)
2026-08-14T13:14:51.8264269Z   - Downloading symfony/clock (v8.0.8)
2026-08-14T13:14:51.8265677Z   - Downloading carbonphp/carbon-doctrine-types (3.2.0)
2026-08-14T13:14:51.8267053Z   - Downloading nesbot/carbon (3.11.4)
2026-08-14T13:14:51.8268654Z   - Downloading monolog/monolog (3.10.0)
2026-08-14T13:14:51.8269690Z   - Downloading league/mime-type-detection (1.16.0)
2026-08-14T13:14:51.8270637Z   - Downloading league/flysystem-local (3.31.0)
2026-08-14T13:14:51.8271557Z   - Downloading league/flysystem (3.33.0)
2026-08-14T13:14:51.8272860Z   - Downloading nette/utils (v4.1.3)
2026-08-14T13:14:51.8273819Z   - Downloading nette/schema (v1.3.5)
2026-08-14T13:14:51.8275133Z   - Downloading dflydev/dot-access-data (v3.0.3)
2026-08-14T13:14:51.8276033Z   - Downloading league/config (v1.2.0)
2026-08-14T13:14:51.8277120Z   - Downloading league/commonmark (2.8.2)
2026-08-14T13:14:51.8278782Z   - Downloading laravel/serializable-closure (v2.0.12)
2026-08-14T13:14:51.8279778Z   - Downloading laravel/prompts (v0.3.17)
2026-08-14T13:14:51.8281157Z   - Downloading guzzlehttp/uri-template (v1.0.5)
2026-08-14T13:14:51.8282109Z   - Downloading guzzlehttp/promises (2.5.1)
2026-08-14T13:14:51.8283076Z   - Downloading psr/http-client (1.0.3)
2026-08-14T13:14:51.8284383Z   - Downloading ralouphie/getallheaders (3.0.3)
2026-08-14T13:14:51.8285376Z   - Downloading guzzlehttp/psr7 (2.13.0)
2026-08-14T13:14:51.8286313Z   - Downloading guzzlehttp/guzzle (7.15.1)
2026-08-14T13:14:51.8288202Z   - Downloading fruitcake/php-cors (v1.4.0)
2026-08-14T13:14:51.8290043Z   - Downloading dragonmantank/cron-expression (v3.6.0)
2026-08-14T13:14:51.8291158Z   - Downloading doctrine/inflector (2.1.0)
2026-08-14T13:14:51.8293633Z   - Downloading laravel/framework (v13.22.0)
2026-08-14T13:14:51.8295676Z   - Downloading masterminds/html5 (2.10.0)
2026-08-14T13:14:51.8297271Z   - Downloading thecodingmachine/safe (v3.4.0)
2026-08-14T13:14:51.8299196Z   - Downloading sabberworm/php-css-parser (v9.3.0)
2026-08-14T13:14:51.8301076Z   - Downloading dompdf/php-svg-lib (1.0.2)
2026-08-14T13:14:51.8302316Z   - Downloading dompdf/php-font-lib (1.0.2)
2026-08-14T13:14:51.8303529Z   - Downloading dompdf/dompdf (v3.1.5)
2026-08-14T13:14:51.8305539Z   - Downloading barryvdh/laravel-dompdf (v3.1.2)
2026-08-14T13:14:51.8307392Z   - Downloading sebastian/environment (8.1.0)
2026-08-14T13:14:51.8309300Z   - Downloading staabm/side-effects-detector (1.0.5)
2026-08-14T13:14:51.8310458Z   - Downloading sebastian/version (6.0.0)
2026-08-14T13:14:51.8311738Z   - Downloading sebastian/type (6.0.3)
2026-08-14T13:14:51.8313082Z   - Downloading sebastian/recursion-context (7.0.1)
2026-08-14T13:14:51.8314394Z   - Downloading sebastian/object-reflector (5.0.0)
2026-08-14T13:14:51.8315636Z   - Downloading sebastian/object-enumerator (7.0.0)
2026-08-14T13:14:51.8316985Z   - Downloading sebastian/global-state (8.0.2)
2026-08-14T13:14:51.8318308Z   - Downloading sebastian/exporter (7.0.2)
2026-08-14T13:14:51.8319545Z   - Downloading sebastian/diff (7.0.0)
2026-08-14T13:14:51.8320841Z   - Downloading sebastian/comparator (7.1.6)
2026-08-14T13:14:51.8322093Z   - Downloading sebastian/cli-parser (4.2.0)
2026-08-14T13:14:51.8323951Z   - Downloading phpunit/php-timer (8.0.0)
2026-08-14T13:14:51.8325173Z   - Downloading phpunit/php-text-template (5.0.0)
2026-08-14T13:14:51.8326360Z   - Downloading phpunit/php-invoker (6.0.0)
2026-08-14T13:14:51.8327873Z   - Downloading phpunit/php-file-iterator (6.0.1)
2026-08-14T13:14:51.8329650Z   - Downloading theseer/tokenizer (2.0.1)
2026-08-14T13:14:51.8331322Z   - Downloading nikic/php-parser (v5.7.0)
2026-08-14T13:14:51.8332549Z   - Downloading sebastian/lines-of-code (4.0.0)
2026-08-14T13:14:51.8333801Z   - Downloading sebastian/complexity (5.0.0)
2026-08-14T13:14:51.8335060Z   - Downloading phpunit/php-code-coverage (12.5.6)
2026-08-14T13:14:51.8336925Z   - Downloading phar-io/version (3.2.1)
2026-08-14T13:14:51.8338155Z   - Downloading phar-io/manifest (2.0.4)
2026-08-14T13:14:51.8339979Z   - Downloading myclabs/deep-copy (1.13.4)
2026-08-14T13:14:51.8341125Z   - Downloading phpunit/phpunit (12.5.23)
2026-08-14T13:14:51.8343168Z   - Downloading jean85/pretty-package-versions (2.1.1)
2026-08-14T13:14:51.8344946Z   - Downloading fidry/cpu-core-counter (1.3.0)
2026-08-14T13:14:51.8347343Z   - Downloading brianium/paratest (v7.20.0)
2026-08-14T13:14:51.8348862Z   - Downloading chillerlan/php-settings-container (3.3.0)
2026-08-14T13:14:51.8350730Z   - Downloading clue/redis-protocol (v0.3.2)
2026-08-14T13:14:51.8355305Z   - Downloading balping/json-raw-encoder (v1.0.2)
2026-08-14T13:14:51.8357328Z   - Downloading consoletvs/charts (6.9.0)
2026-08-14T13:14:51.8359418Z   - Downloading setasign/fpdf (1.8.6)
2026-08-14T13:14:51.8361320Z   - Downloading neitanod/forceutf8 (v2.0.4)
2026-08-14T13:14:51.8363318Z   - Downloading eduardokum/laravel-mail-auto-embed (dev-master eab2c5e)
2026-08-14T13:14:51.8364585Z   - Downloading chillerlan/php-qrcode (5.0.5)
2026-08-14T13:14:51.8367295Z   - Downloading giggsey/locale (2.9.0)
2026-08-14T13:14:51.8369255Z   - Downloading giggsey/libphonenumber-for-php (8.13.55)
2026-08-14T13:14:51.8370459Z   - Downloading graham-campbell/guzzle-factory (v7.0.3)
2026-08-14T13:14:51.8372763Z   - Downloading growthbook/growthbook (v2.0.0)
2026-08-14T13:14:51.8374998Z   - Downloading inertiajs/inertia-laravel (v3.0.6)
2026-08-14T13:14:51.8376260Z   - Downloading symfony/yaml (v8.0.13)
2026-08-14T13:14:51.8378031Z   - Downloading symfony/var-exporter (v8.0.8)
2026-08-14T13:14:51.8380304Z   - Downloading shalvah/upgrader (0.6.0)
2026-08-14T13:14:51.8382240Z   - Downloading parsedown/parsedown (1.8.0)
2026-08-14T13:14:51.8384446Z   - Downloading filp/whoops (2.18.4)
2026-08-14T13:14:51.8385692Z   - Downloading nunomaduro/collision (v8.9.4)
2026-08-14T13:14:51.8388493Z   - Downloading mpociot/reflection-docblock (1.0.1)
2026-08-14T13:14:51.8390101Z   - Downloading fakerphp/faker (v1.24.1)
2026-08-14T13:14:51.8392370Z   - Downloading knuckleswtf/scribe (5.9.0)
2026-08-14T13:14:51.8394216Z   - Downloading phpstan/phpstan (2.2.0)
2026-08-14T13:14:51.8396449Z   - Downloading iamcal/sql-parser (v0.7)
2026-08-14T13:14:51.8398793Z   - Downloading larastan/larastan (v3.10.0)
2026-08-14T13:14:51.8400162Z   - Downloading symfony/filesystem (v8.0.8)
2026-08-14T13:14:51.8402551Z   - Downloading mtdowling/jmespath.php (2.9.2)
2026-08-14T13:14:51.8403713Z   - Downloading aws/aws-sdk-php (3.379.7)
2026-08-14T13:14:51.8405203Z   - Downloading laravel/ai (v0.10.1)
2026-08-14T13:14:51.8406578Z   - Downloading laravel/roster (v0.5.1)
2026-08-14T13:14:51.8408224Z   - Downloading laravel/mcp (v0.9.1)
2026-08-14T13:14:51.8409724Z   - Downloading laravel/boost (v2.4.13)
2026-08-14T13:14:51.8411244Z   - Downloading symfony/polyfill-php83 (v1.38.1)
2026-08-14T13:14:51.8412551Z   - Downloading laravel/sentinel (v1.1.0)
2026-08-14T13:14:51.8413976Z   - Downloading laravel/horizon (v5.46.0)
2026-08-14T13:14:51.8415426Z   - Downloading laravel/legacy-factories (v1.4.2)
2026-08-14T13:14:51.8417188Z   - Downloading symfony/psr-http-message-bridge (v8.0.8)
2026-08-14T13:14:51.8419596Z   - Downloading laminas/laminas-diactoros (3.8.0)
2026-08-14T13:14:51.8420758Z   - Downloading laravel/octane (v2.17.3)
2026-08-14T13:14:51.8422230Z   - Downloading laravel/pail (v1.2.6)
2026-08-14T13:14:51.8424531Z   - Downloading nyholm/psr7 (1.8.2)
2026-08-14T13:14:51.8426612Z   - Downloading paragonie/random_compat (v9.99.100)
2026-08-14T13:14:51.8428098Z   - Downloading paragonie/constant_time_encoding (v3.1.3)
2026-08-14T13:14:51.8430369Z   - Downloading phpseclib/phpseclib (3.0.52)
2026-08-14T13:14:51.8431701Z   - Downloading psr/http-server-handler (1.0.2)
2026-08-14T13:14:51.8433139Z   - Downloading psr/http-server-middleware (1.0.2)
2026-08-14T13:14:51.8434494Z   - Downloading league/event (3.0.3)
2026-08-14T13:14:51.8436958Z   - Downloading lcobucci/jwt (5.6.0)
2026-08-14T13:14:51.8439535Z   - Downloading lcobucci/clock (3.6.0)
2026-08-14T13:14:51.8441966Z   - Downloading defuse/php-encryption (v2.4.0)
2026-08-14T13:14:51.8443118Z   - Downloading league/oauth2-server (9.3.0)
2026-08-14T13:14:51.8445443Z   - Downloading firebase/php-jwt (v7.0.5)
2026-08-14T13:14:51.8446747Z   - Downloading laravel/passport (v13.7.5)
2026-08-14T13:14:51.8449503Z   - Downloading react/event-loop (v1.6.0)
2026-08-14T13:14:51.8451459Z   - Downloading evenement/evenement (v3.0.2)
2026-08-14T13:14:51.8452781Z   - Downloading react/stream (v1.4.0)
2026-08-14T13:14:51.8454159Z   - Downloading react/promise (v3.3.0)
2026-08-14T13:14:51.8455561Z   - Downloading react/cache (v1.2.0)
2026-08-14T13:14:51.8457087Z   - Downloading react/dns (v1.14.0)
2026-08-14T13:14:51.8458525Z   - Downloading react/socket (v1.17.0)
2026-08-14T13:14:51.8459960Z   - Downloading react/promise-timer (v1.11.0)
2026-08-14T13:14:51.8462318Z   - Downloading ratchet/rfc6455 (v0.4.0)
2026-08-14T13:14:51.8463602Z   - Downloading paragonie/sodium_compat (v2.5.0)
2026-08-14T13:14:51.8465950Z   - Downloading pusher/pusher-php-server (7.2.7)
2026-08-14T13:14:51.8467261Z   - Downloading clue/redis-react (v2.8.0)
2026-08-14T13:14:51.8468745Z   - Downloading laravel/reverb (v1.10.0)
2026-08-14T13:14:51.8470161Z   - Downloading laravel/scout (v11.1.0)
2026-08-14T13:14:51.8471653Z   - Downloading laravel/telescope (v5.20.0)
2026-08-14T13:14:51.8473968Z   - Downloading psy/psysh (v0.12.22)
2026-08-14T13:14:51.8475163Z   - Downloading laravel/tinker (v3.0.2)
2026-08-14T13:14:51.8476585Z   - Downloading laravel/ui (v4.6.3)
2026-08-14T13:14:51.8478321Z   - Downloading phpstan/phpdoc-parser (2.3.2)
2026-08-14T13:14:51.8479686Z   - Downloading laravel/wayfinder (v0.1.20)
2026-08-14T13:14:51.8481080Z   - Downloading league/flysystem-aws-s3-v3 (3.32.0)
2026-08-14T13:14:51.8483451Z   - Downloading markbaker/matrix (3.0.1)
2026-08-14T13:14:51.8484546Z   - Downloading markbaker/complex (3.0.2)
2026-08-14T13:14:51.8487327Z   - Downloading maennchen/zipstream-php (3.2.2)
2026-08-14T13:14:51.8489046Z   - Downloading ezyang/htmlpurifier (v4.19.0)
2026-08-14T13:14:51.8490441Z   - Downloading composer/pcre (3.3.2)
2026-08-14T13:14:51.8492743Z   - Downloading phpoffice/phpspreadsheet (1.30.4)
2026-08-14T13:14:51.8494804Z   - Downloading maatwebsite/excel (3.1.68)
2026-08-14T13:14:51.8496096Z   - Downloading symfony/polyfill-php81 (v1.38.1)
2026-08-14T13:14:51.8498667Z   - Downloading meilisearch/meilisearch-php (v1.16.1)
2026-08-14T13:14:51.8500672Z   - Downloading milon/barcode (v13.1)
2026-08-14T13:14:51.8502863Z   - Downloading hamcrest/hamcrest-php (v2.1.1)
2026-08-14T13:14:51.8504810Z   - Downloading mockery/mockery (1.6.12)
2026-08-14T13:14:51.8506184Z   - Downloading setasign/fpdi (v2.6.7)
2026-08-14T13:14:51.8508845Z   - Downloading mpdf/psr-log-aware-trait (v3.0.0)
2026-08-14T13:14:51.8509987Z   - Downloading mpdf/psr-http-message-shim (v2.0.1)
2026-08-14T13:14:51.8511258Z   - Downloading mpdf/mpdf (v8.3.1)
2026-08-14T13:14:51.8513511Z   - Syncing myfatoorah/library (2.2.9) into cache
2026-08-14T13:14:52.3334545Z   - Syncing myfatoorah/laravel-package (2.2.6) into cache
2026-08-14T13:14:52.6231601Z   - Downloading tecnickcom/tc-lib-color (1.14.39)
2026-08-14T13:14:52.6232303Z   - Downloading tecnickcom/tc-lib-barcode (1.18.4)
2026-08-14T13:14:52.6234543Z   - Downloading nfephp-org/sped-common (v5.1.17)
2026-08-14T13:14:52.6235820Z   - Downloading nfephp-org/sped-da (v1.1.6)
2026-08-14T13:14:52.6237628Z   - Downloading nfephp-org/sped-gtin (v1.1.2)
2026-08-14T13:14:52.6240062Z   - Downloading justinrainbow/json-schema (5.3.4)
2026-08-14T13:14:52.6241437Z   - Downloading nfephp-org/sped-nfe (dev-master e075ec4)
2026-08-14T13:14:52.6243720Z   - Downloading nwidart/laravel-modules (10.0.6)
2026-08-14T13:14:52.6245172Z   - Downloading symfony/polyfill-php82 (v1.37.0)
2026-08-14T13:14:52.6247874Z   - Downloading open-telemetry/sem-conv (1.38.0)
2026-08-14T13:14:52.6249358Z   - Downloading open-telemetry/context (1.5.0)
2026-08-14T13:14:52.6250884Z   - Downloading open-telemetry/api (1.9.0)
2026-08-14T13:14:52.6252341Z   - Downloading nyholm/psr7-server (1.1.0)
2026-08-14T13:14:52.6253770Z   - Downloading open-telemetry/sdk (1.14.0)
2026-08-14T13:14:52.6256094Z   - Downloading google/protobuf (v4.33.6)
2026-08-14T13:14:52.6257811Z   - Downloading open-telemetry/gen-otlp-protobuf (1.9.0)
2026-08-14T13:14:52.6259376Z   - Downloading open-telemetry/exporter-otlp (1.4.0)
2026-08-14T13:14:52.6260875Z   - Downloading open-telemetry/opentelemetry-auto-laravel (1.7.0)
2026-08-14T13:14:52.6262769Z   - Downloading webmozart/assert (2.4.0)
2026-08-14T13:14:52.6265117Z   - Downloading phpdocumentor/reflection-common (2.2.0)
2026-08-14T13:14:52.6266472Z   - Downloading doctrine/deprecations (1.1.6)
2026-08-14T13:14:52.6268188Z   - Downloading phpdocumentor/type-resolver (2.0.0)
2026-08-14T13:14:52.6269670Z   - Downloading phpdocumentor/reflection-docblock (6.0.3)
2026-08-14T13:14:52.6272025Z   - Downloading ta-tikoma/phpunit-architecture-test (0.8.7)
2026-08-14T13:14:52.6273327Z   - Downloading pestphp/pest-plugin-arch (v4.0.2)
2026-08-14T13:14:52.6274777Z   - Downloading pestphp/pest-plugin-profanity (v4.2.1)
2026-08-14T13:14:52.6276197Z   - Downloading pestphp/pest-plugin-mutate (v4.0.1)
2026-08-14T13:14:52.6277868Z   - Downloading pestphp/pest (v4.6.3)
2026-08-14T13:14:52.6279350Z   - Downloading amphp/websocket-client (v2.0.2)
2026-08-14T13:14:52.6280749Z   - Downloading amphp/http-server (v3.4.5)
2026-08-14T13:14:52.6282243Z   - Downloading pestphp/pest-plugin-browser (v4.3.1)
2026-08-14T13:14:52.6283677Z   - Downloading pestphp/pest-plugin-laravel (v4.1.0)
2026-08-14T13:14:52.6285895Z   - Downloading rmccue/requests (v2.0.17)
2026-08-14T13:14:52.6288354Z   - Downloading razorpay/razorpay (2.9.2)
2026-08-14T13:14:52.6302022Z   - Downloading symfony/options-resolver (v8.0.8)
2026-08-14T13:14:52.6302622Z   - Downloading sentry/sentry (4.25.0)
2026-08-14T13:14:52.6303143Z   - Downloading sentry/sentry-laravel (4.25.0)
2026-08-14T13:14:52.6303975Z   - Downloading spatie/error-solutions (1.1.3)
2026-08-14T13:14:52.6304539Z   - Downloading spatie/backtrace (1.8.2)
2026-08-14T13:14:52.6305088Z   - Downloading spatie/flare-client-php (1.11.0)
2026-08-14T13:14:52.6305626Z   - Downloading spatie/dropbox-api (1.24.0)
2026-08-14T13:14:52.6306173Z   - Downloading spatie/flysystem-dropbox (2.0.6)
2026-08-14T13:14:52.6306764Z   - Downloading spatie/laravel-package-tools (1.93.0)
2026-08-14T13:14:52.6307567Z   - Downloading spatie/laravel-activitylog (4.12.3)
2026-08-14T13:14:52.6308193Z   - Downloading spatie/temporary-directory (2.3.1)
2026-08-14T13:14:52.6308823Z   - Downloading spatie/laravel-signal-aware-command (2.1.2)
2026-08-14T13:14:52.6309484Z   - Downloading spatie/db-dumper (4.1.0)
2026-08-14T13:14:52.6310998Z   - Downloading spatie/laravel-backup (10.2.1)
2026-08-14T13:14:52.6312339Z   - Downloading spatie/laravel-html (3.13.0)
2026-08-14T13:14:52.6313932Z   - Downloading spatie/ignition (1.16.0)
2026-08-14T13:14:52.6315333Z   - Downloading spatie/laravel-ignition (2.12.0)
2026-08-14T13:14:52.6316734Z   - Downloading spatie/laravel-permission (6.25.0)
2026-08-14T13:14:52.6319233Z   - Downloading srmklive/paypal (3.1.1)
2026-08-14T13:14:52.6321429Z   - Downloading stripe/stripe-php (v7.128.0)
2026-08-14T13:14:52.6323552Z   - Downloading tightenco/ziggy (v2.6.2)
2026-08-14T13:14:52.6325832Z   - Downloading yajra/laravel-datatables-oracle (v13.0)
2026-08-14T13:14:57.8808989Z   - Installing php-http/discovery (1.20.0): Extracting archive
2026-08-14T13:14:57.9524773Z   - Installing pestphp/pest-plugin (v4.0.0): Extracting archive
2026-08-14T13:14:57.9591169Z   - Installing composer/semver (3.4.4): Extracting archive
2026-08-14T13:14:57.9667124Z   - Installing tbachert/spi (v1.0.5): Extracting archive
2026-08-14T13:14:57.9733388Z   - Installing twilio/sdk (5.41.1): Extracting archive
2026-08-14T13:14:57.9738970Z   - Installing aloha/twilio (4.0.4): Extracting archive
2026-08-14T13:14:57.9744956Z   - Installing revolt/event-loop (v1.0.8): Extracting archive
2026-08-14T13:14:57.9751002Z   - Installing symfony/polyfill-ctype (v1.37.0): Extracting archive
2026-08-14T13:14:57.9767614Z   - Installing daverandom/libdns (v2.1.0): Extracting archive
2026-08-14T13:14:57.9807724Z   - Installing amphp/serialization (v1.1.0): Extracting archive
2026-08-14T13:14:57.9815709Z   - Installing amphp/amp (v3.1.1): Extracting archive
2026-08-14T13:14:57.9837756Z   - Installing amphp/pipeline (v1.2.4): Extracting archive
2026-08-14T13:14:57.9838447Z   - Installing amphp/sync (v2.3.0): Extracting archive
2026-08-14T13:14:57.9839363Z   - Installing amphp/parser (v1.1.1): Extracting archive
2026-08-14T13:14:57.9846195Z   - Installing amphp/byte-stream (v2.1.2): Extracting archive
2026-08-14T13:14:57.9886993Z   - Installing amphp/process (v2.0.3): Extracting archive
2026-08-14T13:14:57.9908213Z   - Installing amphp/cache (v2.0.1): Extracting archive
2026-08-14T13:14:57.9909156Z   - Installing amphp/dns (v2.4.0): Extracting archive
2026-08-14T13:14:57.9933802Z   - Installing psr/http-message (2.0): Extracting archive
2026-08-14T13:14:57.9934574Z   - Installing league/uri-interfaces (7.8.1): Extracting archive
2026-08-14T13:14:57.9935182Z   - Installing psr/http-factory (1.1.0): Extracting archive
2026-08-14T13:14:57.9935580Z   - Installing league/uri (7.8.1): Extracting archive
2026-08-14T13:14:57.9935997Z   - Installing league/uri-components (7.8.1): Extracting archive
2026-08-14T13:14:57.9936442Z   - Installing kelunik/certificate (v1.1.3): Extracting archive
2026-08-14T13:14:57.9937107Z   - Installing amphp/socket (v2.4.0): Extracting archive
2026-08-14T13:14:58.0007918Z   - Installing amphp/hpack (v3.2.2): Extracting archive
2026-08-14T13:14:58.0027718Z   - Installing amphp/http (v2.1.2): Extracting archive
2026-08-14T13:14:58.0028407Z   - Installing amphp/http-client (v5.3.4): Extracting archive
2026-08-14T13:14:58.0029070Z   - Installing amphp/websocket (v2.0.4): Extracting archive
2026-08-14T13:14:58.0029739Z   - Installing automattic/woocommerce (3.1.1): Extracting archive
2026-08-14T13:14:58.0030629Z   - Installing aws/aws-crt-php (v1.2.7): Extracting archive
2026-08-14T13:14:58.0031276Z   - Installing voku/portable-ascii (2.1.0): Extracting archive
2026-08-14T13:14:58.0031955Z   - Installing symfony/polyfill-php80 (v1.37.0): Extracting archive
2026-08-14T13:14:58.0032652Z   - Installing symfony/polyfill-mbstring (v1.38.1): Extracting archive
2026-08-14T13:14:58.0033314Z   - Installing phpoption/phpoption (1.9.5): Extracting archive
2026-08-14T13:14:58.0034016Z   - Installing graham-campbell/result-type (v1.1.4): Extracting archive
2026-08-14T13:14:58.0034683Z   - Installing vlucas/phpdotenv (v5.6.3): Extracting archive
2026-08-14T13:14:58.0035353Z   - Installing symfony/css-selector (v8.0.8): Extracting archive
2026-08-14T13:14:58.0036094Z   - Installing tijsverkoyen/css-to-inline-styles (v2.4.0): Extracting archive
2026-08-14T13:14:58.0037358Z   - Installing symfony/var-dumper (v8.0.8): Extracting archive
2026-08-14T13:14:58.0038159Z   - Installing symfony/polyfill-uuid (v1.36.0): Extracting archive
2026-08-14T13:14:58.0038838Z   - Installing symfony/uid (v8.0.8): Extracting archive
2026-08-14T13:14:58.0039646Z   - Installing symfony/deprecation-contracts (v3.7.0): Extracting archive
2026-08-14T13:14:58.0040575Z   - Installing symfony/routing (v8.0.13): Extracting archive
2026-08-14T13:14:58.0041225Z   - Installing symfony/process (v8.0.8): Extracting archive
2026-08-14T13:14:58.0041949Z   - Installing symfony/polyfill-php86 (v1.38.0): Extracting archive
2026-08-14T13:14:58.0042683Z   - Installing symfony/polyfill-php85 (v1.38.1): Extracting archive
2026-08-14T13:14:58.0043404Z   - Installing symfony/polyfill-php84 (v1.36.0): Extracting archive
2026-08-14T13:14:58.0044198Z   - Installing symfony/polyfill-intl-normalizer (v1.38.0): Extracting archive
2026-08-14T13:14:58.0045024Z   - Installing symfony/polyfill-intl-idn (v1.38.1): Extracting archive
2026-08-14T13:14:58.0045731Z   - Installing symfony/mime (v8.0.13): Extracting archive
2026-08-14T13:14:58.0046333Z   - Installing psr/container (2.0.2): Extracting archive
2026-08-14T13:14:58.0047186Z   - Installing symfony/service-contracts (v3.7.0): Extracting archive
2026-08-14T13:14:58.0047923Z   - Installing psr/event-dispatcher (1.0.0): Extracting archive
2026-08-14T13:14:58.0048709Z   - Installing symfony/event-dispatcher-contracts (v3.7.0): Extracting archive
2026-08-14T13:14:58.0067795Z   - Installing symfony/event-dispatcher (v8.0.9): Extracting archive
2026-08-14T13:14:58.0097590Z   - Installing psr/log (3.0.2): Extracting archive
2026-08-14T13:14:58.0107705Z   - Installing doctrine/lexer (3.0.1): Extracting archive
2026-08-14T13:14:58.0108187Z   - Installing egulias/email-validator (4.0.4): Extracting archive
2026-08-14T13:14:58.0108631Z   - Installing symfony/mailer (v8.0.12): Extracting archive
2026-08-14T13:14:58.0109079Z   - Installing symfony/http-foundation (v8.0.13): Extracting archive
2026-08-14T13:14:58.0109543Z   - Installing symfony/error-handler (v8.0.8): Extracting archive
2026-08-14T13:14:58.0109997Z   - Installing symfony/http-kernel (v8.0.13): Extracting archive
2026-08-14T13:14:58.0110628Z   - Installing symfony/finder (v7.4.8): Extracting archive
2026-08-14T13:14:58.0111407Z   - Installing symfony/polyfill-intl-grapheme (v1.38.1): Extracting archive
2026-08-14T13:14:58.0112078Z   - Installing symfony/string (v8.0.13): Extracting archive
2026-08-14T13:14:58.0112725Z   - Installing symfony/console (v8.0.8): Extracting archive
2026-08-14T13:14:58.0113376Z   - Installing ramsey/collection (2.1.1): Extracting archive
2026-08-14T13:14:58.0113998Z   - Installing brick/math (0.14.8): Extracting archive
2026-08-14T13:14:58.0114597Z   - Installing ramsey/uuid (4.9.2): Extracting archive
2026-08-14T13:14:58.0115229Z   - Installing psr/simple-cache (3.0.0): Extracting archive
2026-08-14T13:14:58.0115902Z   - Installing nunomaduro/termwind (v2.4.0): Extracting archive
2026-08-14T13:14:58.0116660Z   - Installing symfony/translation-contracts (v3.6.1): Extracting archive
2026-08-14T13:14:58.0117460Z   - Installing symfony/translation (v8.0.8): Extracting archive
2026-08-14T13:14:58.0118297Z   - Installing psr/clock (1.0.0): Extracting archive
2026-08-14T13:14:58.0118871Z   - Installing symfony/clock (v8.0.8): Extracting archive
2026-08-14T13:14:58.0119625Z   - Installing carbonphp/carbon-doctrine-types (3.2.0): Extracting archive
2026-08-14T13:14:58.0120287Z   - Installing nesbot/carbon (3.11.4): Extracting archive
2026-08-14T13:14:58.0120935Z   - Installing monolog/monolog (3.10.0): Extracting archive
2026-08-14T13:14:58.0121656Z   - Installing league/mime-type-detection (1.16.0): Extracting archive
2026-08-14T13:14:58.0122354Z   - Installing league/flysystem-local (3.31.0): Extracting archive
2026-08-14T13:14:58.0123032Z   - Installing league/flysystem (3.33.0): Extracting archive
2026-08-14T13:14:58.0123646Z   - Installing nette/utils (v4.1.3): Extracting archive
2026-08-14T13:14:58.0124270Z   - Installing nette/schema (v1.3.5): Extracting archive
2026-08-14T13:14:58.0124952Z   - Installing dflydev/dot-access-data (v3.0.3): Extracting archive
2026-08-14T13:14:58.0125604Z   - Installing league/config (v1.2.0): Extracting archive
2026-08-14T13:14:58.0126241Z   - Installing league/commonmark (2.8.2): Extracting archive
2026-08-14T13:14:58.0127097Z   - Installing laravel/serializable-closure (v2.0.12): Extracting archive
2026-08-14T13:14:58.0127781Z   - Installing laravel/prompts (v0.3.17): Extracting archive
2026-08-14T13:14:58.0128476Z   - Installing guzzlehttp/uri-template (v1.0.5): Extracting archive
2026-08-14T13:14:58.0129133Z   - Installing guzzlehttp/promises (2.5.1): Extracting archive
2026-08-14T13:14:58.0130110Z   - Installing psr/http-client (1.0.3): Extracting archive
2026-08-14T13:14:58.0132300Z   - Installing ralouphie/getallheaders (3.0.3): Extracting archive
2026-08-14T13:14:58.0134520Z   - Installing guzzlehttp/psr7 (2.13.0): Extracting archive
2026-08-14T13:14:58.0136700Z   - Installing guzzlehttp/guzzle (7.15.1): Extracting archive
2026-08-14T13:14:58.0139380Z   - Installing fruitcake/php-cors (v1.4.0): Extracting archive
2026-08-14T13:14:58.0141497Z   - Installing dragonmantank/cron-expression (v3.6.0): Extracting archive
2026-08-14T13:14:58.0143705Z   - Installing doctrine/inflector (2.1.0): Extracting archive
2026-08-14T13:14:58.0145958Z   - Installing laravel/framework (v13.22.0): Extracting archive
2026-08-14T13:14:58.0148314Z   - Installing masterminds/html5 (2.10.0): Extracting archive
2026-08-14T13:14:58.0150585Z   - Installing thecodingmachine/safe (v3.4.0): Extracting archive
2026-08-14T13:14:58.0152789Z   - Installing sabberworm/php-css-parser (v9.3.0): Extracting archive
2026-08-14T13:14:58.0154960Z   - Installing dompdf/php-svg-lib (1.0.2): Extracting archive
2026-08-14T13:14:58.0167736Z   - Installing dompdf/php-font-lib (1.0.2): Extracting archive
2026-08-14T13:14:58.0187611Z   - Installing dompdf/dompdf (v3.1.5): Extracting archive
2026-08-14T13:14:58.0217727Z   - Installing barryvdh/laravel-dompdf (v3.1.2): Extracting archive
2026-08-14T13:14:58.0227702Z   - Installing sebastian/environment (8.1.0): Extracting archive
2026-08-14T13:14:58.0228249Z   - Installing staabm/side-effects-detector (1.0.5): Extracting archive
2026-08-14T13:14:58.0228939Z   - Installing sebastian/version (6.0.0): Extracting archive
2026-08-14T13:14:58.0229580Z   - Installing sebastian/type (6.0.3): Extracting archive
2026-08-14T13:14:58.0230311Z   - Installing sebastian/recursion-context (7.0.1): Extracting archive
2026-08-14T13:14:58.0231032Z   - Installing sebastian/object-reflector (5.0.0): Extracting archive
2026-08-14T13:14:58.0231766Z   - Installing sebastian/object-enumerator (7.0.0): Extracting archive
2026-08-14T13:14:58.0232463Z   - Installing sebastian/global-state (8.0.2): Extracting archive
2026-08-14T13:14:58.0233129Z   - Installing sebastian/exporter (7.0.2): Extracting archive
2026-08-14T13:14:58.0233748Z   - Installing sebastian/diff (7.0.0): Extracting archive
2026-08-14T13:14:58.0234418Z   - Installing sebastian/comparator (7.1.6): Extracting archive
2026-08-14T13:14:58.0235093Z   - Installing sebastian/cli-parser (4.2.0): Extracting archive
2026-08-14T13:14:58.0235989Z   - Installing phpunit/php-timer (8.0.0): Extracting archive
2026-08-14T13:14:58.0236660Z   - Installing phpunit/php-text-template (5.0.0): Extracting archive
2026-08-14T13:14:58.0237450Z   - Installing phpunit/php-invoker (6.0.0): Extracting archive
2026-08-14T13:14:58.0238170Z   - Installing phpunit/php-file-iterator (6.0.1): Extracting archive
2026-08-14T13:14:58.0238819Z   - Installing theseer/tokenizer (2.0.1): Extracting archive
2026-08-14T13:14:58.0239462Z   - Installing nikic/php-parser (v5.7.0): Extracting archive
2026-08-14T13:14:58.0240149Z   - Installing sebastian/lines-of-code (4.0.0): Extracting archive
2026-08-14T13:14:58.0240818Z   - Installing sebastian/complexity (5.0.0): Extracting archive
2026-08-14T13:14:58.0241535Z   - Installing phpunit/php-code-coverage (12.5.6): Extracting archive
2026-08-14T13:14:58.0242176Z   - Installing phar-io/version (3.2.1): Extracting archive
2026-08-14T13:14:58.0242827Z   - Installing phar-io/manifest (2.0.4): Extracting archive
2026-08-14T13:14:58.0243483Z   - Installing myclabs/deep-copy (1.13.4): Extracting archive
2026-08-14T13:14:58.0244131Z   - Installing phpunit/phpunit (12.5.23): Extracting archive
2026-08-14T13:14:58.0244887Z   - Installing jean85/pretty-package-versions (2.1.1): Extracting archive
2026-08-14T13:14:58.0245581Z   - Installing fidry/cpu-core-counter (1.3.0): Extracting archive
2026-08-14T13:14:58.0246252Z   - Installing brianium/paratest (v7.20.0): Extracting archive
2026-08-14T13:14:58.0247172Z   - Installing chillerlan/php-settings-container (3.3.0): Extracting archive
2026-08-14T13:14:58.0247901Z   - Installing clue/redis-protocol (v0.3.2): Extracting archive
2026-08-14T13:14:58.0248626Z   - Installing balping/json-raw-encoder (v1.0.2): Extracting archive
2026-08-14T13:14:58.0249291Z   - Installing consoletvs/charts (6.9.0): Extracting archive
2026-08-14T13:14:58.0249914Z   - Installing setasign/fpdf (1.8.6): Extracting archive
2026-08-14T13:14:58.0250579Z   - Installing neitanod/forceutf8 (v2.0.4): Extracting archive
2026-08-14T13:14:58.0251482Z   - Installing eduardokum/laravel-mail-auto-embed (dev-master eab2c5e): Extracting archive
2026-08-14T13:14:58.0252205Z   - Installing chillerlan/php-qrcode (5.0.5): Extracting archive
2026-08-14T13:14:58.1183126Z   - Installing eduardokum/laravel-boleto (0.11.1): Mirroring from lib-custom/laravel-boleto
2026-08-14T13:14:58.1202303Z   - Installing giggsey/locale (2.9.0): Extracting archive
2026-08-14T13:14:58.1205101Z   - Installing giggsey/libphonenumber-for-php (8.13.55): Extracting archive
2026-08-14T13:14:58.1207524Z   - Installing graham-campbell/guzzle-factory (v7.0.3): Extracting archive
2026-08-14T13:14:58.1210123Z   - Installing growthbook/growthbook (v2.0.0): Extracting archive
2026-08-14T13:14:58.1212547Z   - Installing inertiajs/inertia-laravel (v3.0.6): Extracting archive
2026-08-14T13:14:58.1214988Z   - Installing symfony/yaml (v8.0.13): Extracting archive
2026-08-14T13:14:58.1218198Z   - Installing symfony/var-exporter (v8.0.8): Extracting archive
2026-08-14T13:14:58.1220525Z   - Installing shalvah/upgrader (0.6.0): Extracting archive
2026-08-14T13:14:58.1222945Z   - Installing parsedown/parsedown (1.8.0): Extracting archive
2026-08-14T13:14:58.1225262Z   - Installing filp/whoops (2.18.4): Extracting archive
2026-08-14T13:14:58.1227880Z   - Installing nunomaduro/collision (v8.9.4): Extracting archive
2026-08-14T13:14:58.1230212Z   - Installing mpociot/reflection-docblock (1.0.1): Extracting archive
2026-08-14T13:14:58.1232579Z   - Installing fakerphp/faker (v1.24.1): Extracting archive
2026-08-14T13:14:58.1234864Z   - Installing knuckleswtf/scribe (5.9.0): Extracting archive
2026-08-14T13:14:58.1237395Z   - Installing phpstan/phpstan (2.2.0): Extracting archive
2026-08-14T13:14:58.1239759Z   - Installing iamcal/sql-parser (v0.7): Extracting archive
2026-08-14T13:14:58.1242120Z   - Installing larastan/larastan (v3.10.0): Extracting archive
2026-08-14T13:14:58.1244654Z   - Installing symfony/filesystem (v8.0.8): Extracting archive
2026-08-14T13:14:58.1247570Z   - Installing mtdowling/jmespath.php (2.9.2): Extracting archive
2026-08-14T13:14:58.1249695Z   - Installing aws/aws-sdk-php (3.379.7): Extracting archive
2026-08-14T13:14:58.1251996Z   - Installing laravel/ai (v0.10.1): Extracting archive
2026-08-14T13:14:58.1254327Z   - Installing laravel/roster (v0.5.1): Extracting archive
2026-08-14T13:14:58.1256658Z   - Installing laravel/mcp (v0.9.1): Extracting archive
2026-08-14T13:14:58.1259236Z   - Installing laravel/boost (v2.4.13): Extracting archive
2026-08-14T13:14:58.1261582Z   - Installing symfony/polyfill-php83 (v1.38.1): Extracting archive
2026-08-14T13:14:58.1263915Z   - Installing laravel/sentinel (v1.1.0): Extracting archive
2026-08-14T13:14:58.1266247Z   - Installing laravel/horizon (v5.46.0): Extracting archive
2026-08-14T13:14:58.1268929Z   - Installing laravel/legacy-factories (v1.4.2): Extracting archive
2026-08-14T13:14:58.1271325Z   - Installing symfony/psr-http-message-bridge (v8.0.8): Extracting archive
2026-08-14T13:14:58.1273676Z   - Installing laminas/laminas-diactoros (3.8.0): Extracting archive
2026-08-14T13:14:58.1276441Z   - Installing laravel/octane (v2.17.3): Extracting archive
2026-08-14T13:14:58.1278985Z   - Installing laravel/pail (v1.2.6): Extracting archive
2026-08-14T13:14:58.1281539Z   - Installing nyholm/psr7 (1.8.2): Extracting archive
2026-08-14T13:14:58.1284114Z   - Installing paragonie/random_compat (v9.99.100): Extracting archive
2026-08-14T13:14:58.1286597Z   - Installing paragonie/constant_time_encoding (v3.1.3): Extracting archive
2026-08-14T13:14:58.1289235Z   - Installing phpseclib/phpseclib (3.0.52): Extracting archive
2026-08-14T13:14:58.1291806Z   - Installing psr/http-server-handler (1.0.2): Extracting archive
2026-08-14T13:14:58.1294024Z   - Installing psr/http-server-middleware (1.0.2): Extracting archive
2026-08-14T13:14:58.1296545Z   - Installing league/event (3.0.3): Extracting archive
2026-08-14T13:14:58.1299300Z   - Installing lcobucci/jwt (5.6.0): Extracting archive
2026-08-14T13:14:58.1301832Z   - Installing lcobucci/clock (3.6.0): Extracting archive
2026-08-14T13:14:58.1304372Z   - Installing defuse/php-encryption (v2.4.0): Extracting archive
2026-08-14T13:14:58.1306712Z   - Installing league/oauth2-server (9.3.0): Extracting archive
2026-08-14T13:14:58.1309368Z   - Installing firebase/php-jwt (v7.0.5): Extracting archive
2026-08-14T13:14:58.1311937Z   - Installing laravel/passport (v13.7.5): Extracting archive
2026-08-14T13:14:58.1314300Z   - Installing react/event-loop (v1.6.0): Extracting archive
2026-08-14T13:14:58.1316977Z   - Installing evenement/evenement (v3.0.2): Extracting archive
2026-08-14T13:14:58.1319504Z   - Installing react/stream (v1.4.0): Extracting archive
2026-08-14T13:14:58.1321861Z   - Installing react/promise (v3.3.0): Extracting archive
2026-08-14T13:14:58.1324353Z   - Installing react/cache (v1.2.0): Extracting archive
2026-08-14T13:14:58.1326959Z   - Installing react/dns (v1.14.0): Extracting archive
2026-08-14T13:14:58.1329323Z   - Installing react/socket (v1.17.0): Extracting archive
2026-08-14T13:14:58.1331880Z   - Installing react/promise-timer (v1.11.0): Extracting archive
2026-08-14T13:14:58.1334284Z   - Installing ratchet/rfc6455 (v0.4.0): Extracting archive
2026-08-14T13:14:58.1336974Z   - Installing paragonie/sodium_compat (v2.5.0): Extracting archive
2026-08-14T13:14:58.1339405Z   - Installing pusher/pusher-php-server (7.2.7): Extracting archive
2026-08-14T13:14:58.1341992Z   - Installing clue/redis-react (v2.8.0): Extracting archive
2026-08-14T13:14:58.1344376Z   - Installing laravel/reverb (v1.10.0): Extracting archive
2026-08-14T13:14:58.1346978Z   - Installing laravel/scout (v11.1.0): Extracting archive
2026-08-14T13:14:58.1349425Z   - Installing laravel/telescope (v5.20.0): Extracting archive
2026-08-14T13:14:58.1351895Z   - Installing psy/psysh (v0.12.22): Extracting archive
2026-08-14T13:14:58.1354440Z   - Installing laravel/tinker (v3.0.2): Extracting archive
2026-08-14T13:14:58.1356722Z   - Installing laravel/ui (v4.6.3): Extracting archive
2026-08-14T13:14:58.1359764Z   - Installing phpstan/phpdoc-parser (2.3.2): Extracting archive
2026-08-14T13:14:58.1361528Z   - Installing laravel/wayfinder (v0.1.20): Extracting archive
2026-08-14T13:14:58.1364252Z   - Installing league/flysystem-aws-s3-v3 (3.32.0): Extracting archive
2026-08-14T13:14:58.1366271Z   - Installing markbaker/matrix (3.0.1): Extracting archive
2026-08-14T13:14:58.1369253Z   - Installing markbaker/complex (3.0.2): Extracting archive
2026-08-14T13:14:58.1378413Z   - Installing maennchen/zipstream-php (3.2.2): Extracting archive
2026-08-14T13:14:58.1379222Z   - Installing ezyang/htmlpurifier (v4.19.0): Extracting archive
2026-08-14T13:14:58.1379921Z   - Installing composer/pcre (3.3.2): Extracting archive
2026-08-14T13:14:58.1380630Z   - Installing phpoffice/phpspreadsheet (1.30.4): Extracting archive
2026-08-14T13:14:58.1381350Z   - Installing maatwebsite/excel (3.1.68): Extracting archive
2026-08-14T13:14:58.1383926Z   - Installing symfony/polyfill-php81 (v1.38.1): Extracting archive
2026-08-14T13:14:58.1398301Z   - Installing meilisearch/meilisearch-php (v1.16.1): Extracting archive
2026-08-14T13:14:58.1399275Z   - Installing milon/barcode (v13.1): Extracting archive
2026-08-14T13:14:58.1400250Z   - Installing hamcrest/hamcrest-php (v2.1.1): Extracting archive
2026-08-14T13:14:58.1401277Z   - Installing mockery/mockery (1.6.12): Extracting archive
2026-08-14T13:14:58.1402115Z   - Installing setasign/fpdi (v2.6.7): Extracting archive
2026-08-14T13:14:58.1402957Z   - Installing mpdf/psr-log-aware-trait (v3.0.0): Extracting archive
2026-08-14T13:14:58.1403886Z   - Installing mpdf/psr-http-message-shim (v2.0.1): Extracting archive
2026-08-14T13:14:58.1404720Z   - Installing mpdf/mpdf (v8.3.1): Extracting archive
2026-08-14T13:14:58.1405493Z   - Installing myfatoorah/library (2.2.9): Cloning 9950fc1741 from cache
2026-08-14T13:14:58.1995636Z   - Installing myfatoorah/laravel-package (2.2.6): Cloning 8be307dd92 from cache
2026-08-14T13:14:58.2355035Z   - Installing tecnickcom/tc-lib-color (1.14.39): Extracting archive
2026-08-14T13:14:58.2357571Z   - Installing tecnickcom/tc-lib-barcode (1.18.4): Extracting archive
2026-08-14T13:14:58.2359801Z   - Installing nfephp-org/sped-common (v5.1.17): Extracting archive
2026-08-14T13:14:58.2361838Z   - Installing nfephp-org/sped-da (v1.1.6): Extracting archive
2026-08-14T13:14:58.2363846Z   - Installing nfephp-org/sped-gtin (v1.1.2): Extracting archive
2026-08-14T13:14:58.2365865Z   - Installing justinrainbow/json-schema (5.3.4): Extracting archive
2026-08-14T13:14:58.2368491Z   - Installing nfephp-org/sped-nfe (dev-master e075ec4): Extracting archive
2026-08-14T13:14:58.2370645Z   - Installing nwidart/laravel-modules (10.0.6): Extracting archive
2026-08-14T13:14:58.2372579Z   - Installing symfony/polyfill-php82 (v1.37.0): Extracting archive
2026-08-14T13:14:58.2374508Z   - Installing open-telemetry/sem-conv (1.38.0): Extracting archive
2026-08-14T13:14:58.2376520Z   - Installing open-telemetry/context (1.5.0): Extracting archive
2026-08-14T13:14:58.2378799Z   - Installing open-telemetry/api (1.9.0): Extracting archive
2026-08-14T13:14:58.2380759Z   - Installing nyholm/psr7-server (1.1.0): Extracting archive
2026-08-14T13:14:58.2382656Z   - Installing open-telemetry/sdk (1.14.0): Extracting archive
2026-08-14T13:14:58.2384629Z   - Installing google/protobuf (v4.33.6): Extracting archive
2026-08-14T13:14:58.2386636Z   - Installing open-telemetry/gen-otlp-protobuf (1.9.0): Extracting archive
2026-08-14T13:14:58.2388763Z   - Installing open-telemetry/exporter-otlp (1.4.0): Extracting archive
2026-08-14T13:14:58.2390738Z   - Installing open-telemetry/opentelemetry-auto-laravel (1.7.0): Extracting archive
2026-08-14T13:14:58.2392506Z   - Installing webmozart/assert (2.4.0): Extracting archive
2026-08-14T13:14:58.2394498Z   - Installing phpdocumentor/reflection-common (2.2.0): Extracting archive
2026-08-14T13:14:58.2396313Z   - Installing doctrine/deprecations (1.1.6): Extracting archive
2026-08-14T13:14:58.2398577Z   - Installing phpdocumentor/type-resolver (2.0.0): Extracting archive
2026-08-14T13:14:58.2400720Z   - Installing phpdocumentor/reflection-docblock (6.0.3): Extracting archive
2026-08-14T13:14:58.2402826Z   - Installing ta-tikoma/phpunit-architecture-test (0.8.7): Extracting archive
2026-08-14T13:14:58.2404713Z   - Installing pestphp/pest-plugin-arch (v4.0.2): Extracting archive
2026-08-14T13:14:58.2406673Z   - Installing pestphp/pest-plugin-profanity (v4.2.1): Extracting archive
2026-08-14T13:14:58.2408949Z   - Installing pestphp/pest-plugin-mutate (v4.0.1): Extracting archive
2026-08-14T13:14:58.2410848Z   - Installing pestphp/pest (v4.6.3): Extracting archive
2026-08-14T13:14:58.2412832Z   - Installing amphp/websocket-client (v2.0.2): Extracting archive
2026-08-14T13:14:58.2414762Z   - Installing amphp/http-server (v3.4.5): Extracting archive
2026-08-14T13:14:58.2416739Z   - Installing pestphp/pest-plugin-browser (v4.3.1): Extracting archive
2026-08-14T13:14:58.2419044Z   - Installing pestphp/pest-plugin-laravel (v4.1.0): Extracting archive
2026-08-14T13:14:58.2421026Z   - Installing rmccue/requests (v2.0.17): Extracting archive
2026-08-14T13:14:58.2422900Z   - Installing razorpay/razorpay (2.9.2): Extracting archive
2026-08-14T13:14:58.2424809Z   - Installing symfony/options-resolver (v8.0.8): Extracting archive
2026-08-14T13:14:58.2426673Z   - Installing sentry/sentry (4.25.0): Extracting archive
2026-08-14T13:14:58.2428964Z   - Installing sentry/sentry-laravel (4.25.0): Extracting archive
2026-08-14T13:14:58.2430876Z   - Installing spatie/error-solutions (1.1.3): Extracting archive
2026-08-14T13:14:58.2432765Z   - Installing spatie/backtrace (1.8.2): Extracting archive
2026-08-14T13:14:58.2434682Z   - Installing spatie/flare-client-php (1.11.0): Extracting archive
2026-08-14T13:14:58.2436554Z   - Installing spatie/dropbox-api (1.24.0): Extracting archive
2026-08-14T13:14:58.2438732Z   - Installing spatie/flysystem-dropbox (2.0.6): Extracting archive
2026-08-14T13:14:58.2440636Z   - Installing spatie/laravel-package-tools (1.93.0): Extracting archive
2026-08-14T13:14:58.2442470Z   - Installing spatie/laravel-activitylog (4.12.3): Extracting archive
2026-08-14T13:14:58.2444331Z   - Installing spatie/temporary-directory (2.3.1): Extracting archive
2026-08-14T13:14:58.2446204Z   - Installing spatie/laravel-signal-aware-command (2.1.2): Extracting archive
2026-08-14T13:14:58.2457973Z   - Installing spatie/db-dumper (4.1.0): Extracting archive
2026-08-14T13:14:58.2479811Z   - Installing spatie/laravel-backup (10.2.1): Extracting archive
2026-08-14T13:14:58.2480561Z   - Installing spatie/laravel-html (3.13.0): Extracting archive
2026-08-14T13:14:58.2481470Z   - Installing spatie/ignition (1.16.0): Extracting archive
2026-08-14T13:14:58.2482161Z   - Installing spatie/laravel-ignition (2.12.0): Extracting archive
2026-08-14T13:14:58.2482936Z   - Installing spatie/laravel-permission (6.25.0): Extracting archive
2026-08-14T13:14:58.2483628Z   - Installing srmklive/paypal (3.1.1): Extracting archive
2026-08-14T13:14:58.2484290Z   - Installing stripe/stripe-php (v7.128.0): Extracting archive
2026-08-14T13:14:58.2484960Z   - Installing tightenco/ziggy (v2.6.2): Extracting archive
2026-08-14T13:14:58.2485709Z   - Installing yajra/laravel-datatables-oracle (v13.0): Extracting archive
2026-08-14T13:15:01.5586071Z Generating optimized autoload files
2026-08-14T13:15:04.5149302Z Class Modules\SelftestVerde\Services\VerdeService located in ./tests/governance-fixtures/anchor-lint-verde/bad/Modules/SelftestVerde/Services/VerdeService.php does not comply with psr-4 autoloading standard (rule: Tests\ => ./tests). Skipping.
2026-08-14T13:15:04.5152732Z Class Modules\SelftestVerde\Services\VerdeService located in ./tests/governance-fixtures/anchor-lint-verde/good/Modules/SelftestVerde/Services/VerdeService.php does not comply with psr-4 autoloading standard (rule: Tests\ => ./tests). Skipping.
2026-08-14T13:15:04.5156709Z Class Modules\SelftestEntryBaseline\Services\EntryService located in ./tests/governance-fixtures/anchor-lint-entry-baseline/bad/Modules/SelftestEntryBaseline/Services/EntryService.php does not comply with psr-4 autoloading standard (rule: Tests\ => ./tests). Skipping.
2026-08-14T13:15:04.5160588Z Class Modules\SelftestEntryBaseline\Services\EntryService located in ./tests/governance-fixtures/anchor-lint-entry-baseline/good/Modules/SelftestEntryBaseline/Services/EntryService.php does not comply with psr-4 autoloading standard (rule: Tests\ => ./tests). Skipping.
2026-08-14T13:15:04.5164341Z Class Modules\SelftestAnchor\Http\Controllers\ZumbiController located in ./tests/governance-fixtures/anchor-lint-wired/bad/Modules/SelftestAnchor/Http/Controllers/ZumbiController.php does not comply with psr-4 autoloading standard (rule: Tests\ => ./tests). Skipping.
2026-08-14T13:15:04.5168111Z Class Modules\SelftestAnchor\Http\Controllers\VivaController located in ./tests/governance-fixtures/anchor-lint-wired/good/Modules/SelftestAnchor/Http/Controllers/VivaController.php does not comply with psr-4 autoloading standard (rule: Tests\ => ./tests). Skipping.
2026-08-14T13:15:04.5171196Z Class VivaTest located in ./tests/governance-fixtures/anchor-lint-wired/good/Modules/SelftestAnchor/Tests/Feature/VivaTest.php does not comply with psr-4 autoloading standard (rule: Tests\ => ./tests). Skipping.
2026-08-14T13:15:04.5173777Z Class Modules\SelftestEntry\Services\EntryService located in ./tests/governance-fixtures/anchor-lint-entry/bad/Modules/SelftestEntry/Services/EntryService.php does not comply with psr-4 autoloading standard (rule: Tests\ => ./tests). Skipping.
2026-08-14T13:15:04.5176907Z Class Modules\SelftestEntry\Services\EntryService located in ./tests/governance-fixtures/anchor-lint-entry/good/Modules/SelftestEntry/Services/EntryService.php does not comply with psr-4 autoloading standard (rule: Tests\ => ./tests). Skipping.
2026-08-14T13:15:04.5179211Z Class FakeBoletoCharge located in ./tests/Feature/Domain/Fsm/EstornarBoletoJobTest.php does not comply with psr-4 autoloading standard (rule: Tests\ => ./tests). Skipping.
2026-08-14T13:15:04.5181168Z Class FakeCancelarCobrancaAsaasJobStub located in ./tests/Feature/Domain/Fsm/EstornarBoletoJobTest.php does not comply with psr-4 autoloading standard (rule: Tests\ => ./tests). Skipping.
2026-08-14T13:15:04.5183573Z Class FakeRefundCobrancaAsaasJobStub located in ./tests/Feature/Domain/Fsm/EstornarBoletoJobTest.php does not comply with psr-4 autoloading standard (rule: Tests\ => ./tests). Skipping.
2026-08-14T13:15:04.5186138Z Class InutilizarFaixaTestSubject located in ./tests/Feature/Domain/Fsm/SideEffects/InutilizarFaixaNfeTest.php does not comply with psr-4 autoloading standard (rule: Tests\ => ./tests). Skipping.
2026-08-14T13:15:04.5189097Z Class ProducaoTestSubject located in ./tests/Feature/Domain/Fsm/ProcessoVendaComProducaoTest.php does not comply with psr-4 autoloading standard (rule: Tests\ => ./tests). Skipping.
2026-08-14T13:15:04.5191476Z Class FsmResetProbeJob located in ./tests/Feature/Domain/Fsm/FsmFlagResetLifecycleTest.php does not comply with psr-4 autoloading standard (rule: Tests\ => ./tests). Skipping.
2026-08-14T13:15:04.5193762Z Class FakeFiscalDoc located in ./tests/Feature/Domain/Fsm/TransactionDocumentTest.php does not comply with psr-4 autoloading standard (rule: Tests\ => ./tests). Skipping.
2026-08-14T13:15:04.5196011Z Class FakeSaleSubject located in ./tests/Feature/Domain/Fsm/GateEmissaoPorVendaTest.php does not comply with psr-4 autoloading standard (rule: Tests\ => ./tests). Skipping.
2026-08-14T13:15:04.5198554Z Class CancelTestSubject located in ./tests/Feature/Domain/Fsm/CancelarVendaCascadeSideEffectTest.php does not comply with psr-4 autoloading standard (rule: Tests\ => ./tests). Skipping.
2026-08-14T13:15:04.5200971Z Class FsmTestSubject located in ./tests/Feature/Domain/Fsm/ExecuteStageActionServiceTest.php does not comply with psr-4 autoloading standard (rule: Tests\ => ./tests). Skipping.
2026-08-14T13:15:04.5203322Z Class FsmTestEvent located in ./tests/Feature/Domain/Fsm/ExecuteStageActionServiceTest.php does not comply with psr-4 autoloading standard (rule: Tests\ => ./tests). Skipping.
2026-08-14T13:15:04.5205794Z Class StockResTestSubject located in ./tests/Feature/Domain/Fsm/StockReservationsTest.php does not comply with psr-4 autoloading standard (rule: Tests\ => ./tests). Skipping.
2026-08-14T13:15:04.5208388Z Class FsmObserverTestSubject located in ./tests/Feature/Domain/Fsm/CurrentStageIdBypassObserverTest.php does not comply with psr-4 autoloading standard (rule: Tests\ => ./tests). Skipping.
2026-08-14T13:15:04.5210963Z Class FsmCriticalTestSubject located in ./tests/Feature/Domain/Fsm/TransicaoCriticaExigeAutorizacaoTest.php does not comply with psr-4 autoloading standard (rule: Tests\ => ./tests). Skipping.
2026-08-14T13:15:04.5213415Z Class InvBomSubject located in ./tests/Feature/Domain/Inventory/ReservarEstoqueBomTest.php does not comply with psr-4 autoloading standard (rule: Tests\ => ./tests). Skipping.
2026-08-14T13:15:04.5215719Z Class FakeInterRefundCharge located in ./tests/Feature/Jobs/RefundCobrancaInterJobTest.php does not comply with psr-4 autoloading standard (rule: Tests\ => ./tests). Skipping.
2026-08-14T13:15:04.5218205Z Class FakeInterCharge located in ./tests/Feature/Jobs/CancelarCobrancaInterJobTest.php does not comply with psr-4 autoloading standard (rule: Tests\ => ./tests). Skipping.
2026-08-14T13:15:04.5220415Z Class FakeCrossTenant located in ./tests/Feature/Errors/ErrorClassifierTest.php does not comply with psr-4 autoloading standard (rule: Tests\ => ./tests). Skipping.
2026-08-14T13:15:04.5222619Z Class FakeFiscalFail located in ./tests/Feature/Errors/ErrorClassifierTest.php does not comply with psr-4 autoloading standard (rule: Tests\ => ./tests). Skipping.
2026-08-14T13:15:04.5224771Z Class FakeCertExpiring located in ./tests/Feature/Errors/ErrorClassifierTest.php does not comply with psr-4 autoloading standard (rule: Tests\ => ./tests). Skipping.
2026-08-14T13:15:04.5227027Z Class GrpS0Exception located in ./tests/Feature/Errors/ErrorGrouperTest.php does not comply with psr-4 autoloading standard (rule: Tests\ => ./tests). Skipping.
2026-08-14T13:15:04.5229120Z Class FakeReprocessAction located in ./tests/Feature/Errors/AutoResolverTest.php does not comply with psr-4 autoloading standard (rule: Tests\ => ./tests). Skipping.
2026-08-14T13:15:04.5231253Z Class FakeFailingAction located in ./tests/Feature/Errors/AutoResolverTest.php does not comply with psr-4 autoloading standard (rule: Tests\ => ./tests). Skipping.
2026-08-14T13:15:04.5233357Z Class FakeS0Payment located in ./tests/Feature/Errors/ErrorReporterS0Test.php does not comply with psr-4 autoloading standard (rule: Tests\ => ./tests). Skipping.
2026-08-14T13:15:04.5235628Z Class FakeS3Noise located in ./tests/Feature/Errors/ErrorReporterS0Test.php does not comply with psr-4 autoloading standard (rule: Tests\ => ./tests). Skipping.
2026-08-14T13:15:04.5238048Z Class RhFixtureExportController located in ./tests/Feature/RouteHits/RouteHitsCommandsTest.php does not comply with psr-4 autoloading standard (rule: Tests\ => ./tests). Skipping.
2026-08-14T13:15:04.5240766Z Class AddAprovacaoToFinTitulos located in ./Modules/Financeiro/Database/Migrations/2026_05_19_220002_add_aprovacao_to_fin_titulos.php does not comply with psr-4 autoloading standard (rule: Modules\ => ./Modules). Skipping.
2026-08-14T13:15:04.5243654Z Class AddConferidoToFinTitulos located in ./Modules/Financeiro/Database/Migrations/2026_05_18_180000_add_conferido_to_fin_titulos.php does not comply with psr-4 autoloading standard (rule: Modules\ => ./Modules). Skipping.
2026-08-14T13:15:04.5246524Z Class CreateFinCategoriasTable located in ./Modules/Financeiro/Database/Migrations/2026_04_24_140002_create_fin_categorias_table.php does not comply with psr-4 autoloading standard (rule: Modules\ => ./Modules). Skipping.
2026-08-14T13:15:04.5249825Z Class AddContaBancariaIdToFinTitulos located in ./Modules/Financeiro/Database/Migrations/2026_06_04_120000_add_conta_bancaria_id_to_fin_titulos.php does not comply with psr-4 autoloading standard (rule: Modules\ => ./Modules). Skipping.
2026-08-14T13:15:04.5253040Z Class CreateFinTituloCommentsTable located in ./Modules/Financeiro/Database/Migrations/2026_05_18_190000_create_fin_titulo_comments_table.php does not comply with psr-4 autoloading standard (rule: Modules\ => ./Modules). Skipping.
2026-08-14T13:15:04.5256190Z Class AddLegacyColumnsToFinContasBancarias located in ./Modules/Financeiro/Database/Migrations/2026_05_09_210001_add_legacy_columns_to_fin_contas_bancarias.php does not comply with psr-4 autoloading standard (rule: Modules\ => ./Modules). Skipping.
2026-08-14T13:15:04.5259491Z Class CreateFinContasBancariasTable located in ./Modules/Financeiro/Database/Migrations/2026_04_24_140003_create_fin_contas_bancarias_table.php does not comply with psr-4 autoloading standard (rule: Modules\ => ./Modules). Skipping.
2026-08-14T13:15:04.5262443Z Class CreateFinPlanosContaTable located in ./Modules/Financeiro/Database/Migrations/2026_04_24_140001_create_fin_planos_conta_table.php does not comply with psr-4 autoloading standard (rule: Modules\ => ./Modules). Skipping.
2026-08-14T13:15:04.5265374Z Class CreateAccountsLegacyMapTable located in ./Modules/Financeiro/Database/Migrations/2026_05_09_210000_create_accounts_legacy_map_table.php does not comply with psr-4 autoloading standard (rule: Modules\ => ./Modules). Skipping.
2026-08-14T13:15:04.5268572Z Class CreateFinBankStatementLinesTable located in ./Modules/Financeiro/Database/Migrations/2026_05_19_220000_create_fin_bank_statement_lines_table.php does not comply with psr-4 autoloading standard (rule: Modules\ => ./Modules). Skipping.
2026-08-14T13:15:04.5271581Z Class CreateFinTituloBaixasTable located in ./Modules/Financeiro/Database/Migrations/2026_04_24_140005_create_fin_titulo_baixas_table.php does not comply with psr-4 autoloading standard (rule: Modules\ => ./Modules). Skipping.
2026-08-14T13:15:04.5274527Z Class AddFormaPagamentoToFinTitulos located in ./Modules/Financeiro/Database/Migrations/2026_06_03_120000_add_forma_pagamento_to_fin_titulos.php does not comply with psr-4 autoloading standard (rule: Modules\ => ./Modules). Skipping.
2026-08-14T13:15:04.5277710Z Class CreateAdvisorBusinessAccessTable located in ./Modules/Financeiro/Database/Migrations/2026_05_20_140001_create_advisor_business_access_table.php does not comply with psr-4 autoloading standard (rule: Modules\ => ./Modules). Skipping.
2026-08-14T13:15:04.5280732Z Class CreateFinBoletoRemessasTable located in ./Modules/Financeiro/Database/Migrations/2026_04_25_140101_create_fin_boleto_remessas_table.php does not comply with psr-4 autoloading standard (rule: Modules\ => ./Modules). Skipping.
2026-08-14T13:15:04.5283664Z Class CreateFinTituloAnexosTable located in ./Modules/Financeiro/Database/Migrations/2026_05_19_220001_create_fin_titulo_anexos_table.php does not comply with psr-4 autoloading standard (rule: Modules\ => ./Modules). Skipping.
2026-08-14T13:15:04.5286942Z Class CreateFinCaixaMovimentosTable located in ./Modules/Financeiro/Database/Migrations/2026_04_24_140006_create_fin_caixa_movimentos_table.php does not comply with psr-4 autoloading standard (rule: Modules\ => ./Modules). Skipping.
2026-08-14T13:15:04.5289846Z Class CreateAdvisorsTable located in ./Modules/Financeiro/Database/Migrations/2026_05_20_140000_create_advisors_table.php does not comply with psr-4 autoloading standard (rule: Modules\ => ./Modules). Skipping.
2026-08-14T13:15:04.5292634Z Class CreateFinTitulosTable located in ./Modules/Financeiro/Database/Migrations/2026_04_24_140004_create_fin_titulos_table.php does not comply with psr-4 autoloading standard (rule: Modules\ => ./Modules). Skipping.
2026-08-14T13:15:04.5295438Z Class CreateMcpCcSessionsTable located in ./Modules/Forja/Database/Migrations/2026_04_29_300001_create_mcp_cc_sessions_table.php does not comply with psr-4 autoloading standard (rule: Modules\ => ./Modules). Skipping.
2026-08-14T13:15:04.5298353Z Class CreateMcpWorkflowsTable located in ./Modules/Forja/Database/Migrations/2026_05_04_180006_create_mcp_workflows_table.php does not comply with psr-4 autoloading standard (rule: Modules\ => ./Modules). Skipping.
2026-08-14T13:15:04.5301234Z Class CreateMcpScopesTable located in ./Modules/Forja/Database/Migrations/2026_04_29_100001_create_mcp_scopes_table.php does not comply with psr-4 autoloading standard (rule: Modules\ => ./Modules). Skipping.
2026-08-14T13:15:04.5303942Z Class CreateMcpGitLinksTable located in ./Modules/Forja/Database/Migrations/2026_05_04_180014_create_mcp_git_links_table.php does not comply with psr-4 autoloading standard (rule: Modules\ => ./Modules). Skipping.
2026-08-14T13:15:04.5306733Z Class ExtendMcpTasksForJiraStyle located in ./Modules/Forja/Database/Migrations/2026_05_04_180015_extend_mcp_tasks_for_jira_style.php does not comply with psr-4 autoloading standard (rule: Modules\ => ./Modules). Skipping.
2026-08-14T13:15:04.5309570Z Class CreateMcpEpicsTable located in ./Modules/Forja/Database/Migrations/2026_05_04_180002_create_mcp_epics_table.php does not comply with psr-4 autoloading standard (rule: Modules\ => ./Modules). Skipping.
2026-08-14T13:15:04.5312318Z Class CreateMcpTaskWatchersTable located in ./Modules/Forja/Database/Migrations/2026_05_04_180011_create_mcp_task_watchers_table.php does not comply with psr-4 autoloading standard (rule: Modules\ => ./Modules). Skipping.
2026-08-14T13:15:04.5315053Z Class CreateMcpQuotasTable located in ./Modules/Forja/Database/Migrations/2026_04_29_100004_create_mcp_quotas_table.php does not comply with psr-4 autoloading standard (rule: Modules\ => ./Modules). Skipping.
2026-08-14T13:15:04.5317903Z Class CreateMcpCycleGoalsTable located in ./Modules/Forja/Database/Migrations/2026_05_04_180004_create_mcp_cycle_goals_table.php does not comply with psr-4 autoloading standard (rule: Modules\ => ./Modules). Skipping.
2026-08-14T13:15:04.5320894Z Class AddPendingApprovalStatusToMcpTasks located in ./Modules/Forja/Database/Migrations/2026_08_04_190000_add_pending_approval_status_to_mcp_tasks.php does not comply with psr-4 autoloading standard (rule: Modules\ => ./Modules). Skipping.
2026-08-14T13:15:04.5323919Z Class CreateMcpTaskCommentsTable located in ./Modules/Forja/Database/Migrations/2026_05_01_120001_create_mcp_task_comments_table.php does not comply with psr-4 autoloading standard (rule: Modules\ => ./Modules). Skipping.
2026-08-14T13:15:04.5326932Z Class CreateMcpMemoryDocumentsTable located in ./Modules/Forja/Database/Migrations/2026_04_29_100008_create_mcp_memory_documents_table.php does not comply with psr-4 autoloading standard (rule: Modules\ => ./Modules). Skipping.
2026-08-14T13:15:04.5329692Z Class CreateMcpViewsTable located in ./Modules/Forja/Database/Migrations/2026_05_04_180008_create_mcp_views_table.php does not comply with psr-4 autoloading standard (rule: Modules\ => ./Modules). Skipping.
2026-08-14T13:15:04.5332632Z Class CreateMcpUsageDiariaTable located in ./Modules/Forja/Database/Migrations/2026_04_29_100006_create_mcp_usage_diaria_table.php does not comply with psr-4 autoloading standard (rule: Modules\ => ./Modules). Skipping.
2026-08-14T13:15:04.5335503Z Class CreateMcpAlertasEventosTable located in ./Modules/Forja/Database/Migrations/2026_04_29_600001_create_mcp_alertas_eventos_table.php does not comply with psr-4 autoloading standard (rule: Modules\ => ./Modules). Skipping.
2026-08-14T13:15:04.5338698Z Class CreateMcpMemoryDocumentsHistoryTable located in ./Modules/Forja/Database/Migrations/2026_04_29_100009_create_mcp_memory_documents_history_table.php does not comply with psr-4 autoloading standard (rule: Modules\ => ./Modules). Skipping.
2026-08-14T13:15:04.5341730Z Class CreateMcpIssueTemplatesTable located in ./Modules/Forja/Database/Migrations/2026_05_04_180007_create_mcp_issue_templates_table.php does not comply with psr-4 autoloading standard (rule: Modules\ => ./Modules). Skipping.
2026-08-14T13:15:04.5344692Z Class AddSoftDeletesToMcpTokensTable located in ./Modules/Forja/Database/Migrations/2026_06_14_120000_add_soft_deletes_to_mcp_tokens_table.php does not comply with psr-4 autoloading standard (rule: Modules\ => ./Modules). Skipping.
2026-08-14T13:15:04.5347872Z Class CreateMcpUserScopesTable located in ./Modules/Forja/Database/Migrations/2026_04_29_100002_create_mcp_user_scopes_table.php does not comply with psr-4 autoloading standard (rule: Modules\ => ./Modules). Skipping.
2026-08-14T13:15:04.5350765Z Class CreateMcpTaskDependenciesTable located in ./Modules/Forja/Database/Migrations/2026_05_04_180010_create_mcp_task_dependencies_table.php does not comply with psr-4 autoloading standard (rule: Modules\ => ./Modules). Skipping.
2026-08-14T13:15:04.5353726Z Class CreateMcpTaskMemoryLinksTable located in ./Modules/Forja/Database/Migrations/2026_05_04_180013_create_mcp_task_memory_links_table.php does not comply with psr-4 autoloading standard (rule: Modules\ => ./Modules). Skipping.
2026-08-14T13:15:04.5356718Z Class CreateMcpTaskAttachmentsTable located in ./Modules/Forja/Database/Migrations/2026_05_04_180012_create_mcp_task_attachments_table.php does not comply with psr-4 autoloading standard (rule: Modules\ => ./Modules). Skipping.
2026-08-14T13:15:04.5359708Z Class CreateMcpCcMessagesTable located in ./Modules/Forja/Database/Migrations/2026_04_29_300002_create_mcp_cc_messages_table.php does not comply with psr-4 autoloading standard (rule: Modules\ => ./Modules). Skipping.
2026-08-14T13:15:04.5362519Z Class CreateMcpJiraProjectsTable located in ./Modules/Forja/Database/Migrations/2026_05_04_180001_create_mcp_jira_projects_table.php does not comply with psr-4 autoloading standard (rule: Modules\ => ./Modules). Skipping.
2026-08-14T13:15:04.5365285Z Class CreateMcpCcBlobsTable located in ./Modules/Forja/Database/Migrations/2026_04_29_300003_create_mcp_cc_blobs_table.php does not comply with psr-4 autoloading standard (rule: Modules\ => ./Modules). Skipping.
2026-08-14T13:15:04.5368167Z Class CreateMcpComponentsTable located in ./Modules/Forja/Database/Migrations/2026_05_04_180005_create_mcp_components_table.php does not comply with psr-4 autoloading standard (rule: Modules\ => ./Modules). Skipping.
2026-08-14T13:15:04.5370978Z Class CreateMcpTaskEventsTable located in ./Modules/Forja/Database/Migrations/2026_05_01_120002_create_mcp_task_events_table.php does not comply with psr-4 autoloading standard (rule: Modules\ => ./Modules). Skipping.
2026-08-14T13:15:04.5373791Z Class CreateMcpTokensTable located in ./Modules/Forja/Database/Migrations/2026_04_29_100003_create_mcp_tokens_table.php does not comply with psr-4 autoloading standard (rule: Modules\ => ./Modules). Skipping.
2026-08-14T13:15:04.5376660Z Class CreateMcpInboxNotificationsTable located in ./Modules/Forja/Database/Migrations/2026_05_04_180009_create_mcp_inbox_notifications_table.php does not comply with psr-4 autoloading standard (rule: Modules\ => ./Modules). Skipping.
2026-08-14T13:15:04.5379824Z Class CreateMcpAlertasTable located in ./Modules/Forja/Database/Migrations/2026_04_29_100007_create_mcp_alertas_table.php does not comply with psr-4 autoloading standard (rule: Modules\ => ./Modules). Skipping.
2026-08-14T13:15:04.5382495Z Class CreateMcpCyclesTable located in ./Modules/Forja/Database/Migrations/2026_05_04_180003_create_mcp_cycles_table.php does not comply with psr-4 autoloading standard (rule: Modules\ => ./Modules). Skipping.
2026-08-14T13:15:04.5385123Z Class CreateMcpTasksTable located in ./Modules/Forja/Database/Migrations/2026_04_30_180001_create_mcp_tasks_table.php does not comply with psr-4 autoloading standard (rule: Modules\ => ./Modules). Skipping.
2026-08-14T13:15:04.5387906Z Class CreateMcpAuditLogTable located in ./Modules/Forja/Database/Migrations/2026_04_29_100005_create_mcp_audit_log_table.php does not comply with psr-4 autoloading standard (rule: Modules\ => ./Modules). Skipping.
2026-08-14T13:15:04.5390805Z Class AddProductCatalogueVersion located in ./Modules/ProductCatalogue/Database/Migrations/2020_09_29_184909_add_product_catalogue_version.php does not comply with psr-4 autoloading standard (rule: Modules\ => ./Modules). Skipping.
2026-08-14T13:15:04.5394007Z Class AddColumnToMfgRecipeIngredientsTable located in ./Modules/Manufacturing/Database/Migrations/2020_02_22_120303_add_column_to_mfg_recipe_ingredients_table.php does not comply with psr-4 autoloading standard (rule: Modules\ => ./Modules). Skipping.
2026-08-14T13:15:04.5397708Z Class AddManufacturingModuleVersionToSystemTable located in ./Modules/Manufacturing/Database/Migrations/2019_07_15_114211_add_manufacturing_module_version_to_system_table.php does not comply with psr-4 autoloading standard (rule: Modules\ => ./Modules). Skipping.
2026-08-14T13:15:04.5401365Z Class AddMfgIngredientGroupIdToTransactionSellLinesTable located in ./Modules/Manufacturing/Database/Migrations/2021_04_07_154331_add_mfg_ingredient_group_id_to_transaction_sell_lines_table.php does not comply with psr-4 autoloading standard (rule: Modules\ => ./Modules). Skipping.
2026-08-14T13:15:04.5404743Z Class CreateMfgRecipesTable located in ./Modules/Manufacturing/Database/Migrations/2019_07_15_114403_create_mfg_recipes_table.php does not comply with psr-4 autoloading standard (rule: Modules\ => ./Modules). Skipping.
2026-08-14T13:15:04.5407888Z Class CreateMfgRecipeIngredientsTable located in ./Modules/Manufacturing/Database/Migrations/2019_08_08_110035_create_mfg_recipe_ingredients_table.php does not comply with psr-4 autoloading standard (rule: Modules\ => ./Modules). Skipping.
2026-08-14T13:15:04.5411351Z Class AddProductionCostTypeToRecipeAndTransactionTable located in ./Modules/Manufacturing/Database/Migrations/2020_08_19_103831_add_production_cost_type_to_recipe_and_transaction_table.php does not comply with psr-4 autoloading standard (rule: Modules\ => ./Modules). Skipping.
2026-08-14T13:15:04.5414671Z Class AddRecipeAddEditPermissions located in ./Modules/Manufacturing/Database/Migrations/2019_08_08_172837_add_recipe_add_edit_permissions.php does not comply with psr-4 autoloading standard (rule: Modules\ => ./Modules). Skipping.
2026-08-14T13:15:04.5417848Z Class AddManufacturingModuleIndexing located in ./Modules/Manufacturing/Database/Migrations/2021_02_16_190302_add_manufacturing_module_indexing.php does not comply with psr-4 autoloading standard (rule: Modules\ => ./Modules). Skipping.
2026-08-14T13:15:04.5421124Z Class AddProductionColumnsToTransactionsTable located in ./Modules/Manufacturing/Database/Migrations/2019_07_18_180217_add_production_columns_to_transactions_table.php does not comply with psr-4 autoloading standard (rule: Modules\ => ./Modules). Skipping.
2026-08-14T13:15:04.5424452Z Class AddIngredientWastePercentColumns located in ./Modules/Manufacturing/Database/Migrations/2019_08_12_114610_add_ingredient_waste_percent_columns.php does not comply with psr-4 autoloading standard (rule: Modules\ => ./Modules). Skipping.
2026-08-14T13:15:04.5427646Z Class AddManufacturingPermissions located in ./Modules/Manufacturing/Database/Migrations/2019_07_26_170450_add_manufacturing_permissions.php does not comply with psr-4 autoloading standard (rule: Modules\ => ./Modules). Skipping.
2026-08-14T13:15:04.5430821Z Class CreateIngredientGroupsTable located in ./Modules/Manufacturing/Database/Migrations/2019_11_05_115136_create_ingredient_groups_table.php does not comply with psr-4 autoloading standard (rule: Modules\ => ./Modules). Skipping.
2026-08-14T13:15:04.5434170Z Class AddManufacturingSettingsColumnToBusinessTable located in ./Modules/Manufacturing/Database/Migrations/2019_07_26_110753_add_manufacturing_settings_column_to_business_table.php does not comply with psr-4 autoloading standard (rule: Modules\ => ./Modules). Skipping.
2026-08-14T13:15:04.5437430Z Class CreateScheduleLogsTable located in ./Modules/Crm/Database/Migrations/2020_03_30_112834_create_schedule_logs_table.php does not comply with psr-4 autoloading standard (rule: Modules\ => ./Modules). Skipping.
2026-08-14T13:15:04.5440121Z Class CreateSchedulesTable located in ./Modules/Crm/Database/Migrations/2020_03_27_133605_create_schedules_table.php does not comply with psr-4 autoloading standard (rule: Modules\ => ./Modules). Skipping.
2026-08-14T13:15:04.5442891Z Class AddNewColumnsToContactsTable located in ./Modules/Crm/Database/Migrations/2021_02_02_173651_add_new_columns_to_contacts_table.php does not comply with psr-4 autoloading standard (rule: Modules\ => ./Modules). Skipping.
2026-08-14T13:15:04.5445787Z Class CreateProposalsTable located in ./Modules/Crm/Database/Migrations/2021_06_16_125740_create_proposals_table.php does not comply with psr-4 autoloading standard (rule: Modules\ => ./Modules). Skipping.
2026-08-14T13:15:04.5448893Z Class AddMobileNameColumnToCrmCallLogsTable located in ./Modules/Crm/Database/Migrations/2021_02_08_172047_add_mobile_name_column_to_crm_call_logs_table.php does not comply with psr-4 autoloading standard (rule: Modules\ => ./Modules). Skipping.
2026-08-14T13:15:04.5451803Z Class AddFollowupCategoryId located in ./Modules/Crm/Database/Migrations/2022_03_02_180929_add_followup_category_id.php does not comply with psr-4 autoloading standard (rule: Modules\ => ./Modules). Skipping.
2026-08-14T13:15:04.5454627Z Class CreateProposalTemplatesTable located in ./Modules/Crm/Database/Migrations/2021_06_15_152924_create_proposal_templates_table.php does not comply with psr-4 autoloading standard (rule: Modules\ => ./Modules). Skipping.
2026-08-14T13:15:04.5457773Z Class AddCrmSettingsColumnToBusinessTable located in ./Modules/Crm/Database/Migrations/2021_09_24_065738_add_crm_settings_column_to_business_table.php does not comply with psr-4 autoloading standard (rule: Modules\ => ./Modules). Skipping.
2026-08-14T13:15:04.5460972Z Class CreateCrmContactPersonCommissionsTable located in ./Modules/Crm/Database/Migrations/2022_05_26_061553_create_crm_contact_person_commissions_table.php does not comply with psr-4 autoloading standard (rule: Modules\ => ./Modules). Skipping.
2026-08-14T13:15:04.5463939Z Class AddSourceIdToMarketplace located in ./Modules/Crm/Database/Migrations/2022_02_17_113045_add_source_id_to_marketplace.php does not comply with psr-4 autoloading standard (rule: Modules\ => ./Modules). Skipping.
2026-08-14T13:15:04.5467037Z Class AddAdditionalInfoToCrmCampaignsTable located in ./Modules/Crm/Database/Migrations/2021_02_02_140021_add_additional_info_to_crm_campaigns_table.php does not comply with psr-4 autoloading standard (rule: Modules\ => ./Modules). Skipping.
2026-08-14T13:15:04.5470140Z Class AddFollowUpByToCrmSchedulesTable located in ./Modules/Crm/Database/Migrations/2021_02_22_132125_add_follow_up_by_to_crm_schedules_table.php does not comply with psr-4 autoloading standard (rule: Modules\ => ./Modules). Skipping.
2026-08-14T13:15:04.5473151Z Class AddCrmModuleVersionToSystemTable located in ./Modules/Crm/Database/Migrations/2020_04_02_182331_add_crm_module_version_to_system_table.php does not comply with psr-4 autoloading standard (rule: Modules\ => ./Modules). Skipping.
2026-08-14T13:15:04.5476216Z Class CreateCrmFollowupInvoices located in ./Modules/Crm/Database/Migrations/2021_02_19_120846_create_crm_followup_invoices.php does not comply with psr-4 autoloading standard (rule: Modules\ => ./Modules). Skipping.
2026-08-14T13:15:04.5479040Z Class CreateLeadUsersTable located in ./Modules/Crm/Database/Migrations/2020_04_09_101052_create_lead_users_table.php does not comply with psr-4 autoloading standard (rule: Modules\ => ./Modules). Skipping.
2026-08-14T13:15:04.5482268Z Class AddFollowupAdditionalInfoColumnToCrmSchedulesTable located in ./Modules/Crm/Database/Migrations/2021_01_07_155757_add_followup_additional_info_column_to_crm_schedules_table.php does not comply with psr-4 autoloading standard (rule: Modules\ => ./Modules). Skipping.
2026-08-14T13:15:04.5485355Z Class AddCrmModuleIndexing located in ./Modules/Crm/Database/Migrations/2021_02_16_190038_add_crm_module_indexing.php does not comply with psr-4 autoloading standard (rule: Modules\ => ./Modules). Skipping.
2026-08-14T13:15:04.5488173Z Class CreateScheduleUsersTable located in ./Modules/Crm/Database/Migrations/2020_03_27_133628_create_schedule_users_table.php does not comply with psr-4 autoloading standard (rule: Modules\ => ./Modules). Skipping.
2026-08-14T13:15:04.5491203Z Class AddDepartmentAndDesignationToUsersTable located in ./Modules/Crm/Database/Migrations/2021_03_24_160736_add_department_and_designation_to_users_table.php does not comply with psr-4 autoloading standard (rule: Modules\ => ./Modules). Skipping.
2026-08-14T13:15:04.5494404Z Class ModifyCloumnInContactsTable located in ./Modules/Crm/Database/Migrations/2020_04_08_153231_modify_cloumn_in_contacts_table.php does not comply with psr-4 autoloading standard (rule: Modules\ => ./Modules). Skipping.
2026-08-14T13:15:04.5497240Z Class CreateCallLogsTable located in ./Modules/Crm/Database/Migrations/2021_02_04_120439_create_call_logs_table.php does not comply with psr-4 autoloading standard (rule: Modules\ => ./Modules). Skipping.
2026-08-14T13:15:04.5499915Z Class AddContactIdToUsersTable located in ./Modules/Crm/Database/Migrations/2020_03_19_130231_add_contact_id_to_users_table.php does not comply with psr-4 autoloading standard (rule: Modules\ => ./Modules). Skipping.
2026-08-14T13:15:04.5502913Z Class AddRecursiveFieldsToCrmSchedulesTable located in ./Modules/Crm/Database/Migrations/2021_06_16_114448_add_recursive_fields_to_crm_schedules_table.php does not comply with psr-4 autoloading standard (rule: Modules\ => ./Modules). Skipping.
2026-08-14T13:15:04.5505846Z Class CreateCrmCampaignsTable located in ./Modules/Crm/Database/Migrations/2020_04_16_114747_create_crm_campaigns_table.php does not comply with psr-4 autoloading standard (rule: Modules\ => ./Modules). Skipping.
2026-08-14T13:15:04.5508935Z Class AddCcAndBccColumnsToCrmProposalsTable located in ./Modules/Crm/Database/Migrations/2022_06_06_073006_add_cc_and_bcc_columns_to_crm_proposals_table.php does not comply with psr-4 autoloading standard (rule: Modules\ => ./Modules). Skipping.
2026-08-14T13:15:04.5511914Z Class CreateCrmMarketplacesTable located in ./Modules/Crm/Database/Migrations/2022_02_09_055012_create_crm_marketplaces_table.php does not comply with psr-4 autoloading standard (rule: Modules\ => ./Modules). Skipping.
2026-08-14T13:15:04.5515028Z Class AddConnectorModuleVersionToSystemTable located in ./Modules/Connector/Database/Migrations/2020_08_18_123107_add_connector_module_version_to_system_table.php does not comply with psr-4 autoloading standard (rule: Modules\ => ./Modules). Skipping.
2026-08-14T13:15:04.5518367Z Class AddAutoClockoutToEssentialsShifts located in ./Modules/Essentials/Database/Migrations/2021_03_09_123914_add_auto_clockout_to_essentials_shifts.php does not comply with psr-4 autoloading standard (rule: Modules\ => ./Modules). Skipping.
2026-08-14T13:15:04.5521284Z Class CreateRemindersTable located in ./Modules/Essentials/Database/Migrations/2018_10_09_134558_create_reminders_table.php does not comply with psr-4 autoloading standard (rule: Modules\ => ./Modules). Skipping.
2026-08-14T13:15:04.5524338Z Class AddLocationIdToTable located in ./Modules/Essentials/Database/Migrations/2021_06_17_121451_add_location_id_to_table.php does not comply with psr-4 autoloading standard (rule: Modules\ => ./Modules). Skipping.
2026-08-14T13:15:04.5527271Z Class CreatePayrollGroupsTable located in ./Modules/Essentials/Database/Migrations/2021_03_04_174857_create_payroll_groups_table.php does not comply with psr-4 autoloading standard (rule: Modules\ => ./Modules). Skipping.
2026-08-14T13:15:04.5530092Z Class CreateUserShiftsTable located in ./Modules/Essentials/Database/Migrations/2020_03_30_162029_create_user_shifts_table.php does not comply with psr-4 autoloading standard (rule: Modules\ => ./Modules). Skipping.
2026-08-14T13:15:04.5533069Z Class CreateEssentialsTodoCommentsTable located in ./Modules/Essentials/Database/Migrations/2019_09_23_120439_create_essentials_todo_comments_table.php does not comply with psr-4 autoloading standard (rule: Modules\ => ./Modules). Skipping.
2026-08-14T13:15:04.5536131Z Class AddShiftIdToAttendanceTable located in ./Modules/Essentials/Database/Migrations/2020_03_31_134558_add_shift_id_to_attendance_table.php does not comply with psr-4 autoloading standard (rule: Modules\ => ./Modules). Skipping.
2026-08-14T13:15:04.5539075Z Class EssentialsMessages located in ./Modules/Essentials/Database/Migrations/2019_02_22_120329_essentials_messages.php does not comply with psr-4 autoloading standard (rule: Modules\ => ./Modules). Skipping.
2026-08-14T13:15:04.5541961Z Class CreateDocumentsTable located in ./Modules/Essentials/Database/Migrations/2018_10_01_151252_create_documents_table.php does not comply with psr-4 autoloading standard (rule: Modules\ => ./Modules). Skipping.
2026-08-14T13:15:04.5544794Z Class AddApproveLeavePermission located in ./Modules/Essentials/Database/Migrations/2019_08_26_103520_add_approve_leave_permission.php does not comply with psr-4 autoloading standard (rule: Modules\ => ./Modules). Skipping.
2026-08-14T13:15:04.5547763Z Class AddColumnsToUsersTable located in ./Modules/Essentials/Database/Migrations/2021_02_27_133448_add_columns_to_users_table.php does not comply with psr-4 autoloading standard (rule: Modules\ => ./Modules). Skipping.
2026-08-14T13:15:04.5550597Z Class CreateEssentialsKbTable located in ./Modules/Essentials/Database/Migrations/2020_11_26_170527_create_essentials_kb_table.php does not comply with psr-4 autoloading standard (rule: Modules\ => ./Modules). Skipping.
2026-08-14T13:15:04.5553867Z Class AddClockInLocationToEssentialsAttendancesTable located in ./Modules/Essentials/Database/Migrations/2021_02_12_185514_add_clock_in_location_to_essentials_attendances_table.php does not comply with psr-4 autoloading standard (rule: Modules\ => ./Modules). Skipping.
2026-08-14T13:15:04.5557221Z Class AddEssentialsModuleIndexing located in ./Modules/Essentials/Database/Migrations/2021_02_16_190203_add_essentials_module_indexing.php does not comply with psr-4 autoloading standard (rule: Modules\ => ./Modules). Skipping.
2026-08-14T13:15:04.5560228Z Class CreateEssentialsHolidaysTable located in ./Modules/Essentials/Database/Migrations/2019_06_04_105723_create_essentials_holidays_table.php does not comply with psr-4 autoloading standard (rule: Modules\ => ./Modules). Skipping.
2026-08-14T13:15:04.5563234Z Class CreateEssentialsKbUsersTable located in ./Modules/Essentials/Database/Migrations/2020_11_30_112615_create_essentials_kb_users_table.php does not comply with psr-4 autoloading standard (rule: Modules\ => ./Modules). Skipping.
2026-08-14T13:15:04.5566198Z Class CreateEssentialsLeavesTable located in ./Modules/Essentials/Database/Migrations/2019_05_17_175921_create_essentials_leaves_table.php does not comply with psr-4 autoloading standard (rule: Modules\ => ./Modules). Skipping.
2026-08-14T13:15:04.5569260Z Class ModifyTodosDateColumnType located in ./Modules/Essentials/Database/Migrations/2020_11_05_105157_modify_todos_date_column_type.php does not comply with psr-4 autoloading standard (rule: Modules\ => ./Modules). Skipping.
2026-08-14T13:15:04.5572322Z Class AddMessagePermissions located in ./Modules/Essentials/Database/Migrations/2019_02_22_161513_add_message_permissions.php does not comply with psr-4 autoloading standard (rule: Modules\ => ./Modules). Skipping.
2026-08-14T13:15:04.5575242Z Class CreateEssentialsPayrollsTable located in ./Modules/Essentials/Database/Migrations/2019_05_30_110049_create_essentials_payrolls_table.php does not comply with psr-4 autoloading standard (rule: Modules\ => ./Modules). Skipping.
2026-08-14T13:15:04.5578561Z Class AddMoreColumnsToEssentialsToDosTable located in ./Modules/Essentials/Database/Migrations/2019_09_20_115906_add_more_columns_to_essentials_to_dos_table.php does not comply with psr-4 autoloading standard (rule: Modules\ => ./Modules). Skipping.
2026-08-14T13:15:04.5581477Z Class CreateToDosTable located in ./Modules/Essentials/Database/Migrations/2018_11_16_170756_create_to_dos_table.php does not comply with psr-4 autoloading standard (rule: Modules\ => ./Modules). Skipping.
2026-08-14T13:15:04.5584258Z Class AddHrmColumnsToUsersTable located in ./Modules/Essentials/Database/Migrations/2019_12_05_170724_add_hrm_columns_to_users_table.php does not comply with psr-4 autoloading standard (rule: Modules\ => ./Modules). Skipping.
2026-08-14T13:15:04.5587500Z Class CreateEssentialsUserSalesTargetsTable located in ./Modules/Essentials/Database/Migrations/2021_09_28_091541_create_essentials_user_sales_targets_table.php does not comply with psr-4 autoloading standard (rule: Modules\ => ./Modules). Skipping.
2026-08-14T13:15:04.5590748Z Class CreateEssentialsShiftTable located in ./Modules/Essentials/Database/Migrations/2020_03_28_152838_create_essentials_shift_table.php does not comply with psr-4 autoloading standard (rule: Modules\ => ./Modules). Skipping.
2026-08-14T13:15:04.5593771Z Class CreateEssentialsLeaveTypesTable located in ./Modules/Essentials/Database/Migrations/2019_05_17_153306_create_essentials_leave_types_table.php does not comply with psr-4 autoloading standard (rule: Modules\ => ./Modules). Skipping.
2026-08-14T13:15:04.5596750Z Class CreateDocumentSharesTable located in ./Modules/Essentials/Database/Migrations/2018_10_02_151803_create_document_shares_table.php does not comply with psr-4 autoloading standard (rule: Modules\ => ./Modules). Skipping.
2026-08-14T13:15:04.5600098Z Class AddEndTimeColumnToEssentialsRemindersTable located in ./Modules/Essentials/Database/Migrations/2020_11_11_174852_add_end_time_column_to_essentials_reminders_table.php does not comply with psr-4 autoloading standard (rule: Modules\ => ./Modules). Skipping.
2026-08-14T13:15:04.5603427Z Class CreatePayrollGroupTransactionsTable located in ./Modules/Essentials/Database/Migrations/2021_03_04_175025_create_payroll_group_transactions_table.php does not comply with psr-4 autoloading standard (rule: Modules\ => ./Modules). Skipping.
2026-08-14T13:15:04.5606653Z Class AddAllowanceAndDeductionsPermission located in ./Modules/Essentials/Database/Migrations/2019_12_09_105809_add_allowance_and_deductions_permission.php does not comply with psr-4 autoloading standard (rule: Modules\ => ./Modules). Skipping.
2026-08-14T13:15:04.5610133Z Class CreateEssentialsAllowanceAndDeductionTable located in ./Modules/Essentials/Database/Migrations/2019_08_27_103724_create_essentials_allowance_and_deduction_table.php does not comply with psr-4 autoloading standard (rule: Modules\ => ./Modules). Skipping.
2026-08-14T13:15:04.5613622Z Class AddEssentialsSettingsColumnsToBusinessTable located in ./Modules/Essentials/Database/Migrations/2019_05_21_154517_add_essentials_settings_columns_to_business_table.php does not comply with psr-4 autoloading standard (rule: Modules\ => ./Modules). Skipping.
2026-08-14T13:15:04.5617276Z Class CreateEssentialsUserAllowancesAndDeductions located in ./Modules/Essentials/Database/Migrations/2019_08_27_105236_create_essentials_user_allowances_and_deductions.php does not comply with psr-4 autoloading standard (rule: Modules\ => ./Modules). Skipping.
2026-08-14T13:15:04.5620575Z Class AddEssentialsVersionToSystemTable located in ./Modules/Essentials/Database/Migrations/2019_03_29_164339_add_essentials_version_to_system_table.php does not comply with psr-4 autoloading standard (rule: Modules\ => ./Modules). Skipping.
2026-08-14T13:15:04.5623974Z Class CreateTableEssentialsAttendance located in ./Modules/Essentials/Database/Migrations/2019_05_21_181653_create_table_essentials_attendance.php does not comply with psr-4 autoloading standard (rule: Modules\ => ./Modules). Skipping.
2026-08-14T13:15:04.5627833Z Class AddPayrollColumnsToTransactionsTable located in ./Modules/Essentials/Database/Migrations/2019_06_28_134217_add_payroll_columns_to_transactions_table.php does not comply with psr-4 autoloading standard (rule: Modules\ => ./Modules). Skipping.
2026-08-14T13:15:04.5630932Z Class CreateLicencaLogTable located in ./Modules/Officeimpresso/Database/Migrations/2026_04_23_200000_create_licenca_log_table.php does not comply with psr-4 autoloading standard (rule: Modules\ => ./Modules). Skipping.
2026-08-14T13:15:04.5633895Z Class CreateLicencaComputadorTable located in ./Modules/Officeimpresso/Database/Migrations/2024_11_05_101935_create_licenca_computador_table.php does not comply with psr-4 autoloading standard (rule: Modules\ => ./Modules). Skipping.
2026-08-14T13:15:04.5637124Z Class AddIndexesToLicencaComputador located in ./Modules/Officeimpresso/Database/Migrations/2026_04_23_200200_add_indexes_to_licenca_computador.php does not comply with psr-4 autoloading standard (rule: Modules\ => ./Modules). Skipping.
2026-08-14T13:15:04.5640322Z Class DropLicencaLogTriggers located in ./Modules/Officeimpresso/Database/Migrations/2026_04_24_000000_drop_licenca_log_triggers.php does not comply with psr-4 autoloading standard (rule: Modules\ => ./Modules). Skipping.
2026-08-14T13:15:04.5643295Z Class UpdateLicencaComputadorTable located in ./Modules/Officeimpresso/Database/Migrations/2024_11_07_083505_update_licenca_computador_table.php does not comply with psr-4 autoloading standard (rule: Modules\ => ./Modules). Skipping.
2026-08-14T13:15:04.5646286Z Class CreateLicencaLogTriggers located in ./Modules/Officeimpresso/Database/Migrations/2026_04_23_200100_create_licenca_log_triggers.php does not comply with psr-4 autoloading standard (rule: Modules\ => ./Modules). Skipping.
2026-08-14T13:15:04.5649367Z Class AddOfficeimpressoVersion located in ./Modules/Officeimpresso/Database/Migrations/2025_02_07_184909_add_officeimpresso_version.php does not comply with psr-4 autoloading standard (rule: Modules\ => ./Modules). Skipping.
2026-08-14T13:15:04.5652182Z Class FakeAsaasChargeStub located in ./Modules/RecurringBilling/Tests/Feature/CancelarCobrancaAsaasJobTest.php does not comply with psr-4 autoloading standard (rule: Modules\ => ./Modules). Skipping.
2026-08-14T13:15:04.5654903Z Class FakeAsaasRefundChargeStub located in ./Modules/RecurringBilling/Tests/Feature/RefundCobrancaAsaasJobTest.php does not comply with psr-4 autoloading standard (rule: Modules\ => ./Modules). Skipping.
2026-08-14T13:15:04.5657746Z Class CreateJobSheetsTable located in ./Modules/Repair/Database/Migrations/2020_07_31_130737_create_job_sheets_table.php does not comply with psr-4 autoloading standard (rule: Modules\ => ./Modules). Skipping.
2026-08-14T13:15:04.5660684Z Class AddUseForRepairColumnToBrandsTable located in ./Modules/Repair/Database/Migrations/2020_12_30_101842_add_use_for_repair_column_to_brands_table.php does not comply with psr-4 autoloading standard (rule: Modules\ => ./Modules). Skipping.
2026-08-14T13:15:04.5663770Z Class AddColumnsToRepairStatusesTable located in ./Modules/Repair/Database/Migrations/2020_07_11_120308_add_columns_to_repair_statuses_table.php does not comply with psr-4 autoloading standard (rule: Modules\ => ./Modules). Skipping.
2026-08-14T13:15:04.5666989Z Class AddJobSheetIdToTransactionsTable located in ./Modules/Repair/Database/Migrations/2020_08_07_124241_add_job_sheet_id_to_transactions_table.php does not comply with psr-4 autoloading standard (rule: Modules\ => ./Modules). Skipping.
2026-08-14T13:15:04.5669880Z Class AddRepairModuleIndexing located in ./Modules/Repair/Database/Migrations/2021_02_16_190423_add_repair_module_indexing.php does not comply with psr-4 autoloading standard (rule: Modules\ => ./Modules). Skipping.
2026-08-14T13:15:04.5672858Z Class MakeRepairStatusesTable located in ./Modules/Repair/Database/Migrations/2019_03_07_155813_make_repair_statuses_table.php does not comply with psr-4 autoloading standard (rule: Modules\ => ./Modules). Skipping.
2026-08-14T13:15:04.5676067Z Class AddRepairJobsheetSettingsColumnToBusinessTable located in ./Modules/Repair/Database/Migrations/2022_12_23_162847_add_repair_jobsheet_settings_column_to_business_table.php does not comply with psr-4 autoloading standard (rule: Modules\ => ./Modules). Skipping.
2026-08-14T13:15:04.5679586Z Class AddRepairSettingsColumnToBusinessTable located in ./Modules/Repair/Database/Migrations/2019_04_12_113901_add_repair_settings_column_to_business_table.php does not comply with psr-4 autoloading standard (rule: Modules\ => ./Modules). Skipping.
2026-08-14T13:15:04.5682796Z Class AddRepairVersionColumnToSystemTable located in ./Modules/Repair/Database/Migrations/2019_03_29_110241_add_repair_version_column_to_system_table.php does not comply with psr-4 autoloading standard (rule: Modules\ => ./Modules). Skipping.
2026-08-14T13:15:04.5685999Z Class AddPartsColumnToRepairJobSheetsTable located in ./Modules/Repair/Database/Migrations/2020_11_25_111050_add_parts_column_to_repair_job_sheets_table.php does not comply with psr-4 autoloading standard (rule: Modules\ => ./Modules). Skipping.
2026-08-14T13:15:04.5689469Z Class AddRepairColumnsToTransactionsTable located in ./Modules/Repair/Database/Migrations/2019_03_08_120634_add_repair_columns_to_transactions_table.php does not comply with psr-4 autoloading standard (rule: Modules\ => ./Modules). Skipping.
2026-08-14T13:15:04.5692673Z Class AddRepairModelIdColumnToProductsTable located in ./Modules/Repair/Database/Migrations/2020_05_06_103135_add_repair_model_id_column_to_products_table.php does not comply with psr-4 autoloading standard (rule: Modules\ => ./Modules). Skipping.
2026-08-14T13:15:04.5695629Z Class AddRepairPermissions located in ./Modules/Repair/Database/Migrations/2019_03_14_182704_add_repair_permissions.php does not comply with psr-4 autoloading standard (rule: Modules\ => ./Modules). Skipping.
2026-08-14T13:15:04.5698900Z Class AddJobSheetCustomFieldsToRepairJobSheetsTable located in ./Modules/Repair/Database/Migrations/2020_10_19_131934_add_job_sheet_custom_fields_to_repair_job_sheets_table.php does not comply with psr-4 autoloading standard (rule: Modules\ => ./Modules). Skipping.
2026-08-14T13:15:04.5702307Z Class AddEmailTemplateFieldToRepairStatusTable located in ./Modules/Repair/Database/Migrations/2020_08_22_104640_add_email_template_field_to_repair_status_table.php does not comply with psr-4 autoloading standard (rule: Modules\ => ./Modules). Skipping.
2026-08-14T13:15:04.5705322Z Class CreateDeviceModelsTable located in ./Modules/Repair/Database/Migrations/2020_05_05_125008_create_device_models_table.php does not comply with psr-4 autoloading standard (rule: Modules\ => ./Modules). Skipping.
2026-08-14T13:15:04.5708233Z Class FakeTelemetryAgent located in ./Modules/Jana/Tests/Feature/Telemetry/LangfuseAgentTelemetryListenerTest.php does not comply with psr-4 autoloading standard (rule: Modules\ => ./Modules). Skipping.
2026-08-14T13:15:04.5710983Z Class ObservableStreamAdapterFake located in ./Modules/Jana/Tests/Feature/Telemetry/ChatStreamObservabilityTest.php does not comply with psr-4 autoloading standard (rule: Modules\ => ./Modules). Skipping.
2026-08-14T13:15:04.5713723Z Class DisconnectingChatController located in ./Modules/Jana/Tests/Feature/Telemetry/ChatStreamObservabilityTest.php does not comply with psr-4 autoloading standard (rule: Modules\ => ./Modules). Skipping.
2026-08-14T13:15:04.5716313Z Class FakeStreamAdapterTokens located in ./Modules/Jana/Tests/Feature/Chat/ChatTokensTurnoTest.php does not comply with psr-4 autoloading standard (rule: Modules\ => ./Modules). Skipping.
2026-08-14T13:15:04.5719127Z Class FakeReconcilerBase located in ./Modules/Jana/Tests/Feature/Reconcile/ReconcileCommandTest.php does not comply with psr-4 autoloading standard (rule: Modules\ => ./Modules). Skipping.
2026-08-14T13:15:04.5721626Z Class FakeReconcilerState located in ./Modules/Jana/Tests/Feature/Reconcile/ReconcileCommandTest.php does not comply with psr-4 autoloading standard (rule: Modules\ => ./Modules). Skipping.
2026-08-14T13:15:04.5724209Z Class FakeIndexReconciler located in ./Modules/Jana/Tests/Feature/Reconcile/ReconcileCommandTest.php does not comply with psr-4 autoloading standard (rule: Modules\ => ./Modules). Skipping.
2026-08-14T13:15:04.5726765Z Class FakeSettingsReconciler located in ./Modules/Jana/Tests/Feature/Reconcile/ReconcileCommandTest.php does not comply with psr-4 autoloading standard (rule: Modules\ => ./Modules). Skipping.
2026-08-14T13:15:04.5729428Z Class FakeDeployReconciler located in ./Modules/Jana/Tests/Feature/Reconcile/ReconcileCommandTest.php does not comply with psr-4 autoloading standard (rule: Modules\ => ./Modules). Skipping.
2026-08-14T13:15:04.5732181Z Class CreateCopilotoConversasTable located in ./Modules/Jana/Database/Migrations/2026_04_24_000005_create_copiloto_conversas_table.php does not comply with psr-4 autoloading standard (rule: Modules\ => ./Modules). Skipping.
2026-08-14T13:15:04.5735273Z Class CreateCopilotoMetaFontesTable located in ./Modules/Jana/Database/Migrations/2026_04_24_000003_create_copiloto_meta_fontes_table.php does not comply with psr-4 autoloading standard (rule: Modules\ => ./Modules). Skipping.
2026-08-14T13:15:04.5738408Z Class CreateCopilotoMetaApuracoesTable located in ./Modules/Jana/Database/Migrations/2026_04_24_000004_create_copiloto_meta_apuracoes_table.php does not comply with psr-4 autoloading standard (rule: Modules\ => ./Modules). Skipping.
2026-08-14T13:15:04.5741344Z Class AddPromotionToMemoriaFacts located in ./Modules/Jana/Database/Migrations/2026_04_29_500002_add_promotion_to_memoria_facts.php does not comply with psr-4 autoloading standard (rule: Modules\ => ./Modules). Skipping.
2026-08-14T13:15:04.5744284Z Class CreateCopilotoNegativeCacheTable located in ./Modules/Jana/Database/Migrations/2026_04_29_500003_create_copiloto_negative_cache_table.php does not comply with psr-4 autoloading standard (rule: Modules\ => ./Modules). Skipping.
2026-08-14T13:15:04.5747507Z Class CreateCopilotoMemoriaMetricasTable located in ./Modules/Jana/Database/Migrations/2026_04_29_000001_create_copiloto_memoria_metricas_table.php does not comply with psr-4 autoloading standard (rule: Modules\ => ./Modules). Skipping.
2026-08-14T13:15:04.5750615Z Class CreateCopilotoMemoriaGabaritoTable located in ./Modules/Jana/Database/Migrations/2026_04_29_200001_create_copiloto_memoria_gabarito_table.php does not comply with psr-4 autoloading standard (rule: Modules\ => ./Modules). Skipping.
2026-08-14T13:15:04.5753689Z Class CreateCopilotoCacheSemanticoTable located in ./Modules/Jana/Database/Migrations/2026_04_29_400001_create_copiloto_cache_semantico_table.php does not comply with psr-4 autoloading standard (rule: Modules\ => ./Modules). Skipping.
2026-08-14T13:15:04.5756766Z Class CreateCopilotoBusinessProfileTable located in ./Modules/Jana/Database/Migrations/2026_04_29_500001_create_copiloto_business_profile_table.php does not comply with psr-4 autoloading standard (rule: Modules\ => ./Modules). Skipping.
2026-08-14T13:15:04.5759862Z Class CreateCopilotoMensagensTable located in ./Modules/Jana/Database/Migrations/2026_04_24_000006_create_copiloto_mensagens_table.php does not comply with psr-4 autoloading standard (rule: Modules\ => ./Modules). Skipping.
2026-08-14T13:15:04.5762758Z Class CreateCopilotoSugestoesTable located in ./Modules/Jana/Database/Migrations/2026_04_24_000007_create_copiloto_sugestoes_table.php does not comply with psr-4 autoloading standard (rule: Modules\ => ./Modules). Skipping.
2026-08-14T13:15:04.5765715Z Class CreateCopilotoMetaPeriodosTable located in ./Modules/Jana/Database/Migrations/2026_04_24_000002_create_copiloto_meta_periodos_table.php does not comply with psr-4 autoloading standard (rule: Modules\ => ./Modules). Skipping.
2026-08-14T13:15:04.5768937Z Class CreateCopilotoMetasTable located in ./Modules/Jana/Database/Migrations/2026_04_24_000001_create_copiloto_metas_table.php does not comply with psr-4 autoloading standard (rule: Modules\ => ./Modules). Skipping.
2026-08-14T13:15:04.5771792Z Class AddOptionsToPackagesTable located in ./Modules/Superadmin/Database/Migrations/2018_07_19_131721_add_options_to_packages_table.php does not comply with psr-4 autoloading standard (rule: Modules\ => ./Modules). Skipping.
2026-08-14T13:15:04.5774744Z Class AddMoreFieldsToPackagesTable located in ./Modules/Superadmin/Database/Migrations/2018_11_05_161848_add_more_fields_to_packages_table.php does not comply with psr-4 autoloading standard (rule: Modules\ => ./Modules). Skipping.
2026-08-14T13:15:04.5777909Z Class AddMissingDatabaseColumnIndexes located in ./Modules/Superadmin/Database/Migrations/2019_05_10_135434_add_missing_database_column_indexes.php does not comply with psr-4 autoloading standard (rule: Modules\ => ./Modules). Skipping.
2026-08-14T13:15:04.5780802Z Class CreatePackagesTable located in ./Modules/Superadmin/Database/Migrations/2018_06_27_185405_create_packages_table.php does not comply with psr-4 autoloading standard (rule: Modules\ => ./Modules). Skipping.
2026-08-14T13:15:04.5783946Z Class AddSuperadminCommunicatorLogsTable located in ./Modules/Superadmin/Database/Migrations/2018_08_30_105906_add_superadmin_communicator_logs_table.php does not comply with psr-4 autoloading standard (rule: Modules\ => ./Modules). Skipping.
2026-08-14T13:15:04.5787054Z Class AddRowsToSystemTable located in ./Modules/Superadmin/Database/Migrations/2018_07_17_182021_add_rows_to_system_table.php does not comply with psr-4 autoloading standard (rule: Modules\ => ./Modules). Skipping.
2026-08-14T13:15:04.5789902Z Class AddMinTerminationAlertDays located in ./Modules/Superadmin/Database/Migrations/2018_08_17_155534_add_min_termination_alert_days.php does not comply with psr-4 autoloading standard (rule: Modules\ => ./Modules). Skipping.
2026-08-14T13:15:04.5792810Z Class CreateSubscriptionsTable located in ./Modules/Superadmin/Database/Migrations/2018_06_28_182803_create_subscriptions_table.php does not comply with psr-4 autoloading standard (rule: Modules\ => ./Modules). Skipping.
2026-08-14T13:15:04.5796069Z Class AddBusinessBasedUsernameSettingsToSystemTable located in ./Modules/Superadmin/Database/Migrations/2018_08_28_105945_add_business_based_username_settings_to_system_table.php does not comply with psr-4 autoloading standard (rule: Modules\ => ./Modules). Skipping.
2026-08-14T13:15:04.5799541Z Class ModifySystemTableValuesNullDefault located in ./Modules/Superadmin/Database/Migrations/2018_12_10_124621_modify_system_table_values_null_default.php does not comply with psr-4 autoloading standard (rule: Modules\ => ./Modules). Skipping.
2026-08-14T13:15:04.5802732Z Class CreateSuperadminFrontendPagesTable located in ./Modules/Superadmin/Database/Migrations/2019_08_16_115300_create_superadmin_frontend_pages_table.php does not comply with psr-4 autoloading standard (rule: Modules\ => ./Modules). Skipping.
2026-08-14T13:15:04.5805978Z Class AddCustomPermissionsToPackagesTable located in ./Modules/Superadmin/Database/Migrations/2018_11_02_130636_add_custom_permissions_to_packages_table.php does not comply with psr-4 autoloading standard (rule: Modules\ => ./Modules). Skipping.
2026-08-14T13:15:04.5809188Z Class Modules\Ponto\Database\Factories\IntercorrenciaFactory located in ./Modules/Ponto/Database/factories/IntercorrenciaFactory.php does not comply with psr-4 autoloading standard (rule: Modules\ => ./Modules). Skipping.
2026-08-14T13:15:04.5812109Z Class Modules\Ponto\Database\Factories\ColaboradorFactory located in ./Modules/Ponto/Database/factories/ColaboradorFactory.php does not comply with psr-4 autoloading standard (rule: Modules\ => ./Modules). Skipping.
2026-08-14T13:15:04.5814890Z Class Modules\Ponto\Database\Factories\MarcacaoFactory located in ./Modules/Ponto/Database/factories/MarcacaoFactory.php does not comply with psr-4 autoloading standard (rule: Modules\ => ./Modules). Skipping.
2026-08-14T13:15:04.5817903Z Class Modules\Ponto\Database\Factories\EscalaFactory located in ./Modules/Ponto/Database/factories/EscalaFactory.php does not comply with psr-4 autoloading standard (rule: Modules\ => ./Modules). Skipping.
2026-08-14T13:15:04.5820675Z Class Modules\Ponto\Database\Factories\EscalaTurnoFactory located in ./Modules/Ponto/Database/factories/EscalaTurnoFactory.php does not comply with psr-4 autoloading standard (rule: Modules\ => ./Modules). Skipping.
2026-08-14T13:15:04.5823586Z Class CreatePontoBancoHorasTable located in ./Modules/Ponto/Database/Migrations/2026_04_18_000007_create_ponto_banco_horas_table.php does not comply with psr-4 autoloading standard (rule: Modules\ => ./Modules). Skipping.
2026-08-14T13:15:04.5829260Z Class CreatePontoColaboradorConfigTable located in ./Modules/Ponto/Database/Migrations/2026_04_18_000001_create_ponto_colaborador_config_table.php does not comply with psr-4 autoloading standard (rule: Modules\ => ./Modules). Skipping.
2026-08-14T13:15:04.5832332Z Class CreatePontoIntercorrenciasTable located in ./Modules/Ponto/Database/Migrations/2026_04_18_000005_create_ponto_intercorrencias_table.php does not comply with psr-4 autoloading standard (rule: Modules\ => ./Modules). Skipping.
2026-08-14T13:15:04.5835462Z Class CreatePontoMarcacoesTable located in ./Modules/Ponto/Database/Migrations/2026_04_18_000004_create_ponto_marcacoes_table.php does not comply with psr-4 autoloading standard (rule: Modules\ => ./Modules). Skipping.
2026-08-14T13:15:04.5838371Z Class CreatePontoEscalasTable located in ./Modules/Ponto/Database/Migrations/2026_04_18_000003_create_ponto_escalas_table.php does not comply with psr-4 autoloading standard (rule: Modules\ => ./Modules). Skipping.
2026-08-14T13:15:04.5841200Z Class CreatePontoApuracaoDiaTable located in ./Modules/Ponto/Database/Migrations/2026_04_18_000006_create_ponto_apuracao_dia_table.php does not comply with psr-4 autoloading standard (rule: Modules\ => ./Modules). Skipping.
2026-08-14T13:15:04.5844096Z Class CreatePontoImportacoesTable located in ./Modules/Ponto/Database/Migrations/2026_04_18_000008_create_ponto_importacoes_table.php does not comply with psr-4 autoloading standard (rule: Modules\ => ./Modules). Skipping.
2026-08-14T13:15:04.5846996Z Class CreatePontoRepsTable located in ./Modules/Ponto/Database/Migrations/2026_04_18_000002_create_ponto_reps_table.php does not comply with psr-4 autoloading standard (rule: Modules\ => ./Modules). Skipping.
2026-08-14T13:15:04.5849621Z Class CreateCmsPagesTable located in ./Modules/Cms/Database/Migrations/2022_08_04_143146_create_cms_pages_table.php does not comply with psr-4 autoloading standard (rule: Modules\ => ./Modules). Skipping.
2026-08-14T13:15:04.5852277Z Class CreateCmsPageMetasTable located in ./Modules/Cms/Database/Migrations/2022_09_15_122547_create_cms_page_metas_table.php does not comply with psr-4 autoloading standard (rule: Modules\ => ./Modules). Skipping.
2026-08-14T13:15:04.5855004Z Class CreateDefaultDataForCms located in ./Modules/Cms/Database/Migrations/2022_09_16_130337_create_default_data_for_cms.php does not comply with psr-4 autoloading standard (rule: Modules\ => ./Modules). Skipping.
2026-08-14T13:15:04.5857969Z Class AddLayoutColumnToCmsPagesTable located in ./Modules/Cms/Database/Migrations/2022_09_10_161849_add_layout_column_to_cms_pages_table.php does not comply with psr-4 autoloading standard (rule: Modules\ => ./Modules). Skipping.
2026-08-14T13:15:04.5860833Z Class CreateCmsSiteDetailsTable located in ./Modules/Cms/Database/Migrations/2022_09_10_163209_create_cms_site_details_table.php does not comply with psr-4 autoloading standard (rule: Modules\ => ./Modules). Skipping.
2026-08-14T13:15:04.5863527Z Class ManifestacaoServiceSemSefaz located in ./Modules/NfeBrasil/Tests/Feature/ManifestacaoContratoTest.php does not comply with psr-4 autoloading standard (rule: Modules\ => ./Modules). Skipping.
2026-08-14T13:15:04.5866511Z Class CreateNfeCertificadosTable located in ./Modules/NFSe/Database/Migrations/2026_05_01_000001_create_nfe_certificados_table.php does not comply with psr-4 autoloading standard (rule: Modules\ => ./Modules). Skipping.
2026-08-14T13:15:04.5869538Z Class CreateNfseProviderConfigsTable located in ./Modules/NFSe/Database/Migrations/2026_05_01_000002_create_nfse_provider_configs_table.php does not comply with psr-4 autoloading standard (rule: Modules\ => ./Modules). Skipping.
2026-08-14T13:15:04.5872406Z Class CreateNfseEmissoesTable located in ./Modules/NFSe/Database/Migrations/2026_05_01_000003_create_nfse_emissoes_table.php does not comply with psr-4 autoloading standard (rule: Modules\ => ./Modules). Skipping.
2026-08-14T13:15:04.5875128Z Class FakeBradescoCnabDriver located in ./Modules/PaymentGateway/Tests/Feature/CnabBoletoAdapterContractTest.php does not comply with psr-4 autoloading standard (rule: Modules\ => ./Modules). Skipping.
2026-08-14T13:15:04.5878189Z Class CreateAssetMaintenancesTable located in ./Modules/AssetManagement/Database/Migrations/2022_03_26_062215_create_asset_maintenances_table.php does not comply with psr-4 autoloading standard (rule: Modules\ => ./Modules). Skipping.
2026-08-14T13:15:04.5881228Z Class CreateAssetWarrantiesTable located in ./Modules/AssetManagement/Database/Migrations/2021_10_29_110841_create_asset_warranties_table.php does not comply with psr-4 autoloading standard (rule: Modules\ => ./Modules). Skipping.
2026-08-14T13:15:04.5884901Z Class AddMaintenanceNoteColumnToAssetMaintenancesTable located in ./Modules/AssetManagement/Database/Migrations/2022_05_11_070711_add_maintenance_note_column_to_asset_maintenances_table.php does not comply with psr-4 autoloading standard (rule: Modules\ => ./Modules). Skipping.
2026-08-14T13:15:04.5888568Z Class AddAssetSettingsColumnToBusinessTable located in ./Modules/AssetManagement/Database/Migrations/2020_08_21_180138_add_asset_settings_column_to_business_table.php does not comply with psr-4 autoloading standard (rule: Modules\ => ./Modules). Skipping.
2026-08-14T13:15:04.5892053Z Class AddAssetManagementModuleVersionToSystemTable located in ./Modules/AssetManagement/Database/Migrations/2020_08_19_175842_add_asset_management_module_version_to_system_table.php does not comply with psr-4 autoloading standard (rule: Modules\ => ./Modules). Skipping.
2026-08-14T13:15:04.5895143Z Class CreateAssetsTable located in ./Modules/AssetManagement/Database/Migrations/2020_08_20_114339_create_assets_table.php does not comply with psr-4 autoloading standard (rule: Modules\ => ./Modules). Skipping.
2026-08-14T13:15:04.5898170Z Class CreateAssetTransactionsTable located in ./Modules/AssetManagement/Database/Migrations/2020_08_20_173031_create_asset_transactions_table.php does not comply with psr-4 autoloading standard (rule: Modules\ => ./Modules). Skipping.
2026-08-14T13:15:04.5901473Z Class AddFolderIdColumnToSheetSpreadsheetsTable located in ./Modules/Spreadsheet/Database/Migrations/2023_01_16_124948_add_folder_id_column_to_sheet_spreadsheets_table.php does not comply with psr-4 autoloading standard (rule: Modules\ => ./Modules). Skipping.
2026-08-14T13:15:04.5904668Z Class CreateSpreadsheetSharesTable located in ./Modules/Spreadsheet/Database/Migrations/2021_03_12_175416_create_spreadsheet_shares_table.php does not comply with psr-4 autoloading standard (rule: Modules\ => ./Modules). Skipping.
2026-08-14T13:15:04.5907893Z Class AddSpreadsheetVersionToSystemTable located in ./Modules/Spreadsheet/Database/Migrations/2020_12_23_125610_add_spreadsheet_version_to_system_table.php does not comply with psr-4 autoloading standard (rule: Modules\ => ./Modules). Skipping.
2026-08-14T13:15:04.5910915Z Class CreateSpreadsheetsTable located in ./Modules/Spreadsheet/Database/Migrations/2020_12_23_153255_create_spreadsheets_table.php does not comply with psr-4 autoloading standard (rule: Modules\ => ./Modules). Skipping.
2026-08-14T13:15:04.5913861Z Class AddModuleVersionToSystemTable located in ./Modules/Woocommerce/Database/Migrations/2018_10_10_110400_add_module_version_to_system_table.php does not comply with psr-4 autoloading standard (rule: Modules\ => ./Modules). Skipping.
2026-08-14T13:15:04.5917121Z Class AddWoocommercePermissions located in ./Modules/Woocommerce/Database/Migrations/2018_12_03_163945_add_woocommerce_permissions.php does not comply with psr-4 autoloading standard (rule: Modules\ => ./Modules). Skipping.
2026-08-14T13:15:04.5920380Z Class AddWoocommerceTaxRateIdColumnToTaxRatesTable located in ./Modules/Woocommerce/Database/Migrations/2018_10_16_123522_add_woocommerce_tax_rate_id_column_to_tax_rates_table.php does not comply with psr-4 autoloading standard (rule: Modules\ => ./Modules). Skipping.
2026-08-14T13:15:04.5924052Z Class AddWoocommerceSkippedOrdersFieldsToBusinessTable located in ./Modules/Woocommerce/Database/Migrations/2020_09_07_124952_add_woocommerce_skipped_orders_fields_to_business_table.php does not comply with psr-4 autoloading standard (rule: Modules\ => ./Modules). Skipping.
2026-08-14T13:15:04.5927771Z Class AddWoocommerceWhOcSecretColumnToBusinessTable located in ./Modules/Woocommerce/Database/Migrations/2019_06_08_132440_add_woocommerce_wh_oc_secret_column_to_business_table.php does not comply with psr-4 autoloading standard (rule: Modules\ => ./Modules). Skipping.
2026-08-14T13:15:04.5931516Z Class AddDisableWoocommerceSyncColumnToProductsTable located in ./Modules/Woocommerce/Database/Migrations/2019_04_19_174129_add_disable_woocommerce_sync_column_to_products_table.php does not comply with psr-4 autoloading standard (rule: Modules\ => ./Modules). Skipping.
2026-08-14T13:15:04.5934829Z Class ChangeWoocommerceSyncLogsTable located in ./Modules/Woocommerce/Database/Migrations/2019_02_18_154414_change_woocommerce_sync_logs_table.php does not comply with psr-4 autoloading standard (rule: Modules\ => ./Modules). Skipping.
2026-08-14T13:15:04.5938022Z Class CreateWoocommerceSyncLogsTable located in ./Modules/Woocommerce/Database/Migrations/2018_10_11_173839_create_woocommerce_sync_logs_table.php does not comply with psr-4 autoloading standard (rule: Modules\ => ./Modules). Skipping.
2026-08-14T13:15:04.5941058Z Class AddWoocommerceModuleIndexing located in ./Modules/Woocommerce/Database/Migrations/2021_02_16_190608_add_woocommerce_module_indexing.php does not comply with psr-4 autoloading standard (rule: Modules\ => ./Modules). Skipping.
2026-08-14T13:15:04.5944063Z Class AddWoocommerceMediaIdColumns located in ./Modules/Woocommerce/Database/Migrations/2019_10_01_171828_add_woocommerce_media_id_columns.php does not comply with psr-4 autoloading standard (rule: Modules\ => ./Modules). Skipping.
2026-08-14T13:15:04.5947414Z Class AddWoocommerceApiSettingsToBusinessTable located in ./Modules/Woocommerce/Database/Migrations/2018_10_10_122845_add_woocommerce_api_settings_to_business_table.php does not comply with psr-4 autoloading standard (rule: Modules\ => ./Modules). Skipping.
2026-08-14T13:15:04.5950828Z Class AddWoocommerceCategoryIdToCategoriesTable located in ./Modules/Woocommerce/Database/Migrations/2018_10_10_162041_add_woocommerce_category_id_to_categories_table.php does not comply with psr-4 autoloading standard (rule: Modules\ => ./Modules). Skipping.
2026-08-14T13:15:04.5954487Z Class AddWoocommerceAttrIdColumnToVariationTemplatesTable located in ./Modules/Woocommerce/Database/Migrations/2018_10_23_111555_add_woocommerce_attr_id_column_to_variation_templates_table.php does not comply with psr-4 autoloading standard (rule: Modules\ => ./Modules). Skipping.
2026-08-14T13:15:04.5957303Z Class App\Cidades located in ./app/Http/Controllers/Cidades.php does not comply with psr-4 autoloading standard (rule: App\ => ./app). Skipping.
2026-08-14T13:15:04.5959701Z Class Modules\Restaurant\Http\Controllers\RestaurantController located in ./app/Http/Controllers/Restaurant/RestaurantController.php does not comply with psr-4 autoloading standard (rule: App\ => ./app). Skipping.
2026-08-14T13:15:04.5962412Z Class App\Http\Controllers\Api\CondicaopagtoController located in ./app/Http/Controllers/CondicaopagtoController.php does not comply with psr-4 autoloading standard (rule: App\ => ./app). Skipping.
2026-08-14T13:15:04.5964906Z Class App\Http\Controllers\SellController located in ./app/SellController.php does not comply with psr-4 autoloading standard (rule: App\ => ./app). Skipping.
2026-08-14T13:15:04.5967220Z Class App\Http\Controllers\EnviarXmlController located in ./app/Services/EnviarXmlController.php does not comply with psr-4 autoloading standard (rule: App\ => ./app). Skipping.
2026-08-14T13:15:04.6911071Z 167 packages you are using are looking for funding.
2026-08-14T13:15:04.6911720Z Use the `composer fund` command to find out more!
2026-08-14T13:15:04.7260253Z ##[group]Run npm ci
2026-08-14T13:15:04.7260507Z [36;1mnpm ci[0m
2026-08-14T13:15:04.7301812Z shell: /usr/bin/bash -e {0}
2026-08-14T13:15:04.7302168Z env:
2026-08-14T13:15:04.7302466Z   VISREG_GRAY_APPROVED: 0
2026-08-14T13:15:04.7302829Z   COMPOSER_PROCESS_TIMEOUT: 0
2026-08-14T13:15:04.7303131Z   COMPOSER_NO_INTERACTION: 1
2026-08-14T13:15:04.7303371Z   COMPOSER_NO_AUDIT: 1
2026-08-14T13:15:04.7303609Z ##[endgroup]
2026-08-14T13:15:05.4443347Z npm warn EBADENGINE Unsupported engine {
2026-08-14T13:15:05.4444303Z npm warn EBADENGINE   package: 'mute-stream@4.0.0',
2026-08-14T13:15:05.4445224Z npm warn EBADENGINE   required: { node: '^22.22.2 || ^24.15.0 || >=26.0.0' },
2026-08-14T13:15:05.4446179Z npm warn EBADENGINE   current: { node: 'v22.17.0', npm: '10.9.2' }
2026-08-14T13:15:05.4447496Z npm warn EBADENGINE }
2026-08-14T13:15:07.1088794Z npm warn deprecated whatwg-encoding@3.1.1: Use @exodus/bytes instead for a more spec-conformant and faster implementation
2026-08-14T13:15:11.8670370Z npm warn deprecated glob@10.5.0: Old versions of glob are not supported, and contain widely publicized security vulnerabilities, which have been fixed in the current version. Please update. Support for old versions may be purchased (at exorbitant rates) by contacting i@izs.me
2026-08-14T13:15:19.4955731Z 
2026-08-14T13:15:19.4956528Z added 1080 packages, and audited 1081 packages in 15s
2026-08-14T13:15:19.4957247Z 
2026-08-14T13:15:19.4957492Z 356 packages are looking for funding
2026-08-14T13:15:19.4957941Z   run `npm fund` for details
2026-08-14T13:15:19.5295653Z 
2026-08-14T13:15:19.5296471Z 21 vulnerabilities (1 low, 4 moderate, 15 high, 1 critical)
2026-08-14T13:15:19.5297152Z 
2026-08-14T13:15:19.5297491Z To address issues that do not require attention, run:
2026-08-14T13:15:19.5298001Z   npm audit fix
2026-08-14T13:15:19.5298200Z 
2026-08-14T13:15:19.5298541Z To address all issues (including breaking changes), run:
2026-08-14T13:15:19.5299076Z   npm audit fix --force
2026-08-14T13:15:19.5299338Z 
2026-08-14T13:15:19.5299536Z Run `npm audit` for details.
2026-08-14T13:15:19.6017530Z ##[group]Run node -e "const fs=require('fs'); const lock=require('./package-lock.json'); const expected=lock.packages['node_modules/playwright']?.version; const actual=JSON.parse(fs.readFileSync('./node_modules/playwright/package.json','utf8')).version; if (!expected || actual !== expected) throw new Error('Playwright fora do lock: '+actual+' != '+expected); console.log('Playwright lockado:', actual)"
2026-08-14T13:15:19.6020073Z [36;1mnode -e "const fs=require('fs'); const lock=require('./package-lock.json'); const expected=lock.packages['node_modules/playwright']?.version; const actual=JSON.parse(fs.readFileSync('./node_modules/playwright/package.json','utf8')).version; if (!expected || actual !== expected) throw new Error('Playwright fora do lock: '+actual+' != '+expected); console.log('Playwright lockado:', actual)"[0m
2026-08-14T13:15:19.6069579Z shell: /usr/bin/bash -e {0}
2026-08-14T13:15:19.6069847Z env:
2026-08-14T13:15:19.6070053Z   VISREG_GRAY_APPROVED: 0
2026-08-14T13:15:19.6070348Z   COMPOSER_PROCESS_TIMEOUT: 0
2026-08-14T13:15:19.6070602Z   COMPOSER_NO_INTERACTION: 1
2026-08-14T13:15:19.6070841Z   COMPOSER_NO_AUDIT: 1
2026-08-14T13:15:19.6071061Z ##[endgroup]
2026-08-14T13:15:19.6429335Z Playwright lockado: 1.60.0
2026-08-14T13:15:19.6500082Z ##[group]Run npx playwright install-deps chromium firefox webkit
2026-08-14T13:15:19.6500723Z [36;1mnpx playwright install-deps chromium firefox webkit[0m
2026-08-14T13:15:19.6543732Z shell: /usr/bin/bash -e {0}
2026-08-14T13:15:19.6543995Z env:
2026-08-14T13:15:19.6544199Z   VISREG_GRAY_APPROVED: 0
2026-08-14T13:15:19.6544449Z   COMPOSER_PROCESS_TIMEOUT: 0
2026-08-14T13:15:19.6544700Z   COMPOSER_NO_INTERACTION: 1
2026-08-14T13:15:19.6544934Z   COMPOSER_NO_AUDIT: 1
2026-08-14T13:15:19.6545158Z ##[endgroup]
2026-08-14T13:15:20.4032157Z Installing dependencies...
2026-08-14T13:15:20.4094584Z Switching to root user to install dependencies...
2026-08-14T13:15:20.4972811Z Get:1 file:/etc/apt/apt-mirrors.txt Mirrorlist [144 B]
2026-08-14T13:15:20.5308543Z Get:6 https://packages.microsoft.com/repos/azure-cli noble InRelease [3564 B]
2026-08-14T13:15:20.5436735Z Hit:2 http://azure.archive.ubuntu.com/ubuntu noble InRelease
2026-08-14T13:15:20.5441190Z Get:7 https://packages.microsoft.com/ubuntu/24.04/prod noble InRelease [3600 B]
2026-08-14T13:15:20.5467437Z Get:3 http://azure.archive.ubuntu.com/ubuntu noble-updates InRelease [126 kB]
2026-08-14T13:15:20.5523745Z Get:4 http://azure.archive.ubuntu.com/ubuntu noble-backports InRelease [126 kB]
2026-08-14T13:15:20.5573116Z Get:5 http://azure.archive.ubuntu.com/ubuntu noble-security InRelease [126 kB]
2026-08-14T13:15:20.5587284Z Get:8 https://dl.google.com/linux/chrome-stable/deb stable InRelease [2548 B]
2026-08-14T13:15:20.6285682Z Get:9 https://packages.microsoft.com/repos/azure-cli noble/main amd64 Packages [2452 B]
2026-08-14T13:15:20.7324248Z Get:10 https://packages.microsoft.com/ubuntu/24.04/prod noble/main amd64 Packages [321 kB]
2026-08-14T13:15:20.7419000Z Get:11 https://packages.microsoft.com/ubuntu/24.04/prod noble/main armhf Packages [12.3 kB]
2026-08-14T13:15:20.7455829Z Get:12 https://packages.microsoft.com/ubuntu/24.04/prod noble/main arm64 Packages [280 kB]
2026-08-14T13:15:20.7852783Z Get:13 http://azure.archive.ubuntu.com/ubuntu noble-updates/main amd64 Packages [1191 kB]
2026-08-14T13:15:20.7940152Z Get:14 http://azure.archive.ubuntu.com/ubuntu noble-updates/main Translation-en [282 kB]
2026-08-14T13:15:20.7950489Z Get:15 http://azure.archive.ubuntu.com/ubuntu noble-updates/main amd64 Components [180 kB]
2026-08-14T13:15:20.7987199Z Get:16 http://azure.archive.ubuntu.com/ubuntu noble-updates/universe amd64 Packages [1683 kB]
2026-08-14T13:15:20.8078380Z Get:17 http://azure.archive.ubuntu.com/ubuntu noble-updates/universe Translation-en [335 kB]
2026-08-14T13:15:20.8102887Z Get:18 http://azure.archive.ubuntu.com/ubuntu noble-updates/universe amd64 Components [388 kB]
2026-08-14T13:15:20.8134354Z Get:19 http://azure.archive.ubuntu.com/ubuntu noble-updates/restricted amd64 Packages [1424 kB]
2026-08-14T13:15:20.8226399Z Get:20 http://azure.archive.ubuntu.com/ubuntu noble-updates/restricted Translation-en [323 kB]
2026-08-14T13:15:20.8268139Z Get:21 http://azure.archive.ubuntu.com/ubuntu noble-updates/multiverse Translation-en [12.6 kB]
2026-08-14T13:15:20.8269568Z Get:22 http://azure.archive.ubuntu.com/ubuntu noble-updates/multiverse amd64 Components [940 B]
2026-08-14T13:15:20.8858959Z Get:23 http://azure.archive.ubuntu.com/ubuntu noble-backports/main amd64 Components [5768 B]
2026-08-14T13:15:20.8870804Z Get:24 http://azure.archive.ubuntu.com/ubuntu noble-backports/universe amd64 Components [12.6 kB]
2026-08-14T13:15:20.8978094Z Get:25 http://azure.archive.ubuntu.com/ubuntu noble-security/main amd64 Packages [934 kB]
2026-08-14T13:15:20.9026557Z Get:26 http://azure.archive.ubuntu.com/ubuntu noble-security/main Translation-en [202 kB]
2026-08-14T13:15:20.9051377Z Get:27 http://azure.archive.ubuntu.com/ubuntu noble-security/main amd64 Components [46.3 kB]
2026-08-14T13:15:20.9078404Z Get:28 http://azure.archive.ubuntu.com/ubuntu noble-security/universe amd64 Packages [1201 kB]
2026-08-14T13:15:20.9158083Z Get:29 http://azure.archive.ubuntu.com/ubuntu noble-security/universe Translation-en [240 kB]
2026-08-14T13:15:20.9178983Z Get:30 http://azure.archive.ubuntu.com/ubuntu noble-security/universe amd64 Components [76.3 kB]
2026-08-14T13:15:20.9191241Z Get:31 http://azure.archive.ubuntu.com/ubuntu noble-security/restricted amd64 Packages [1329 kB]
2026-08-14T13:15:20.9268104Z Get:32 http://azure.archive.ubuntu.com/ubuntu noble-security/restricted Translation-en [304 kB]
2026-08-14T13:15:20.9298674Z Get:33 http://azure.archive.ubuntu.com/ubuntu noble-security/multiverse Translation-en [10.9 kB]
2026-08-14T13:15:20.9635553Z Get:34 https://dl.google.com/linux/chrome-stable/deb stable/main amd64 Packages [1411 B]
2026-08-14T13:15:25.1203819Z Fetched 11.2 MB in 1s (7882 kB/s)
2026-08-14T13:15:25.8319543Z Reading package lists...
2026-08-14T13:15:25.8572936Z Reading package lists...
2026-08-14T13:15:26.0280320Z Building dependency tree...
2026-08-14T13:15:26.0283527Z Reading state information...
2026-08-14T13:15:26.0431373Z libasound2t64 is already the newest version (1.2.11-1ubuntu0.3).
2026-08-14T13:15:26.0432309Z libatk-bridge2.0-0t64 is already the newest version (2.52.0-1build1).
2026-08-14T13:15:26.0433131Z libatk1.0-0t64 is already the newest version (2.52.0-1build1).
2026-08-14T13:15:26.0433927Z libatspi2.0-0t64 is already the newest version (2.52.0-1build1).
2026-08-14T13:15:26.0434673Z libcairo2 is already the newest version (1.18.0-3build1).
2026-08-14T13:15:26.0435439Z libcups2t64 is already the newest version (2.4.7-1.2ubuntu7.14).
2026-08-14T13:15:26.0436229Z libdbus-1-3 is already the newest version (1.14.10-4ubuntu4.1).
2026-08-14T13:15:26.0437129Z libdbus-1-3 set to manually installed.
2026-08-14T13:15:26.0437819Z libdrm2 is already the newest version (2.4.125-1ubuntu0.1~24.04.2).
2026-08-14T13:15:26.0438608Z libgbm1 is already the newest version (25.2.8-0ubuntu0.24.04.2).
2026-08-14T13:15:26.0439402Z libglib2.0-0t64 is already the newest version (2.80.0-6ubuntu3.8).
2026-08-14T13:15:26.0440064Z libglib2.0-0t64 set to manually installed.
2026-08-14T13:15:26.0440733Z libnspr4 is already the newest version (2:4.35-1.1build1).
2026-08-14T13:15:26.0441483Z libnss3 is already the newest version (2:3.98-1ubuntu0.2).
2026-08-14T13:15:26.0442255Z libpango-1.0-0 is already the newest version (1.52.1+ds-1build1).
2026-08-14T13:15:26.0442908Z libpango-1.0-0 set to manually installed.
2026-08-14T13:15:26.0443551Z libx11-6 is already the newest version (2:1.8.7-1build1).
2026-08-14T13:15:26.0444145Z libx11-6 set to manually installed.
2026-08-14T13:15:26.0444736Z libxcb1 is already the newest version (1.15-1ubuntu2).
2026-08-14T13:15:26.0445313Z libxcb1 set to manually installed.
2026-08-14T13:15:26.0445974Z libxcomposite1 is already the newest version (1:0.4.5-1build3).
2026-08-14T13:15:26.0446758Z libxdamage1 is already the newest version (1:1.1.6-1build1).
2026-08-14T13:15:26.0447699Z libxext6 is already the newest version (2:1.3.4-1build2).
2026-08-14T13:15:26.0448300Z libxext6 set to manually installed.
2026-08-14T13:15:26.0448921Z libxfixes3 is already the newest version (1:6.0.0-2build1).
2026-08-14T13:15:26.0449674Z libxkbcommon0 is already the newest version (1.6.0-1build1).
2026-08-14T13:15:26.0450420Z libxrandr2 is already the newest version (2:1.5.2-2build1).
2026-08-14T13:15:26.0451160Z xvfb is already the newest version (2:21.1.12-1ubuntu1.6).
2026-08-14T13:15:26.0452032Z fonts-noto-color-emoji is already the newest version (2.047-0ubuntu0.24.04.1).
2026-08-14T13:15:26.0453057Z libfontconfig1 is already the newest version (2.15.0-1.1ubuntu2).
2026-08-14T13:15:26.0453726Z libfontconfig1 set to manually installed.
2026-08-14T13:15:26.0454444Z libfreetype6 is already the newest version (2.13.2+dfsg-1ubuntu0.1).
2026-08-14T13:15:26.0455132Z libfreetype6 set to manually installed.
2026-08-14T13:15:26.0455797Z fonts-liberation is already the newest version (1:2.1.5-3).
2026-08-14T13:15:26.0456639Z libcairo-gobject2 is already the newest version (1.18.0-3build1).
2026-08-14T13:15:26.0457482Z libcairo-gobject2 set to manually installed.
2026-08-14T13:15:26.0458270Z libgdk-pixbuf-2.0-0 is already the newest version (2.42.10+dfsg-3ubuntu3.3).
2026-08-14T13:15:26.0459511Z libgdk-pixbuf-2.0-0 set to manually installed.
2026-08-14T13:15:26.0460444Z libgtk-3-0t64 is already the newest version (3.24.41-4ubuntu1.3).
2026-08-14T13:15:26.0461311Z libpangocairo-1.0-0 is already the newest version (1.52.1+ds-1build1).
2026-08-14T13:15:26.0462035Z libpangocairo-1.0-0 set to manually installed.
2026-08-14T13:15:26.0462724Z libx11-xcb1 is already the newest version (2:1.8.7-1build1).
2026-08-14T13:15:26.0463457Z libxcb-shm0 is already the newest version (1.15-1ubuntu2).
2026-08-14T13:15:26.0464072Z libxcb-shm0 set to manually installed.
2026-08-14T13:15:26.0464715Z libxcursor1 is already the newest version (1:1.2.1-1build1).
2026-08-14T13:15:26.0465437Z libxi6 is already the newest version (2:1.8.1-1build1).
2026-08-14T13:15:26.0466183Z libxrender1 is already the newest version (1:0.9.10-1.1build1).
2026-08-14T13:15:26.0466961Z libxrender1 set to manually installed.
2026-08-14T13:15:26.0467589Z libicu74 is already the newest version (74.2-1ubuntu3.1).
2026-08-14T13:15:26.0468162Z libicu74 set to manually installed.
2026-08-14T13:15:26.0468730Z libatomic1 is already the newest version (14.2.0-4ubuntu2~24.04.1).
2026-08-14T13:15:26.0469294Z libatomic1 set to manually installed.
2026-08-14T13:15:26.0469857Z libenchant-2-2 is already the newest version (2.3.3-2build2).
2026-08-14T13:15:26.0470485Z libepoxy0 is already the newest version (1.5.10-1build1).
2026-08-14T13:15:26.0471211Z libevent-2.1-7t64 is already the newest version (2.1.12-stable-9ubuntu2).
2026-08-14T13:15:26.0471862Z libevent-2.1-7t64 set to manually installed.
2026-08-14T13:15:26.0472537Z libgstreamer1.0-0 is already the newest version (1.24.2-1ubuntu0.1).
2026-08-14T13:15:26.0473254Z libharfbuzz-icu0 is already the newest version (8.3.0-2build2).
2026-08-14T13:15:26.0473849Z libharfbuzz-icu0 set to manually installed.
2026-08-14T13:15:26.0474437Z libharfbuzz0b is already the newest version (8.3.0-2build2).
2026-08-14T13:15:26.0474997Z libharfbuzz0b set to manually installed.
2026-08-14T13:15:26.0475584Z libjpeg-turbo8 is already the newest version (2.1.5-2ubuntu2).
2026-08-14T13:15:26.0476135Z libjpeg-turbo8 set to manually installed.
2026-08-14T13:15:26.0476681Z liblcms2-2 is already the newest version (2.14-2ubuntu0.1).
2026-08-14T13:15:26.0477351Z liblcms2-2 set to manually installed.
2026-08-14T13:15:26.0477953Z libpng16-16t64 is already the newest version (1.6.43-5ubuntu0.6).
2026-08-14T13:15:26.0478521Z libpng16-16t64 set to manually installed.
2026-08-14T13:15:26.0479142Z libwayland-client0 is already the newest version (1.22.0-2.1build1).
2026-08-14T13:15:26.0479854Z libwayland-egl1 is already the newest version (1.22.0-2.1build1).
2026-08-14T13:15:26.0480498Z libwebp7 is already the newest version (1.3.2-0.4build3).
2026-08-14T13:15:26.0481011Z libwebp7 set to manually installed.
2026-08-14T13:15:26.0481557Z libwebpdemux2 is already the newest version (1.3.2-0.4build3).
2026-08-14T13:15:26.1931802Z libwebpdemux2 set to manually installed.
2026-08-14T13:15:26.1932687Z libxml2 is already the newest version (2.9.14+dfsg-1.3ubuntu3.8).
2026-08-14T13:15:26.1933365Z libxml2 set to manually installed.
2026-08-14T13:15:26.1934158Z libxslt1.1 is already the newest version (1.1.39-0exp1ubuntu0.24.04.3).
2026-08-14T13:15:26.1934929Z libxslt1.1 set to manually installed.
2026-08-14T13:15:26.1935540Z libavif16 is already the newest version (1.0.4-1ubuntu3).
2026-08-14T13:15:26.1936140Z libavif16 set to manually installed.
2026-08-14T13:15:26.1940442Z The following additional packages will be installed:
2026-08-14T13:15:26.1941180Z   glib-networking glib-networking-common glib-networking-services
2026-08-14T13:15:26.1942007Z   gsettings-desktop-schemas libaa1 libass9 libasyncns0 libavc1394-0
2026-08-14T13:15:26.1942874Z   libavfilter9 libavformat60 libavtp0 libavutil58 libblas3 libbluray2 libbs2b0
2026-08-14T13:15:26.1943944Z   libcaca0 libcdparanoia0 libchromaprint1 libcjson1 libcodec2-1.2 libdc1394-25
2026-08-14T13:15:26.1944761Z   libdca0 libdecor-0-0 libdirectfb-1.7-7t64 libdv4t64 libdvdnav4
2026-08-14T13:15:26.1946073Z   libdvdread8t64 libegl-mesa0 libegl1 libfaad2 libflac12t64 libfluidsynth3
2026-08-14T13:15:26.1947280Z   libfreeaptx0 libgme0 libgraphene-1.0-0 libgsm1 libgssdp-1.6-0
2026-08-14T13:15:26.1947935Z   libgstreamer-plugins-good1.0-0 libgtk-4-common libgupnp-1.6-0
2026-08-14T13:15:26.1948576Z   libgupnp-igd-1.6-0 libhwy1t64 libiec61883-0 libinstpatch-1.0-2
2026-08-14T13:15:26.1949123Z   libjack-jackd2-0 libjxl0.7 liblapack3 liblc3-1 libldacbt-enc2 liblilv-0-0
2026-08-14T13:15:26.1949643Z   liblrdf0 libltc11 libmbedcrypto7t64 libmfx1 libmjpegutils-2.1-0t64
2026-08-14T13:15:26.1950175Z   libmodplug1 libmp3lame0 libmpcdec6 libmpeg2encpp-2.1-0t64 libmpg123-0t64
2026-08-14T13:15:26.1950676Z   libmplex2-2.1-0t64 libmysofa1 libneon27t64 libnice10 libopenal-data
2026-08-14T13:15:26.1951356Z   libopenal1 libopenh264-7 libopenmpt0t64 libopenni2-0 liborc-0.4-0t64
2026-08-14T13:15:26.1951851Z   libpipewire-0.3-0t64 libplacebo338 libpocketsphinx3 libpostproc57
2026-08-14T13:15:26.1952361Z   libproxy1v5 libpulse0 libqrencode4 libraptor2-0 libraw1394-11 librist4
2026-08-14T13:15:26.1952876Z   librubberband2 libsamplerate0 libsbc1 libsdl2-2.0-0 libsecret-common
2026-08-14T13:15:26.1953372Z   libserd-0-0 libshine3 libshout3 libsndfile1 libsndio7.0 libsord-0-0
2026-08-14T13:15:26.1954025Z   libsoundtouch1 libsoup-3.0-0 libsoup-3.0-common libsoxr0 libspa-0.2-modules
2026-08-14T13:15:26.1954575Z   libspandsp2t64 libspeex1 libsphinxbase3t64 libsratom-0-0 libsrt1.5-gnutls
2026-08-14T13:15:26.1955086Z   libsrtp2-1 libssh-gcrypt-4 libswresample4 libswscale7 libtag1v5
2026-08-14T13:15:26.1955737Z   libtag1v5-vanilla libtheora0 libtwolame0 libudfread0 libunibreak5
2026-08-14T13:15:26.1956449Z   libv4l-0t64 libv4lconvert0t64 libva-drm2 libva-x11-2 libva2 libvdpau1
2026-08-14T13:15:26.1957411Z   libvidstab1.1 libvisual-0.4-0 libvo-aacenc0 libvo-amrwbenc0 libvorbisenc2
2026-08-14T13:15:26.1958202Z   libvpl2 libwavpack1 libwebrtc-audio-processing1 libwildmidi2 libxcb-xkb1
2026-08-14T13:15:26.1958920Z   libxkbcommon-x11-0 libxvidcore4 libzbar0t64 libzimg2 libzix-0-0
2026-08-14T13:15:26.1959421Z   libzvbi-common libzvbi0t64 libzxing3 ocl-icd-libopencl1 session-migration
2026-08-14T13:15:26.1959887Z   timgm6mb-soundfont xfonts-encodings xfonts-utils
2026-08-14T13:15:26.1960221Z Suggested packages:
2026-08-14T13:15:26.1960596Z   frei0r-plugins gvfs libcuda1 libnvcuvid1 libnvidia-encode1 libbluray-bdj
2026-08-14T13:15:26.1961442Z   libdirectfb-extra libdv-bin oss-compat libdvdcss2 libvisual-0.4-plugins
2026-08-14T13:15:26.1962229Z   jackd2 liblrdf0-dev libportaudio2 opus-tools pipewire pulseaudio
2026-08-14T13:15:26.1962956Z   raptor2-utils libraw1394-doc serdi sndiod sordi speex libwildmidi-config
2026-08-14T13:15:26.1963373Z   opencl-icd fluid-soundfont-gm
2026-08-14T13:15:26.1963650Z Recommended packages:
2026-08-14T13:15:26.1964006Z   fonts-ipafont-mincho fonts-tlwg-loma gstreamer1.0-x libaacs0
2026-08-14T13:15:26.1964763Z   default-libdecor-0-plugin-1 | libdecor-0-plugin-1 gstreamer1.0-gl
2026-08-14T13:15:26.1965542Z   libgtk-4-bin libgtk-4-media-gstreamer libpipewire-0.3-common
2026-08-14T13:15:26.1966356Z   pocketsphinx-en-us va-driver-all | va-driver vdpau-driver-all | vdpau-driver
2026-08-14T13:15:26.2821264Z The following NEW packages will be installed:
2026-08-14T13:15:26.2822224Z   fonts-freefont-ttf fonts-ipafont-gothic fonts-tlwg-loma-otf fonts-unifont
2026-08-14T13:15:26.2823128Z   fonts-wqy-zenhei glib-networking glib-networking-common
2026-08-14T13:15:26.2824075Z   glib-networking-services gsettings-desktop-schemas gstreamer1.0-libav
2026-08-14T13:15:26.2825196Z   gstreamer1.0-plugins-bad gstreamer1.0-plugins-base gstreamer1.0-plugins-good
2026-08-14T13:15:26.2826155Z   libaa1 libass9 libasyncns0 libavc1394-0 libavcodec60 libavfilter9
2026-08-14T13:15:26.2827249Z   libavformat60 libavtp0 libavutil58 libblas3 libbluray2 libbs2b0 libcaca0
2026-08-14T13:15:26.2828307Z   libcdparanoia0 libchromaprint1 libcjson1 libcodec2-1.2 libdc1394-25 libdca0
2026-08-14T13:15:26.2829738Z   libdecor-0-0 libdirectfb-1.7-7t64 libdv4t64 libdvdnav4 libdvdread8t64
2026-08-14T13:15:26.2830637Z   libegl-mesa0 libegl1 libfaad2 libflac12t64 libflite1 libfluidsynth3
2026-08-14T13:15:26.2831768Z   libfreeaptx0 libgles2 libgme0 libgraphene-1.0-0 libgsm1 libgssdp-1.6-0
2026-08-14T13:15:26.2832595Z   libgstreamer-gl1.0-0 libgstreamer-plugins-bad1.0-0
2026-08-14T13:15:26.2833479Z   libgstreamer-plugins-base1.0-0 libgstreamer-plugins-good1.0-0 libgtk-4-1
2026-08-14T13:15:26.2834429Z   libgtk-4-common libgupnp-1.6-0 libgupnp-igd-1.6-0 libhwy1t64 libhyphen0
2026-08-14T13:15:26.2835374Z   libiec61883-0 libinstpatch-1.0-2 libjack-jackd2-0 libjxl0.7 liblapack3
2026-08-14T13:15:26.2836287Z   liblc3-1 libldacbt-enc2 liblilv-0-0 liblrdf0 libltc11 libmanette-0.2-0
2026-08-14T13:15:26.2837405Z   libmbedcrypto7t64 libmfx1 libmjpegutils-2.1-0t64 libmodplug1 libmp3lame0
2026-08-14T13:15:26.2838432Z   libmpcdec6 libmpeg2encpp-2.1-0t64 libmpg123-0t64 libmplex2-2.1-0t64
2026-08-14T13:15:26.2839404Z   libmysofa1 libneon27t64 libnice10 libopenal-data libopenal1 libopenh264-7
2026-08-14T13:15:26.2840433Z   libopenmpt0t64 libopenni2-0 libopus0 liborc-0.4-0t64 libpipewire-0.3-0t64
2026-08-14T13:15:26.2841364Z   libplacebo338 libpocketsphinx3 libpostproc57 libproxy1v5 libpulse0
2026-08-14T13:15:26.2842204Z   libqrencode4 libraptor2-0 libraw1394-11 librist4 librubberband2
2026-08-14T13:15:26.2843059Z   libsamplerate0 libsbc1 libsdl2-2.0-0 libsecret-1-0 libsecret-common
2026-08-14T13:15:26.2843940Z   libserd-0-0 libshine3 libshout3 libsndfile1 libsndio7.0 libsord-0-0
2026-08-14T13:15:26.2844854Z   libsoundtouch1 libsoup-3.0-0 libsoup-3.0-common libsoxr0 libspa-0.2-modules
2026-08-14T13:15:26.2845896Z   libspandsp2t64 libspeex1 libsphinxbase3t64 libsratom-0-0 libsrt1.5-gnutls
2026-08-14T13:15:26.2846950Z   libsrtp2-1 libssh-gcrypt-4 libswresample4 libswscale7 libtag1v5
2026-08-14T13:15:26.2847780Z   libtag1v5-vanilla libtheora0 libtwolame0 libudfread0 libunibreak5
2026-08-14T13:15:26.2848607Z   libv4l-0t64 libv4lconvert0t64 libva-drm2 libva-x11-2 libva2 libvdpau1
2026-08-14T13:15:26.2849527Z   libvidstab1.1 libvisual-0.4-0 libvo-aacenc0 libvo-amrwbenc0 libvorbisenc2
2026-08-14T13:15:26.2850533Z   libvpl2 libvpx9 libwavpack1 libwayland-server0 libwebrtc-audio-processing1
2026-08-14T13:15:26.2851498Z   libwildmidi2 libwoff1 libx264-164 libxcb-xkb1 libxkbcommon-x11-0
2026-08-14T13:15:26.2852388Z   libxvidcore4 libzbar0t64 libzimg2 libzix-0-0 libzvbi-common libzvbi0t64
2026-08-14T13:15:26.2853209Z   libzxing3 ocl-icd-libopencl1 session-migration timgm6mb-soundfont
2026-08-14T13:15:26.2853995Z   xfonts-cyrillic xfonts-encodings xfonts-scalable xfonts-utils
2026-08-14T13:15:26.3072577Z 0 upgraded, 166 newly installed, 0 to remove and 8 not upgraded.
2026-08-14T13:15:26.3073049Z Need to get 104 MB of archives.
2026-08-14T13:15:26.3073501Z After this operation, 318 MB of additional disk space will be used.
2026-08-14T13:15:26.3074176Z Get:1 file:/etc/apt/apt-mirrors.txt Mirrorlist [144 B]
2026-08-14T13:15:26.3647225Z Get:2 http://azure.archive.ubuntu.com/ubuntu noble/universe amd64 fonts-ipafont-gothic all 00303-21ubuntu1 [3513 kB]
2026-08-14T13:15:26.4135233Z Get:3 http://azure.archive.ubuntu.com/ubuntu noble/main amd64 fonts-freefont-ttf all 20211204+svn4273-2 [5641 kB]
2026-08-14T13:15:26.4886747Z Get:4 http://azure.archive.ubuntu.com/ubuntu noble/universe amd64 fonts-tlwg-loma-otf all 1:0.7.3-1 [107 kB]
2026-08-14T13:15:26.5114992Z Get:5 http://azure.archive.ubuntu.com/ubuntu noble/universe amd64 fonts-unifont all 1:15.1.01-1build1 [2993 kB]
2026-08-14T13:15:26.5605861Z Get:6 http://azure.archive.ubuntu.com/ubuntu noble/universe amd64 fonts-wqy-zenhei all 0.9.45-8 [7472 kB]
2026-08-14T13:15:26.6695780Z Get:7 http://azure.archive.ubuntu.com/ubuntu noble/main amd64 libproxy1v5 amd64 0.5.4-4build1 [26.5 kB]
2026-08-14T13:15:26.6917080Z Get:8 http://azure.archive.ubuntu.com/ubuntu noble/main amd64 glib-networking-common all 2.80.0-1build1 [6702 B]
2026-08-14T13:15:26.7134424Z Get:9 http://azure.archive.ubuntu.com/ubuntu noble/main amd64 glib-networking-services amd64 2.80.0-1build1 [12.8 kB]
2026-08-14T13:15:26.7416272Z Get:10 http://azure.archive.ubuntu.com/ubuntu noble/main amd64 session-migration amd64 0.3.9build1 [9034 B]
2026-08-14T13:15:26.7635903Z Get:11 http://azure.archive.ubuntu.com/ubuntu noble-updates/main amd64 gsettings-desktop-schemas all 46.1-0ubuntu1 [35.6 kB]
2026-08-14T13:15:26.7901807Z Get:12 http://azure.archive.ubuntu.com/ubuntu noble/main amd64 glib-networking amd64 2.80.0-1build1 [64.1 kB]
2026-08-14T13:15:26.8124711Z Get:13 http://azure.archive.ubuntu.com/ubuntu noble-updates/universe amd64 libva2 amd64 2.20.0-2ubuntu0.2 [66.4 kB]
2026-08-14T13:15:26.8347698Z Get:14 http://azure.archive.ubuntu.com/ubuntu noble-updates/universe amd64 libva-drm2 amd64 2.20.0-2ubuntu0.2 [7124 B]
2026-08-14T13:15:26.8567149Z Get:15 http://azure.archive.ubuntu.com/ubuntu noble-updates/universe amd64 libva-x11-2 amd64 2.20.0-2ubuntu0.2 [12.0 kB]
2026-08-14T13:15:26.8784707Z Get:16 http://azure.archive.ubuntu.com/ubuntu noble/main amd64 libvdpau1 amd64 1.5-2build1 [27.8 kB]
2026-08-14T13:15:26.9008749Z Get:17 http://azure.archive.ubuntu.com/ubuntu noble/universe amd64 libvpl2 amd64 2023.3.0-1build1 [99.8 kB]
2026-08-14T13:15:26.9235007Z Get:18 http://azure.archive.ubuntu.com/ubuntu noble/universe amd64 ocl-icd-libopencl1 amd64 2.3.2-1build1 [38.5 kB]
2026-08-14T13:15:26.9463914Z Get:19 http://azure.archive.ubuntu.com/ubuntu noble/universe amd64 libavutil58 amd64 7:6.1.1-3ubuntu5 [401 kB]
2026-08-14T13:15:27.0158944Z Get:20 http://azure.archive.ubuntu.com/ubuntu noble/universe amd64 libcodec2-1.2 amd64 1.2.0-2build1 [8998 kB]
2026-08-14T13:15:27.2414547Z Get:21 http://azure.archive.ubuntu.com/ubuntu noble/universe amd64 libgsm1 amd64 1.0.22-1build1 [27.8 kB]
2026-08-14T13:15:27.2681653Z Get:22 http://azure.archive.ubuntu.com/ubuntu noble/universe amd64 libhwy1t64 amd64 1.0.7-8.1build1 [584 kB]
2026-08-14T13:15:27.3003434Z Get:23 http://azure.archive.ubuntu.com/ubuntu noble-updates/universe amd64 libjxl0.7 amd64 0.7.0-10.2ubuntu6.1 [1001 kB]
2026-08-14T13:15:27.3543222Z Get:24 http://azure.archive.ubuntu.com/ubuntu noble/main amd64 libmp3lame0 amd64 3.100-6build1 [142 kB]
2026-08-14T13:15:27.3877250Z Get:25 http://azure.archive.ubuntu.com/ubuntu noble/main amd64 libopus0 amd64 1.4-1build1 [208 kB]
2026-08-14T13:15:27.4259486Z Get:26 http://azure.archive.ubuntu.com/ubuntu noble/universe amd64 libshine3 amd64 3.1.1-2build1 [23.2 kB]
2026-08-14T13:15:27.4565242Z Get:27 http://azure.archive.ubuntu.com/ubuntu noble-updates/main amd64 libspeex1 amd64 1.2.1-2ubuntu2.24.04.1 [59.6 kB]
2026-08-14T13:15:27.4879754Z Get:28 http://azure.archive.ubuntu.com/ubuntu noble/universe amd64 libsoxr0 amd64 0.1.3-4build3 [80.0 kB]
2026-08-14T13:15:27.5152928Z Get:29 http://azure.archive.ubuntu.com/ubuntu noble/universe amd64 libswresample4 amd64 7:6.1.1-3ubuntu5 [63.8 kB]
2026-08-14T13:15:27.5377301Z Get:30 http://azure.archive.ubuntu.com/ubuntu noble/main amd64 libtheora0 amd64 1.1.1+dfsg.1-16.1build3 [211 kB]
2026-08-14T13:15:27.5628954Z Get:31 http://azure.archive.ubuntu.com/ubuntu noble/main amd64 libtwolame0 amd64 0.4.0-2build3 [52.3 kB]
2026-08-14T13:15:27.5853503Z Get:32 http://azure.archive.ubuntu.com/ubuntu noble/main amd64 libvorbisenc2 amd64 1.3.7-1build3 [80.8 kB]
2026-08-14T13:15:27.6081894Z Get:33 http://azure.archive.ubuntu.com/ubuntu noble-updates/main amd64 libvpx9 amd64 1.14.0-1ubuntu2.3 [1143 kB]
2026-08-14T13:15:27.6393852Z Get:34 http://azure.archive.ubuntu.com/ubuntu noble/universe amd64 libx264-164 amd64 2:0.164.3108+git31e19f9-1 [604 kB]
2026-08-14T13:15:27.6729603Z Get:35 http://azure.archive.ubuntu.com/ubuntu noble/universe amd64 libxvidcore4 amd64 2:1.3.7-1build1 [219 kB]
2026-08-14T13:15:27.6961570Z Get:36 http://azure.archive.ubuntu.com/ubuntu noble/universe amd64 libzvbi-common all 0.2.42-2 [42.4 kB]
2026-08-14T13:15:27.7191356Z Get:37 http://azure.archive.ubuntu.com/ubuntu noble/universe amd64 libzvbi0t64 amd64 0.2.42-2 [261 kB]
2026-08-14T13:15:27.7523537Z Get:38 http://azure.archive.ubuntu.com/ubuntu noble/universe amd64 libavcodec60 amd64 7:6.1.1-3ubuntu5 [5851 kB]
2026-08-14T13:15:27.8984960Z Get:39 http://azure.archive.ubuntu.com/ubuntu noble/universe amd64 libunibreak5 amd64 5.1-2build1 [25.0 kB]
2026-08-14T13:15:27.9289692Z Get:40 http://azure.archive.ubuntu.com/ubuntu noble/universe amd64 libass9 amd64 1:0.17.1-2build1 [104 kB]
2026-08-14T13:15:27.9524593Z Get:41 http://azure.archive.ubuntu.com/ubuntu noble/universe amd64 libudfread0 amd64 1.1.2-1build1 [19.0 kB]
2026-08-14T13:15:27.9746334Z Get:42 http://azure.archive.ubuntu.com/ubuntu noble/universe amd64 libbluray2 amd64 1:1.3.4-1build1 [159 kB]
2026-08-14T13:15:28.0014347Z Get:43 http://azure.archive.ubuntu.com/ubuntu noble/universe amd64 libchromaprint1 amd64 1.5.1-5 [30.5 kB]
2026-08-14T13:15:28.0232564Z Get:44 http://azure.archive.ubuntu.com/ubuntu noble/universe amd64 libgme0 amd64 0.6.3-7build1 [134 kB]
2026-08-14T13:15:28.0465780Z Get:45 http://azure.archive.ubuntu.com/ubuntu noble-updates/main amd64 libmpg123-0t64 amd64 1.32.5-1ubuntu1.1 [169 kB]
2026-08-14T13:15:28.0694098Z Get:46 http://azure.archive.ubuntu.com/ubuntu noble/universe amd64 libopenmpt0t64 amd64 0.7.3-1.1build3 [647 kB]
2026-08-14T13:15:28.0975129Z Get:47 http://azure.archive.ubuntu.com/ubuntu noble/universe amd64 libcjson1 amd64 1.7.17-1 [24.8 kB]
2026-08-14T13:15:28.1204752Z Get:48 http://azure.archive.ubuntu.com/ubuntu noble/universe amd64 libmbedcrypto7t64 amd64 2.28.8-1 [209 kB]
2026-08-14T13:15:28.1490872Z Get:49 http://azure.archive.ubuntu.com/ubuntu noble/universe amd64 librist4 amd64 0.2.10+dfsg-2 [74.9 kB]
2026-08-14T13:15:28.1742701Z Get:50 http://azure.archive.ubuntu.com/ubuntu noble/universe amd64 libsrt1.5-gnutls amd64 1.5.3-1build2 [316 kB]
2026-08-14T13:15:28.2074776Z Get:51 http://azure.archive.ubuntu.com/ubuntu noble-updates/main amd64 libssh-gcrypt-4 amd64 0.10.6-2ubuntu0.4 [225 kB]
2026-08-14T13:15:28.2469357Z Get:52 http://azure.archive.ubuntu.com/ubuntu noble/universe amd64 libavformat60 amd64 7:6.1.1-3ubuntu5 [1153 kB]
2026-08-14T13:15:28.3214713Z Get:53 http://azure.archive.ubuntu.com/ubuntu noble/universe amd64 libbs2b0 amd64 3.1.0+dfsg-7build1 [10.6 kB]
2026-08-14T13:15:28.3518886Z Get:54 http://azure.archive.ubuntu.com/ubuntu noble/universe amd64 libflite1 amd64 2.2-6build3 [13.6 MB]
2026-08-14T13:15:28.7529926Z Get:55 http://azure.archive.ubuntu.com/ubuntu noble/universe amd64 libserd-0-0 amd64 0.32.2-1 [43.6 kB]
2026-08-14T13:15:28.7861865Z Get:56 http://azure.archive.ubuntu.com/ubuntu noble/universe amd64 libzix-0-0 amd64 0.4.2-2build1 [23.6 kB]
2026-08-14T13:15:28.8095984Z Get:57 http://azure.archive.ubuntu.com/ubuntu noble/universe amd64 libsord-0-0 amd64 0.16.16-2build1 [15.8 kB]
2026-08-14T13:15:28.8748961Z Get:58 http://azure.archive.ubuntu.com/ubuntu noble/universe amd64 libsratom-0-0 amd64 0.6.16-1build1 [17.3 kB]
2026-08-14T13:15:28.8985513Z Get:59 http://azure.archive.ubuntu.com/ubuntu noble/universe amd64 liblilv-0-0 amd64 0.24.22-1build1 [41.0 kB]
2026-08-14T13:15:28.9231645Z Get:60 http://azure.archive.ubuntu.com/ubuntu noble/universe amd64 libmysofa1 amd64 1.3.2+dfsg-2ubuntu2 [1158 kB]
2026-08-14T13:15:29.0141259Z Get:61 http://azure.archive.ubuntu.com/ubuntu noble/universe amd64 libplacebo338 amd64 6.338.2-2build1 [2654 kB]
2026-08-14T13:15:29.1541200Z Get:62 http://azure.archive.ubuntu.com/ubuntu noble-updates/main amd64 libblas3 amd64 3.12.0-3build1.1 [238 kB]
2026-08-14T13:15:29.1850031Z Get:63 http://azure.archive.ubuntu.com/ubuntu noble-updates/main amd64 liblapack3 amd64 3.12.0-3build1.1 [2646 kB]
2026-08-14T13:15:29.3421487Z Get:64 http://azure.archive.ubuntu.com/ubuntu noble/main amd64 libasyncns0 amd64 0.8-6build4 [11.3 kB]
2026-08-14T13:15:29.3644216Z Get:65 http://azure.archive.ubuntu.com/ubuntu noble/main amd64 libflac12t64 amd64 1.4.3+ds-2.1ubuntu2 [197 kB]
2026-08-14T13:15:29.4393913Z Get:66 http://azure.archive.ubuntu.com/ubuntu noble-updates/main amd64 libsndfile1 amd64 1.2.2-1ubuntu5.24.04.1 [209 kB]
2026-08-14T13:15:29.4848436Z Get:67 http://azure.archive.ubuntu.com/ubuntu noble-updates/main amd64 libpulse0 amd64 1:16.1+dfsg1-2ubuntu10.1 [292 kB]
2026-08-14T13:15:29.5128519Z Get:68 http://azure.archive.ubuntu.com/ubuntu noble/universe amd64 libsphinxbase3t64 amd64 0.8+5prealpha+1-17build2 [126 kB]
2026-08-14T13:15:29.5401164Z Get:69 http://azure.archive.ubuntu.com/ubuntu noble/universe amd64 libpocketsphinx3 amd64 0.8.0+real5prealpha+1-15ubuntu5 [133 kB]
2026-08-14T13:15:29.5705085Z Get:70 http://azure.archive.ubuntu.com/ubuntu noble/universe amd64 libpostproc57 amd64 7:6.1.1-3ubuntu5 [49.9 kB]
2026-08-14T13:15:29.5981490Z Get:71 http://azure.archive.ubuntu.com/ubuntu noble/main amd64 libsamplerate0 amd64 0.2.2-4build1 [1344 kB]
2026-08-14T13:15:29.6592302Z Get:72 http://azure.archive.ubuntu.com/ubuntu noble/universe amd64 librubberband2 amd64 3.3.0+dfsg-2build1 [130 kB]
2026-08-14T13:15:29.6990797Z Get:73 http://azure.archive.ubuntu.com/ubuntu noble/universe amd64 libswscale7 amd64 7:6.1.1-3ubuntu5 [193 kB]
2026-08-14T13:15:29.7457588Z Get:74 http://azure.archive.ubuntu.com/ubuntu noble/universe amd64 libvidstab1.1 amd64 1.1.0-2build1 [38.5 kB]
2026-08-14T13:15:29.7941500Z Get:75 http://azure.archive.ubuntu.com/ubuntu noble/universe amd64 libzimg2 amd64 3.0.5+ds1-1build1 [254 kB]
2026-08-14T13:15:29.8943306Z Get:76 http://azure.archive.ubuntu.com/ubuntu noble/universe amd64 libavfilter9 amd64 7:6.1.1-3ubuntu5 [4235 kB]
2026-08-14T13:15:29.9948061Z Get:77 http://azure.archive.ubuntu.com/ubuntu noble-updates/main amd64 liborc-0.4-0t64 amd64 1:0.4.38-1ubuntu0.1 [207 kB]
2026-08-14T13:15:30.0454365Z Get:78 http://azure.archive.ubuntu.com/ubuntu noble-updates/main amd64 libgstreamer-plugins-base1.0-0 amd64 1.24.2-1ubuntu0.4 [862 kB]
2026-08-14T13:15:30.0929535Z Get:79 http://azure.archive.ubuntu.com/ubuntu noble/universe amd64 gstreamer1.0-libav amd64 1.24.1-1build1 [103 kB]
2026-08-14T13:15:30.1560089Z Get:80 http://azure.archive.ubuntu.com/ubuntu noble/main amd64 libcdparanoia0 amd64 3.10.2+debian-14build3 [48.5 kB]
2026-08-14T13:15:30.1994852Z Get:81 http://azure.archive.ubuntu.com/ubuntu noble/main amd64 libvisual-0.4-0 amd64 0.4.2-2build1 [115 kB]
2026-08-14T13:15:30.2478914Z Get:82 http://azure.archive.ubuntu.com/ubuntu noble-updates/main amd64 gstreamer1.0-plugins-base amd64 1.24.2-1ubuntu0.4 [721 kB]
2026-08-14T13:15:30.2975887Z Get:83 http://azure.archive.ubuntu.com/ubuntu noble/main amd64 libaa1 amd64 1.4p5-51.1 [49.9 kB]
2026-08-14T13:15:30.3418418Z Get:84 http://azure.archive.ubuntu.com/ubuntu noble/main amd64 libraw1394-11 amd64 2.1.2-2build3 [26.2 kB]
2026-08-14T13:15:30.3643099Z Get:85 http://azure.archive.ubuntu.com/ubuntu noble/main amd64 libavc1394-0 amd64 0.5.4-5build3 [15.4 kB]
2026-08-14T13:15:30.4333012Z Get:86 http://azure.archive.ubuntu.com/ubuntu noble-updates/main amd64 libcaca0 amd64 0.99.beta20-4ubuntu0.2 [209 kB]
2026-08-14T13:15:30.4567124Z Get:87 http://azure.archive.ubuntu.com/ubuntu noble/main amd64 libdv4t64 amd64 1.0.0-17.1build1 [63.2 kB]
2026-08-14T13:15:30.4990805Z Get:88 http://azure.archive.ubuntu.com/ubuntu noble-updates/main amd64 libgstreamer-plugins-good1.0-0 amd64 1.24.2-1ubuntu1.5 [33.5 kB]
2026-08-14T13:15:30.5260649Z Get:89 http://azure.archive.ubuntu.com/ubuntu noble/main amd64 libiec61883-0 amd64 1.2.0-6build1 [24.5 kB]
2026-08-14T13:15:30.5523601Z Get:90 http://azure.archive.ubuntu.com/ubuntu noble/main amd64 libshout3 amd64 2.4.6-1build2 [50.3 kB]
2026-08-14T13:15:30.5983671Z Get:91 http://azure.archive.ubuntu.com/ubuntu noble/main amd64 libtag1v5-vanilla amd64 1.13.1-1build1 [326 kB]
2026-08-14T13:15:30.6452125Z Get:92 http://azure.archive.ubuntu.com/ubuntu noble/main amd64 libtag1v5 amd64 1.13.1-1build1 [11.7 kB]
2026-08-14T13:15:30.6707388Z Get:93 http://azure.archive.ubuntu.com/ubuntu noble/main amd64 libv4lconvert0t64 amd64 1.26.1-4build3 [87.6 kB]
2026-08-14T13:15:30.6938066Z Get:94 http://azure.archive.ubuntu.com/ubuntu noble/main amd64 libv4l-0t64 amd64 1.26.1-4build3 [46.9 kB]
2026-08-14T13:15:30.7583316Z Get:95 http://azure.archive.ubuntu.com/ubuntu noble/main amd64 libwavpack1 amd64 5.6.0-1build1 [84.6 kB]
2026-08-14T13:15:30.7980904Z Get:96 http://azure.archive.ubuntu.com/ubuntu noble-updates/main amd64 libsoup-3.0-common all 3.4.4-5ubuntu0.7 [11.6 kB]
2026-08-14T13:15:30.8457960Z Get:97 http://azure.archive.ubuntu.com/ubuntu noble-updates/main amd64 libsoup-3.0-0 amd64 3.4.4-5ubuntu0.7 [292 kB]
2026-08-14T13:15:30.9089556Z Get:98 http://azure.archive.ubuntu.com/ubuntu noble-updates/main amd64 gstreamer1.0-plugins-good amd64 1.24.2-1ubuntu1.5 [2236 kB]
2026-08-14T13:15:30.9560753Z Get:99 http://azure.archive.ubuntu.com/ubuntu noble/universe amd64 libavtp0 amd64 0.2.0-1build1 [6414 B]
2026-08-14T13:15:30.9793336Z Get:100 http://azure.archive.ubuntu.com/ubuntu noble/universe amd64 libdc1394-25 amd64 2.2.6-4build1 [90.1 kB]
2026-08-14T13:15:31.0007667Z Get:101 http://azure.archive.ubuntu.com/ubuntu noble/main amd64 libdecor-0-0 amd64 0.2.2-1build2 [16.5 kB]
2026-08-14T13:15:31.0225436Z Get:102 http://azure.archive.ubuntu.com/ubuntu noble/main amd64 libgles2 amd64 1.7.0-1build1 [17.1 kB]
2026-08-14T13:15:31.0472260Z Get:103 http://azure.archive.ubuntu.com/ubuntu noble/universe amd64 libdirectfb-1.7-7t64 amd64 1.7.7-11.1ubuntu2 [1035 kB]
2026-08-14T13:15:31.0803913Z Get:104 http://azure.archive.ubuntu.com/ubuntu noble/universe amd64 libdvdread8t64 amd64 6.1.3-1.1build1 [54.7 kB]
2026-08-14T13:15:31.1043414Z Get:105 http://azure.archive.ubuntu.com/ubuntu noble/universe amd64 libdvdnav4 amd64 6.1.1-3build1 [39.5 kB]
2026-08-14T13:15:31.1285075Z Get:106 http://azure.archive.ubuntu.com/ubuntu noble-updates/main amd64 libegl-mesa0 amd64 25.2.8-0ubuntu0.24.04.2 [117 kB]
2026-08-14T13:15:31.1579502Z Get:107 http://azure.archive.ubuntu.com/ubuntu noble/universe amd64 libfaad2 amd64 2.11.1-1build1 [207 kB]
2026-08-14T13:15:31.1880408Z Get:108 http://azure.archive.ubuntu.com/ubuntu noble/universe amd64 libinstpatch-1.0-2 amd64 1.1.6-1build2 [251 kB]
2026-08-14T13:15:31.2157753Z Get:109 http://azure.archive.ubuntu.com/ubuntu noble/main amd64 libjack-jackd2-0 amd64 1.9.21~dfsg-3ubuntu3 [289 kB]
2026-08-14T13:15:31.2412098Z Get:110 http://azure.archive.ubuntu.com/ubuntu noble/main amd64 libwebrtc-audio-processing1 amd64 0.3.1-0ubuntu6 [290 kB]
2026-08-14T13:15:31.2662107Z Get:111 http://azure.archive.ubuntu.com/ubuntu noble-updates/main amd64 libspa-0.2-modules amd64 1.0.5-1ubuntu3.3 [628 kB]
2026-08-14T13:15:31.2953182Z Get:112 http://azure.archive.ubuntu.com/ubuntu noble-updates/main amd64 libpipewire-0.3-0t64 amd64 1.0.5-1ubuntu3.3 [252 kB]
2026-08-14T13:15:31.3201136Z Get:113 http://azure.archive.ubuntu.com/ubuntu noble-updates/main amd64 libsdl2-2.0-0 amd64 2.30.0+dfsg-1ubuntu3.1 [686 kB]
2026-08-14T13:15:31.3542175Z Get:114 http://azure.archive.ubuntu.com/ubuntu noble/universe amd64 timgm6mb-soundfont all 1.3-5 [5427 kB]
2026-08-14T13:15:31.4444186Z Get:115 http://azure.archive.ubuntu.com/ubuntu noble/universe amd64 libfluidsynth3 amd64 2.3.4-1build3 [249 kB]
2026-08-14T13:15:31.4713543Z Get:116 http://azure.archive.ubuntu.com/ubuntu noble/main amd64 libfreeaptx0 amd64 0.1.1-2build1 [13.5 kB]
2026-08-14T13:15:31.4932034Z Get:117 http://azure.archive.ubuntu.com/ubuntu noble/main amd64 libgraphene-1.0-0 amd64 1.10.8-3build2 [46.2 kB]
2026-08-14T13:15:31.5224745Z Get:118 http://azure.archive.ubuntu.com/ubuntu noble/main amd64 libgssdp-1.6-0 amd64 1.6.3-1build3 [40.4 kB]
2026-08-14T13:15:31.5513552Z Get:119 http://azure.archive.ubuntu.com/ubuntu noble/main amd64 libegl1 amd64 1.7.0-1build1 [28.7 kB]
2026-08-14T13:15:31.5793410Z Get:120 http://azure.archive.ubuntu.com/ubuntu noble-updates/main amd64 libgstreamer-gl1.0-0 amd64 1.24.2-1ubuntu0.4 [214 kB]
2026-08-14T13:15:31.6638378Z Get:121 http://azure.archive.ubuntu.com/ubuntu noble-updates/main amd64 libgtk-4-common all 4.14.5+ds-0ubuntu0.10 [1497 kB]
2026-08-14T13:15:31.7110436Z Get:122 http://azure.archive.ubuntu.com/ubuntu noble-updates/main amd64 libgtk-4-1 amd64 4.14.5+ds-0ubuntu0.10 [3295 kB]
2026-08-14T13:15:31.7675164Z Get:123 http://azure.archive.ubuntu.com/ubuntu noble/main amd64 libgupnp-1.6-0 amd64 1.6.6-1build3 [92.7 kB]
2026-08-14T13:15:31.7906483Z Get:124 http://azure.archive.ubuntu.com/ubuntu noble/universe amd64 libgupnp-igd-1.6-0 amd64 1.6.0-3build3 [16.5 kB]
2026-08-14T13:15:31.8131833Z Get:125 http://azure.archive.ubuntu.com/ubuntu noble/main amd64 libhyphen0 amd64 2.8.8-7build3 [26.5 kB]
2026-08-14T13:15:31.8356151Z Get:126 http://azure.archive.ubuntu.com/ubuntu noble/main amd64 liblc3-1 amd64 1.0.4-3build1 [69.7 kB]
2026-08-14T13:15:31.8582241Z Get:127 http://azure.archive.ubuntu.com/ubuntu noble/main amd64 libldacbt-enc2 amd64 2.0.2.3+git20200429+ed310a0-4ubuntu2 [27.1 kB]
2026-08-14T13:15:31.8805414Z Get:128 http://azure.archive.ubuntu.com/ubuntu noble-updates/main amd64 libraptor2-0 amd64 2.0.16-3ubuntu0.1 [165 kB]
2026-08-14T13:15:31.9195164Z Get:129 http://azure.archive.ubuntu.com/ubuntu noble/universe amd64 liblrdf0 amd64 0.6.1-4build1 [18.5 kB]
2026-08-14T13:15:31.9420154Z Get:130 http://azure.archive.ubuntu.com/ubuntu noble/universe amd64 libltc11 amd64 1.3.2-1build1 [13.0 kB]
2026-08-14T13:15:31.9640124Z Get:131 http://azure.archive.ubuntu.com/ubuntu noble/main amd64 libmanette-0.2-0 amd64 0.2.7-1build2 [30.6 kB]
2026-08-14T13:15:31.9860337Z Get:132 http://azure.archive.ubuntu.com/ubuntu noble/universe amd64 libmfx1 amd64 22.5.4-1 [3124 kB]
2026-08-14T13:15:32.0413860Z Get:133 http://azure.archive.ubuntu.com/ubuntu noble/universe amd64 libmjpegutils-2.1-0t64 amd64 1:2.1.0+debian-8.1build1 [25.5 kB]
2026-08-14T13:15:32.0675989Z Get:134 http://azure.archive.ubuntu.com/ubuntu noble/universe amd64 libmodplug1 amd64 1:0.8.9.0-3build1 [166 kB]
2026-08-14T13:15:32.0980769Z Get:135 http://azure.archive.ubuntu.com/ubuntu noble/universe amd64 libmpcdec6 amd64 2:0.1~r495-2build1 [32.7 kB]
2026-08-14T13:15:32.1245135Z Get:136 http://azure.archive.ubuntu.com/ubuntu noble/universe amd64 libmpeg2encpp-2.1-0t64 amd64 1:2.1.0+debian-8.1build1 [75.6 kB]
2026-08-14T13:15:32.1511692Z Get:137 http://azure.archive.ubuntu.com/ubuntu noble/universe amd64 libmplex2-2.1-0t64 amd64 1:2.1.0+debian-8.1build1 [46.1 kB]
2026-08-14T13:15:32.1776190Z Get:138 http://azure.archive.ubuntu.com/ubuntu noble/universe amd64 libneon27t64 amd64 0.33.0-1.1build3 [102 kB]
2026-08-14T13:15:32.2495410Z Get:139 http://azure.archive.ubuntu.com/ubuntu noble/universe amd64 libnice10 amd64 0.1.21-2build3 [157 kB]
2026-08-14T13:15:32.2767714Z Get:140 http://azure.archive.ubuntu.com/ubuntu noble/universe amd64 libopenal-data all 1:1.23.1-4build1 [161 kB]
2026-08-14T13:15:32.3012550Z Get:141 http://azure.archive.ubuntu.com/ubuntu noble/universe amd64 libopenh264-7 amd64 2.4.1+dfsg-1 [409 kB]
2026-08-14T13:15:32.3269716Z Get:142 http://azure.archive.ubuntu.com/ubuntu noble/universe amd64 libopenni2-0 amd64 2.2.0.33+dfsg-18 [370 kB]
2026-08-14T13:15:32.3529102Z Get:143 http://azure.archive.ubuntu.com/ubuntu noble/universe amd64 libqrencode4 amd64 4.1.1-1build2 [25.0 kB]
2026-08-14T13:15:32.3951883Z Get:144 http://azure.archive.ubuntu.com/ubuntu noble/main amd64 libsecret-common all 0.21.4-1build3 [4962 B]
2026-08-14T13:15:32.4214827Z Get:145 http://azure.archive.ubuntu.com/ubuntu noble/main amd64 libsecret-1-0 amd64 0.21.4-1build3 [116 kB]
2026-08-14T13:15:32.4445914Z Get:146 http://azure.archive.ubuntu.com/ubuntu noble/universe amd64 libsndio7.0 amd64 1.9.0-0.3build3 [29.6 kB]
2026-08-14T13:15:32.4672463Z Get:147 http://azure.archive.ubuntu.com/ubuntu noble/universe amd64 libsoundtouch1 amd64 2.3.2+ds1-1build1 [60.5 kB]
2026-08-14T13:15:32.4895757Z Get:148 http://azure.archive.ubuntu.com/ubuntu noble/universe amd64 libspandsp2t64 amd64 0.0.6+dfsg-2.1build1 [311 kB]
2026-08-14T13:15:32.5138971Z Get:149 http://azure.archive.ubuntu.com/ubuntu noble/universe amd64 libsrtp2-1 amd64 2.5.0-3build1 [41.9 kB]
2026-08-14T13:15:32.5356024Z Get:150 http://azure.archive.ubuntu.com/ubuntu noble/main amd64 libwayland-server0 amd64 1.22.0-2.1build1 [33.9 kB]
2026-08-14T13:15:32.5589977Z Get:151 http://azure.archive.ubuntu.com/ubuntu noble/universe amd64 libwildmidi2 amd64 0.4.3-1build3 [68.5 kB]
2026-08-14T13:15:32.5814987Z Get:152 http://azure.archive.ubuntu.com/ubuntu noble/main amd64 libwoff1 amd64 1.0.2-2build1 [45.3 kB]
2026-08-14T13:15:32.6040803Z Get:153 http://azure.archive.ubuntu.com/ubuntu noble/main amd64 libxcb-xkb1 amd64 1.15-1ubuntu2 [32.3 kB]
2026-08-14T13:15:32.6428691Z Get:154 http://azure.archive.ubuntu.com/ubuntu noble/main amd64 libxkbcommon-x11-0 amd64 1.6.0-1build1 [14.5 kB]
2026-08-14T13:15:32.6645610Z Get:155 http://azure.archive.ubuntu.com/ubuntu noble/universe amd64 libzbar0t64 amd64 0.23.93-4build3 [123 kB]
2026-08-14T13:15:32.6873724Z Get:156 http://azure.archive.ubuntu.com/ubuntu noble/universe amd64 libzxing3 amd64 2.2.1-3 [583 kB]
2026-08-14T13:15:32.7143613Z Get:157 http://azure.archive.ubuntu.com/ubuntu noble/main amd64 xfonts-encodings all 1:1.0.5-0ubuntu2 [578 kB]
2026-08-14T13:15:32.7891816Z Get:158 http://azure.archive.ubuntu.com/ubuntu noble/main amd64 xfonts-utils amd64 1:7.7+6build3 [94.4 kB]
2026-08-14T13:15:32.8118299Z Get:159 http://azure.archive.ubuntu.com/ubuntu noble/universe amd64 xfonts-cyrillic all 1:1.0.5+nmu1 [384 kB]
2026-08-14T13:15:32.8401908Z Get:160 http://azure.archive.ubuntu.com/ubuntu noble/main amd64 xfonts-scalable all 1:1.0.3-1.3 [304 kB]
2026-08-14T13:15:32.8760440Z Get:161 http://azure.archive.ubuntu.com/ubuntu noble/universe amd64 libgstreamer-plugins-bad1.0-0 amd64 1.24.2-1ubuntu4 [797 kB]
2026-08-14T13:15:32.9286665Z Get:162 http://azure.archive.ubuntu.com/ubuntu noble/universe amd64 libdca0 amd64 0.0.7-2build1 [93.8 kB]
2026-08-14T13:15:32.9525835Z Get:163 http://azure.archive.ubuntu.com/ubuntu noble/universe amd64 libopenal1 amd64 1:1.23.1-4build1 [540 kB]
2026-08-14T13:15:32.9816023Z Get:164 http://azure.archive.ubuntu.com/ubuntu noble/main amd64 libsbc1 amd64 2.0-1build1 [33.9 kB]
2026-08-14T13:15:33.0043626Z Get:165 http://azure.archive.ubuntu.com/ubuntu noble/universe amd64 libvo-aacenc0 amd64 0.1.3-2build1 [67.8 kB]
2026-08-14T13:15:33.0267224Z Get:166 http://azure.archive.ubuntu.com/ubuntu noble/universe amd64 libvo-amrwbenc0 amd64 0.1.3-2build1 [76.7 kB]
2026-08-14T13:15:33.0504943Z Get:167 http://azure.archive.ubuntu.com/ubuntu noble/universe amd64 gstreamer1.0-plugins-bad amd64 1.24.2-1ubuntu4 [3081 kB]
2026-08-14T13:15:33.5220832Z Fetched 104 MB in 7s (15.3 MB/s)
2026-08-14T13:15:33.5509558Z Selecting previously unselected package fonts-ipafont-gothic.
2026-08-14T13:15:33.5660703Z (Reading database ... 
2026-08-14T13:15:33.5661439Z (Reading database ... 5%
2026-08-14T13:15:33.5661731Z (Reading database ... 10%
2026-08-14T13:15:33.5661988Z (Reading database ... 15%
2026-08-14T13:15:33.5662229Z (Reading database ... 20%
2026-08-14T13:15:33.5662474Z (Reading database ... 25%
2026-08-14T13:15:33.5662712Z (Reading database ... 30%
2026-08-14T13:15:33.5662945Z (Reading database ... 35%
2026-08-14T13:15:33.5663184Z (Reading database ... 40%
2026-08-14T13:15:33.5663420Z (Reading database ... 45%
2026-08-14T13:15:33.5663662Z (Reading database ... 50%
2026-08-14T13:15:33.5739149Z (Reading database ... 55%
2026-08-14T13:15:33.7317887Z (Reading database ... 60%
2026-08-14T13:15:33.9200163Z (Reading database ... 65%
2026-08-14T13:15:34.1255442Z (Reading database ... 70%
2026-08-14T13:15:34.3357288Z (Reading database ... 75%
2026-08-14T13:15:34.4309771Z (Reading database ... 80%
2026-08-14T13:15:34.5206665Z (Reading database ... 85%
2026-08-14T13:15:34.6839245Z (Reading database ... 90%
2026-08-14T13:15:34.8922703Z (Reading database ... 95%
2026-08-14T13:15:34.8923210Z (Reading database ... 100%
2026-08-14T13:15:34.8923873Z (Reading database ... 204615 files and directories currently installed.)
2026-08-14T13:15:34.8970128Z Preparing to unpack .../000-fonts-ipafont-gothic_00303-21ubuntu1_all.deb ...
2026-08-14T13:15:34.9064040Z Unpacking fonts-ipafont-gothic (00303-21ubuntu1) ...
2026-08-14T13:15:35.1378629Z Selecting previously unselected package fonts-freefont-ttf.
2026-08-14T13:15:35.1511071Z Preparing to unpack .../001-fonts-freefont-ttf_20211204+svn4273-2_all.deb ...
2026-08-14T13:15:35.1517064Z Unpacking fonts-freefont-ttf (20211204+svn4273-2) ...
2026-08-14T13:15:35.2332240Z Selecting previously unselected package fonts-tlwg-loma-otf.
2026-08-14T13:15:35.2465224Z Preparing to unpack .../002-fonts-tlwg-loma-otf_1%3a0.7.3-1_all.deb ...
2026-08-14T13:15:35.2471134Z Unpacking fonts-tlwg-loma-otf (1:0.7.3-1) ...
2026-08-14T13:15:35.2679966Z Selecting previously unselected package fonts-unifont.
2026-08-14T13:15:35.2809143Z Preparing to unpack .../003-fonts-unifont_1%3a15.1.01-1build1_all.deb ...
2026-08-14T13:15:35.2814735Z Unpacking fonts-unifont (1:15.1.01-1build1) ...
2026-08-14T13:15:35.3895340Z Selecting previously unselected package fonts-wqy-zenhei.
2026-08-14T13:15:35.4027629Z Preparing to unpack .../004-fonts-wqy-zenhei_0.9.45-8_all.deb ...
2026-08-14T13:15:35.4132744Z Unpacking fonts-wqy-zenhei (0.9.45-8) ...
2026-08-14T13:15:35.8864632Z Selecting previously unselected package libproxy1v5:amd64.
2026-08-14T13:15:35.8998116Z Preparing to unpack .../005-libproxy1v5_0.5.4-4build1_amd64.deb ...
2026-08-14T13:15:35.9013121Z Unpacking libproxy1v5:amd64 (0.5.4-4build1) ...
2026-08-14T13:15:35.9216495Z Selecting previously unselected package glib-networking-common.
2026-08-14T13:15:35.9345655Z Preparing to unpack .../006-glib-networking-common_2.80.0-1build1_all.deb ...
2026-08-14T13:15:35.9352918Z Unpacking glib-networking-common (2.80.0-1build1) ...
2026-08-14T13:15:35.9540190Z Selecting previously unselected package glib-networking-services.
2026-08-14T13:15:35.9669759Z Preparing to unpack .../007-glib-networking-services_2.80.0-1build1_amd64.deb ...
2026-08-14T13:15:35.9676374Z Unpacking glib-networking-services (2.80.0-1build1) ...
2026-08-14T13:15:35.9882745Z Selecting previously unselected package session-migration.
2026-08-14T13:15:36.0012539Z Preparing to unpack .../008-session-migration_0.3.9build1_amd64.deb ...
2026-08-14T13:15:36.0018529Z Unpacking session-migration (0.3.9build1) ...
2026-08-14T13:15:36.0228427Z Selecting previously unselected package gsettings-desktop-schemas.
2026-08-14T13:15:36.0357538Z Preparing to unpack .../009-gsettings-desktop-schemas_46.1-0ubuntu1_all.deb ...
2026-08-14T13:15:36.0364177Z Unpacking gsettings-desktop-schemas (46.1-0ubuntu1) ...
2026-08-14T13:15:36.0836066Z Selecting previously unselected package glib-networking:amd64.
2026-08-14T13:15:36.0968260Z Preparing to unpack .../010-glib-networking_2.80.0-1build1_amd64.deb ...
2026-08-14T13:15:36.0974992Z Unpacking glib-networking:amd64 (2.80.0-1build1) ...
2026-08-14T13:15:36.1195179Z Selecting previously unselected package libva2:amd64.
2026-08-14T13:15:36.1325579Z Preparing to unpack .../011-libva2_2.20.0-2ubuntu0.2_amd64.deb ...
2026-08-14T13:15:36.1333001Z Unpacking libva2:amd64 (2.20.0-2ubuntu0.2) ...
2026-08-14T13:15:36.1544765Z Selecting previously unselected package libva-drm2:amd64.
2026-08-14T13:15:36.1673114Z Preparing to unpack .../012-libva-drm2_2.20.0-2ubuntu0.2_amd64.deb ...
2026-08-14T13:15:36.1680013Z Unpacking libva-drm2:amd64 (2.20.0-2ubuntu0.2) ...
2026-08-14T13:15:36.1882258Z Selecting previously unselected package libva-x11-2:amd64.
2026-08-14T13:15:36.2010599Z Preparing to unpack .../013-libva-x11-2_2.20.0-2ubuntu0.2_amd64.deb ...
2026-08-14T13:15:36.2018850Z Unpacking libva-x11-2:amd64 (2.20.0-2ubuntu0.2) ...
2026-08-14T13:15:36.2228191Z Selecting previously unselected package libvdpau1:amd64.
2026-08-14T13:15:36.2358231Z Preparing to unpack .../014-libvdpau1_1.5-2build1_amd64.deb ...
2026-08-14T13:15:36.2365226Z Unpacking libvdpau1:amd64 (1.5-2build1) ...
2026-08-14T13:15:36.2573993Z Selecting previously unselected package libvpl2.
2026-08-14T13:15:36.2702988Z Preparing to unpack .../015-libvpl2_2023.3.0-1build1_amd64.deb ...
2026-08-14T13:15:36.2709502Z Unpacking libvpl2 (2023.3.0-1build1) ...
2026-08-14T13:15:36.2929251Z Selecting previously unselected package ocl-icd-libopencl1:amd64.
2026-08-14T13:15:36.3058637Z Preparing to unpack .../016-ocl-icd-libopencl1_2.3.2-1build1_amd64.deb ...
2026-08-14T13:15:36.3064580Z Unpacking ocl-icd-libopencl1:amd64 (2.3.2-1build1) ...
2026-08-14T13:15:36.3354889Z Selecting previously unselected package libavutil58:amd64.
2026-08-14T13:15:36.3486467Z Preparing to unpack .../017-libavutil58_7%3a6.1.1-3ubuntu5_amd64.deb ...
2026-08-14T13:15:36.3493482Z Unpacking libavutil58:amd64 (7:6.1.1-3ubuntu5) ...
2026-08-14T13:15:36.3739419Z Selecting previously unselected package libcodec2-1.2:amd64.
2026-08-14T13:15:36.3870626Z Preparing to unpack .../018-libcodec2-1.2_1.2.0-2build1_amd64.deb ...
2026-08-14T13:15:36.3877399Z Unpacking libcodec2-1.2:amd64 (1.2.0-2build1) ...
2026-08-14T13:15:36.4615748Z Selecting previously unselected package libgsm1:amd64.
2026-08-14T13:15:36.4748364Z Preparing to unpack .../019-libgsm1_1.0.22-1build1_amd64.deb ...
2026-08-14T13:15:36.4755354Z Unpacking libgsm1:amd64 (1.0.22-1build1) ...
2026-08-14T13:15:36.4968881Z Selecting previously unselected package libhwy1t64:amd64.
2026-08-14T13:15:36.5099248Z Preparing to unpack .../020-libhwy1t64_1.0.7-8.1build1_amd64.deb ...
2026-08-14T13:15:36.5106203Z Unpacking libhwy1t64:amd64 (1.0.7-8.1build1) ...
2026-08-14T13:15:36.5437237Z Selecting previously unselected package libjxl0.7:amd64.
2026-08-14T13:15:36.5568973Z Preparing to unpack .../021-libjxl0.7_0.7.0-10.2ubuntu6.1_amd64.deb ...
2026-08-14T13:15:36.5576132Z Unpacking libjxl0.7:amd64 (0.7.0-10.2ubuntu6.1) ...
2026-08-14T13:15:36.5912793Z Selecting previously unselected package libmp3lame0:amd64.
2026-08-14T13:15:36.6046109Z Preparing to unpack .../022-libmp3lame0_3.100-6build1_amd64.deb ...
2026-08-14T13:15:36.6053490Z Unpacking libmp3lame0:amd64 (3.100-6build1) ...
2026-08-14T13:15:36.6358075Z Selecting previously unselected package libopus0:amd64.
2026-08-14T13:15:36.6579072Z Preparing to unpack .../023-libopus0_1.4-1build1_amd64.deb ...
2026-08-14T13:15:36.6607984Z Unpacking libopus0:amd64 (1.4-1build1) ...
2026-08-14T13:15:36.6837916Z Selecting previously unselected package libshine3:amd64.
2026-08-14T13:15:36.6968809Z Preparing to unpack .../024-libshine3_3.1.1-2build1_amd64.deb ...
2026-08-14T13:15:36.6976636Z Unpacking libshine3:amd64 (3.1.1-2build1) ...
2026-08-14T13:15:36.7179339Z Selecting previously unselected package libspeex1:amd64.
2026-08-14T13:15:36.7310292Z Preparing to unpack .../025-libspeex1_1.2.1-2ubuntu2.24.04.1_amd64.deb ...
2026-08-14T13:15:36.7317300Z Unpacking libspeex1:amd64 (1.2.1-2ubuntu2.24.04.1) ...
2026-08-14T13:15:36.7525048Z Selecting previously unselected package libsoxr0:amd64.
2026-08-14T13:15:36.7654234Z Preparing to unpack .../026-libsoxr0_0.1.3-4build3_amd64.deb ...
2026-08-14T13:15:36.7661051Z Unpacking libsoxr0:amd64 (0.1.3-4build3) ...
2026-08-14T13:15:36.7877323Z Selecting previously unselected package libswresample4:amd64.
2026-08-14T13:15:36.8005080Z Preparing to unpack .../027-libswresample4_7%3a6.1.1-3ubuntu5_amd64.deb ...
2026-08-14T13:15:36.8011980Z Unpacking libswresample4:amd64 (7:6.1.1-3ubuntu5) ...
2026-08-14T13:15:36.8231716Z Selecting previously unselected package libtheora0:amd64.
2026-08-14T13:15:36.8360022Z Preparing to unpack .../028-libtheora0_1.1.1+dfsg.1-16.1build3_amd64.deb ...
2026-08-14T13:15:36.8367016Z Unpacking libtheora0:amd64 (1.1.1+dfsg.1-16.1build3) ...
2026-08-14T13:15:36.8604945Z Selecting previously unselected package libtwolame0:amd64.
2026-08-14T13:15:36.8734246Z Preparing to unpack .../029-libtwolame0_0.4.0-2build3_amd64.deb ...
2026-08-14T13:15:36.8740863Z Unpacking libtwolame0:amd64 (0.4.0-2build3) ...
2026-08-14T13:15:36.8951778Z Selecting previously unselected package libvorbisenc2:amd64.
2026-08-14T13:15:36.9080679Z Preparing to unpack .../030-libvorbisenc2_1.3.7-1build3_amd64.deb ...
2026-08-14T13:15:36.9089828Z Unpacking libvorbisenc2:amd64 (1.3.7-1build3) ...
2026-08-14T13:15:36.9321363Z Selecting previously unselected package libvpx9:amd64.
2026-08-14T13:15:36.9453179Z Preparing to unpack .../031-libvpx9_1.14.0-1ubuntu2.3_amd64.deb ...
2026-08-14T13:15:36.9460818Z Unpacking libvpx9:amd64 (1.14.0-1ubuntu2.3) ...
2026-08-14T13:15:36.9791904Z Selecting previously unselected package libx264-164:amd64.
2026-08-14T13:15:36.9924571Z Preparing to unpack .../032-libx264-164_2%3a0.164.3108+git31e19f9-1_amd64.deb ...
2026-08-14T13:15:36.9932860Z Unpacking libx264-164:amd64 (2:0.164.3108+git31e19f9-1) ...
2026-08-14T13:15:37.0208921Z Selecting previously unselected package libxvidcore4:amd64.
2026-08-14T13:15:37.0348042Z Preparing to unpack .../033-libxvidcore4_2%3a1.3.7-1build1_amd64.deb ...
2026-08-14T13:15:37.0356340Z Unpacking libxvidcore4:amd64 (2:1.3.7-1build1) ...
2026-08-14T13:15:37.0595987Z Selecting previously unselected package libzvbi-common.
2026-08-14T13:15:37.0727937Z Preparing to unpack .../034-libzvbi-common_0.2.42-2_all.deb ...
2026-08-14T13:15:37.0737805Z Unpacking libzvbi-common (0.2.42-2) ...
2026-08-14T13:15:37.1372745Z Selecting previously unselected package libzvbi0t64:amd64.
2026-08-14T13:15:37.1504831Z Preparing to unpack .../035-libzvbi0t64_0.2.42-2_amd64.deb ...
2026-08-14T13:15:37.1512012Z Unpacking libzvbi0t64:amd64 (0.2.42-2) ...
2026-08-14T13:15:37.1760402Z Selecting previously unselected package libavcodec60:amd64.
2026-08-14T13:15:37.1890520Z Preparing to unpack .../036-libavcodec60_7%3a6.1.1-3ubuntu5_amd64.deb ...
2026-08-14T13:15:37.1899607Z Unpacking libavcodec60:amd64 (7:6.1.1-3ubuntu5) ...
2026-08-14T13:15:37.2894261Z Selecting previously unselected package libunibreak5:amd64.
2026-08-14T13:15:37.3035443Z Preparing to unpack .../037-libunibreak5_5.1-2build1_amd64.deb ...
2026-08-14T13:15:37.3044882Z Unpacking libunibreak5:amd64 (5.1-2build1) ...
2026-08-14T13:15:37.3263266Z Selecting previously unselected package libass9:amd64.
2026-08-14T13:15:37.3394568Z Preparing to unpack .../038-libass9_1%3a0.17.1-2build1_amd64.deb ...
2026-08-14T13:15:37.3401542Z Unpacking libass9:amd64 (1:0.17.1-2build1) ...
2026-08-14T13:15:37.3623089Z Selecting previously unselected package libudfread0:amd64.
2026-08-14T13:15:37.3751908Z Preparing to unpack .../039-libudfread0_1.1.2-1build1_amd64.deb ...
2026-08-14T13:15:37.3759119Z Unpacking libudfread0:amd64 (1.1.2-1build1) ...
2026-08-14T13:15:37.3967219Z Selecting previously unselected package libbluray2:amd64.
2026-08-14T13:15:37.4096394Z Preparing to unpack .../040-libbluray2_1%3a1.3.4-1build1_amd64.deb ...
2026-08-14T13:15:37.4104569Z Unpacking libbluray2:amd64 (1:1.3.4-1build1) ...
2026-08-14T13:15:37.4335157Z Selecting previously unselected package libchromaprint1:amd64.
2026-08-14T13:15:37.4463977Z Preparing to unpack .../041-libchromaprint1_1.5.1-5_amd64.deb ...
2026-08-14T13:15:37.4471691Z Unpacking libchromaprint1:amd64 (1.5.1-5) ...
2026-08-14T13:15:37.4676308Z Selecting previously unselected package libgme0:amd64.
2026-08-14T13:15:37.4806344Z Preparing to unpack .../042-libgme0_0.6.3-7build1_amd64.deb ...
2026-08-14T13:15:37.4813258Z Unpacking libgme0:amd64 (0.6.3-7build1) ...
2026-08-14T13:15:37.5063527Z Selecting previously unselected package libmpg123-0t64:amd64.
2026-08-14T13:15:37.5195717Z Preparing to unpack .../043-libmpg123-0t64_1.32.5-1ubuntu1.1_amd64.deb ...
2026-08-14T13:15:37.5202938Z Unpacking libmpg123-0t64:amd64 (1.32.5-1ubuntu1.1) ...
2026-08-14T13:15:37.5444780Z Selecting previously unselected package libopenmpt0t64:amd64.
2026-08-14T13:15:37.5581875Z Preparing to unpack .../044-libopenmpt0t64_0.7.3-1.1build3_amd64.deb ...
2026-08-14T13:15:37.5589355Z Unpacking libopenmpt0t64:amd64 (0.7.3-1.1build3) ...
2026-08-14T13:15:37.5874089Z Selecting previously unselected package libcjson1:amd64.
2026-08-14T13:15:37.6008431Z Preparing to unpack .../045-libcjson1_1.7.17-1_amd64.deb ...
2026-08-14T13:15:37.6015706Z Unpacking libcjson1:amd64 (1.7.17-1) ...
2026-08-14T13:15:37.6229664Z Selecting previously unselected package libmbedcrypto7t64:amd64.
2026-08-14T13:15:37.6361334Z Preparing to unpack .../046-libmbedcrypto7t64_2.28.8-1_amd64.deb ...
2026-08-14T13:15:37.6368779Z Unpacking libmbedcrypto7t64:amd64 (2.28.8-1) ...
2026-08-14T13:15:37.6603855Z Selecting previously unselected package librist4:amd64.
2026-08-14T13:15:37.6735835Z Preparing to unpack .../047-librist4_0.2.10+dfsg-2_amd64.deb ...
2026-08-14T13:15:37.6743265Z Unpacking librist4:amd64 (0.2.10+dfsg-2) ...
2026-08-14T13:15:37.6957405Z Selecting previously unselected package libsrt1.5-gnutls:amd64.
2026-08-14T13:15:37.7089550Z Preparing to unpack .../048-libsrt1.5-gnutls_1.5.3-1build2_amd64.deb ...
2026-08-14T13:15:37.7098027Z Unpacking libsrt1.5-gnutls:amd64 (1.5.3-1build2) ...
2026-08-14T13:15:37.7343689Z Selecting previously unselected package libssh-gcrypt-4:amd64.
2026-08-14T13:15:37.7475806Z Preparing to unpack .../049-libssh-gcrypt-4_0.10.6-2ubuntu0.4_amd64.deb ...
2026-08-14T13:15:37.7482641Z Unpacking libssh-gcrypt-4:amd64 (0.10.6-2ubuntu0.4) ...
2026-08-14T13:15:37.7726022Z Selecting previously unselected package libavformat60:amd64.
2026-08-14T13:15:37.7856014Z Preparing to unpack .../050-libavformat60_7%3a6.1.1-3ubuntu5_amd64.deb ...
2026-08-14T13:15:37.7866392Z Unpacking libavformat60:amd64 (7:6.1.1-3ubuntu5) ...
2026-08-14T13:15:37.8189326Z Selecting previously unselected package libbs2b0:amd64.
2026-08-14T13:15:37.8320295Z Preparing to unpack .../051-libbs2b0_3.1.0+dfsg-7build1_amd64.deb ...
2026-08-14T13:15:37.8328447Z Unpacking libbs2b0:amd64 (3.1.0+dfsg-7build1) ...
2026-08-14T13:15:37.8558003Z Selecting previously unselected package libflite1:amd64.
2026-08-14T13:15:37.8687564Z Preparing to unpack .../052-libflite1_2.2-6build3_amd64.deb ...
2026-08-14T13:15:37.8695286Z Unpacking libflite1:amd64 (2.2-6build3) ...
2026-08-14T13:15:37.9805851Z Selecting previously unselected package libserd-0-0:amd64.
2026-08-14T13:15:37.9939681Z Preparing to unpack .../053-libserd-0-0_0.32.2-1_amd64.deb ...
2026-08-14T13:15:37.9947366Z Unpacking libserd-0-0:amd64 (0.32.2-1) ...
2026-08-14T13:15:38.0155329Z Selecting previously unselected package libzix-0-0:amd64.
2026-08-14T13:15:38.0286548Z Preparing to unpack .../054-libzix-0-0_0.4.2-2build1_amd64.deb ...
2026-08-14T13:15:38.0293637Z Unpacking libzix-0-0:amd64 (0.4.2-2build1) ...
2026-08-14T13:15:38.0502746Z Selecting previously unselected package libsord-0-0:amd64.
2026-08-14T13:15:38.0633457Z Preparing to unpack .../055-libsord-0-0_0.16.16-2build1_amd64.deb ...
2026-08-14T13:15:38.0641231Z Unpacking libsord-0-0:amd64 (0.16.16-2build1) ...
2026-08-14T13:15:38.0848864Z Selecting previously unselected package libsratom-0-0:amd64.
2026-08-14T13:15:38.0980331Z Preparing to unpack .../056-libsratom-0-0_0.6.16-1build1_amd64.deb ...
2026-08-14T13:15:38.0987627Z Unpacking libsratom-0-0:amd64 (0.6.16-1build1) ...
2026-08-14T13:15:38.1195420Z Selecting previously unselected package liblilv-0-0:amd64.
2026-08-14T13:15:38.1325199Z Preparing to unpack .../057-liblilv-0-0_0.24.22-1build1_amd64.deb ...
2026-08-14T13:15:38.1333528Z Unpacking liblilv-0-0:amd64 (0.24.22-1build1) ...
2026-08-14T13:15:38.1542140Z Selecting previously unselected package libmysofa1:amd64.
2026-08-14T13:15:38.1670957Z Preparing to unpack .../058-libmysofa1_1.3.2+dfsg-2ubuntu2_amd64.deb ...
2026-08-14T13:15:38.1677939Z Unpacking libmysofa1:amd64 (1.3.2+dfsg-2ubuntu2) ...
2026-08-14T13:15:38.1928909Z Selecting previously unselected package libplacebo338:amd64.
2026-08-14T13:15:38.2060618Z Preparing to unpack .../059-libplacebo338_6.338.2-2build1_amd64.deb ...
2026-08-14T13:15:38.2067425Z Unpacking libplacebo338:amd64 (6.338.2-2build1) ...
2026-08-14T13:15:38.2609974Z Selecting previously unselected package libblas3:amd64.
2026-08-14T13:15:38.2743526Z Preparing to unpack .../060-libblas3_3.12.0-3build1.1_amd64.deb ...
2026-08-14T13:15:38.2774270Z Unpacking libblas3:amd64 (3.12.0-3build1.1) ...
2026-08-14T13:15:38.3012992Z Selecting previously unselected package liblapack3:amd64.
2026-08-14T13:15:38.3142979Z Preparing to unpack .../061-liblapack3_3.12.0-3build1.1_amd64.deb ...
2026-08-14T13:15:38.3172491Z Unpacking liblapack3:amd64 (3.12.0-3build1.1) ...
2026-08-14T13:15:38.3699752Z Selecting previously unselected package libasyncns0:amd64.
2026-08-14T13:15:38.3831912Z Preparing to unpack .../062-libasyncns0_0.8-6build4_amd64.deb ...
2026-08-14T13:15:38.3838843Z Unpacking libasyncns0:amd64 (0.8-6build4) ...
2026-08-14T13:15:38.4044144Z Selecting previously unselected package libflac12t64:amd64.
2026-08-14T13:15:38.4172946Z Preparing to unpack .../063-libflac12t64_1.4.3+ds-2.1ubuntu2_amd64.deb ...
2026-08-14T13:15:38.4180501Z Unpacking libflac12t64:amd64 (1.4.3+ds-2.1ubuntu2) ...
2026-08-14T13:15:38.4406267Z Selecting previously unselected package libsndfile1:amd64.
2026-08-14T13:15:38.4538494Z Preparing to unpack .../064-libsndfile1_1.2.2-1ubuntu5.24.04.1_amd64.deb ...
2026-08-14T13:15:38.4546328Z Unpacking libsndfile1:amd64 (1.2.2-1ubuntu5.24.04.1) ...
2026-08-14T13:15:38.4796671Z Selecting previously unselected package libpulse0:amd64.
2026-08-14T13:15:38.4931035Z Preparing to unpack .../065-libpulse0_1%3a16.1+dfsg1-2ubuntu10.1_amd64.deb ...
2026-08-14T13:15:38.5002316Z Unpacking libpulse0:amd64 (1:16.1+dfsg1-2ubuntu10.1) ...
2026-08-14T13:15:38.5258324Z Selecting previously unselected package libsphinxbase3t64:amd64.
2026-08-14T13:15:38.5391692Z Preparing to unpack .../066-libsphinxbase3t64_0.8+5prealpha+1-17build2_amd64.deb ...
2026-08-14T13:15:38.5399233Z Unpacking libsphinxbase3t64:amd64 (0.8+5prealpha+1-17build2) ...
2026-08-14T13:15:38.5632455Z Selecting previously unselected package libpocketsphinx3:amd64.
2026-08-14T13:15:38.5765146Z Preparing to unpack .../067-libpocketsphinx3_0.8.0+real5prealpha+1-15ubuntu5_amd64.deb ...
2026-08-14T13:15:38.5772777Z Unpacking libpocketsphinx3:amd64 (0.8.0+real5prealpha+1-15ubuntu5) ...
2026-08-14T13:15:38.6001700Z Selecting previously unselected package libpostproc57:amd64.
2026-08-14T13:15:38.6134777Z Preparing to unpack .../068-libpostproc57_7%3a6.1.1-3ubuntu5_amd64.deb ...
2026-08-14T13:15:38.6142385Z Unpacking libpostproc57:amd64 (7:6.1.1-3ubuntu5) ...
2026-08-14T13:15:38.6363220Z Selecting previously unselected package libsamplerate0:amd64.
2026-08-14T13:15:38.6494689Z Preparing to unpack .../069-libsamplerate0_0.2.2-4build1_amd64.deb ...
2026-08-14T13:15:38.6502182Z Unpacking libsamplerate0:amd64 (0.2.2-4build1) ...
2026-08-14T13:15:38.6767512Z Selecting previously unselected package librubberband2:amd64.
2026-08-14T13:15:38.6899873Z Preparing to unpack .../070-librubberband2_3.3.0+dfsg-2build1_amd64.deb ...
2026-08-14T13:15:38.6908025Z Unpacking librubberband2:amd64 (3.3.0+dfsg-2build1) ...
2026-08-14T13:15:38.7138395Z Selecting previously unselected package libswscale7:amd64.
2026-08-14T13:15:38.7272907Z Preparing to unpack .../071-libswscale7_7%3a6.1.1-3ubuntu5_amd64.deb ...
2026-08-14T13:15:38.7279702Z Unpacking libswscale7:amd64 (7:6.1.1-3ubuntu5) ...
2026-08-14T13:15:38.7520165Z Selecting previously unselected package libvidstab1.1:amd64.
2026-08-14T13:15:38.7654203Z Preparing to unpack .../072-libvidstab1.1_1.1.0-2build1_amd64.deb ...
2026-08-14T13:15:38.7661322Z Unpacking libvidstab1.1:amd64 (1.1.0-2build1) ...
2026-08-14T13:15:38.7874558Z Selecting previously unselected package libzimg2:amd64.
2026-08-14T13:15:38.8008132Z Preparing to unpack .../073-libzimg2_3.0.5+ds1-1build1_amd64.deb ...
2026-08-14T13:15:38.8015803Z Unpacking libzimg2:amd64 (3.0.5+ds1-1build1) ...
2026-08-14T13:15:38.8276290Z Selecting previously unselected package libavfilter9:amd64.
2026-08-14T13:15:38.8411584Z Preparing to unpack .../074-libavfilter9_7%3a6.1.1-3ubuntu5_amd64.deb ...
2026-08-14T13:15:38.8419193Z Unpacking libavfilter9:amd64 (7:6.1.1-3ubuntu5) ...
2026-08-14T13:15:38.9152406Z Selecting previously unselected package liborc-0.4-0t64:amd64.
2026-08-14T13:15:38.9285236Z Preparing to unpack .../075-liborc-0.4-0t64_1%3a0.4.38-1ubuntu0.1_amd64.deb ...
2026-08-14T13:15:38.9293556Z Unpacking liborc-0.4-0t64:amd64 (1:0.4.38-1ubuntu0.1) ...
2026-08-14T13:15:38.9562356Z Selecting previously unselected package libgstreamer-plugins-base1.0-0:amd64.
2026-08-14T13:15:38.9695454Z Preparing to unpack .../076-libgstreamer-plugins-base1.0-0_1.24.2-1ubuntu0.4_amd64.deb ...
2026-08-14T13:15:38.9703233Z Unpacking libgstreamer-plugins-base1.0-0:amd64 (1.24.2-1ubuntu0.4) ...
2026-08-14T13:15:39.0037342Z Selecting previously unselected package gstreamer1.0-libav:amd64.
2026-08-14T13:15:39.0170232Z Preparing to unpack .../077-gstreamer1.0-libav_1.24.1-1build1_amd64.deb ...
2026-08-14T13:15:39.0176451Z Unpacking gstreamer1.0-libav:amd64 (1.24.1-1build1) ...
2026-08-14T13:15:39.0402022Z Selecting previously unselected package libcdparanoia0:amd64.
2026-08-14T13:15:39.0535759Z Preparing to unpack .../078-libcdparanoia0_3.10.2+debian-14build3_amd64.deb ...
2026-08-14T13:15:39.0543048Z Unpacking libcdparanoia0:amd64 (3.10.2+debian-14build3) ...
2026-08-14T13:15:39.0767722Z Selecting previously unselected package libvisual-0.4-0:amd64.
2026-08-14T13:15:39.0900553Z Preparing to unpack .../079-libvisual-0.4-0_0.4.2-2build1_amd64.deb ...
2026-08-14T13:15:39.0908099Z Unpacking libvisual-0.4-0:amd64 (0.4.2-2build1) ...
2026-08-14T13:15:39.1144790Z Selecting previously unselected package gstreamer1.0-plugins-base:amd64.
2026-08-14T13:15:39.1277843Z Preparing to unpack .../080-gstreamer1.0-plugins-base_1.24.2-1ubuntu0.4_amd64.deb ...
2026-08-14T13:15:39.1285251Z Unpacking gstreamer1.0-plugins-base:amd64 (1.24.2-1ubuntu0.4) ...
2026-08-14T13:15:39.1611895Z Selecting previously unselected package libaa1:amd64.
2026-08-14T13:15:39.1745544Z Preparing to unpack .../081-libaa1_1.4p5-51.1_amd64.deb ...
2026-08-14T13:15:39.1753070Z Unpacking libaa1:amd64 (1.4p5-51.1) ...
2026-08-14T13:15:39.2084414Z Selecting previously unselected package libraw1394-11:amd64.
2026-08-14T13:15:39.2217905Z Preparing to unpack .../082-libraw1394-11_2.1.2-2build3_amd64.deb ...
2026-08-14T13:15:39.2225857Z Unpacking libraw1394-11:amd64 (2.1.2-2build3) ...
2026-08-14T13:15:39.2444377Z Selecting previously unselected package libavc1394-0:amd64.
2026-08-14T13:15:39.2577954Z Preparing to unpack .../083-libavc1394-0_0.5.4-5build3_amd64.deb ...
2026-08-14T13:15:39.2584909Z Unpacking libavc1394-0:amd64 (0.5.4-5build3) ...
2026-08-14T13:15:39.2801723Z Selecting previously unselected package libcaca0:amd64.
2026-08-14T13:15:39.2934448Z Preparing to unpack .../084-libcaca0_0.99.beta20-4ubuntu0.2_amd64.deb ...
2026-08-14T13:15:39.2941539Z Unpacking libcaca0:amd64 (0.99.beta20-4ubuntu0.2) ...
2026-08-14T13:15:39.3190438Z Selecting previously unselected package libdv4t64:amd64.
2026-08-14T13:15:39.3320668Z Preparing to unpack .../085-libdv4t64_1.0.0-17.1build1_amd64.deb ...
2026-08-14T13:15:39.3327955Z Unpacking libdv4t64:amd64 (1.0.0-17.1build1) ...
2026-08-14T13:15:39.3552234Z Selecting previously unselected package libgstreamer-plugins-good1.0-0:amd64.
2026-08-14T13:15:39.3681752Z Preparing to unpack .../086-libgstreamer-plugins-good1.0-0_1.24.2-1ubuntu1.5_amd64.deb ...
2026-08-14T13:15:39.3688976Z Unpacking libgstreamer-plugins-good1.0-0:amd64 (1.24.2-1ubuntu1.5) ...
2026-08-14T13:15:39.3907023Z Selecting previously unselected package libiec61883-0:amd64.
2026-08-14T13:15:39.4035971Z Preparing to unpack .../087-libiec61883-0_1.2.0-6build1_amd64.deb ...
2026-08-14T13:15:39.4042811Z Unpacking libiec61883-0:amd64 (1.2.0-6build1) ...
2026-08-14T13:15:39.4255745Z Selecting previously unselected package libshout3:amd64.
2026-08-14T13:15:39.4387019Z Preparing to unpack .../088-libshout3_2.4.6-1build2_amd64.deb ...
2026-08-14T13:15:39.4396307Z Unpacking libshout3:amd64 (2.4.6-1build2) ...
2026-08-14T13:15:39.4621841Z Selecting previously unselected package libtag1v5-vanilla:amd64.
2026-08-14T13:15:39.4755744Z Preparing to unpack .../089-libtag1v5-vanilla_1.13.1-1build1_amd64.deb ...
2026-08-14T13:15:39.4763156Z Unpacking libtag1v5-vanilla:amd64 (1.13.1-1build1) ...
2026-08-14T13:15:39.5010233Z Selecting previously unselected package libtag1v5:amd64.
2026-08-14T13:15:39.5144240Z Preparing to unpack .../090-libtag1v5_1.13.1-1build1_amd64.deb ...
2026-08-14T13:15:39.5153803Z Unpacking libtag1v5:amd64 (1.13.1-1build1) ...
2026-08-14T13:15:39.5364327Z Selecting previously unselected package libv4lconvert0t64:amd64.
2026-08-14T13:15:39.5497220Z Preparing to unpack .../091-libv4lconvert0t64_1.26.1-4build3_amd64.deb ...
2026-08-14T13:15:39.5505911Z Unpacking libv4lconvert0t64:amd64 (1.26.1-4build3) ...
2026-08-14T13:15:39.5731229Z Selecting previously unselected package libv4l-0t64:amd64.
2026-08-14T13:15:39.5864301Z Preparing to unpack .../092-libv4l-0t64_1.26.1-4build3_amd64.deb ...
2026-08-14T13:15:39.5872414Z Unpacking libv4l-0t64:amd64 (1.26.1-4build3) ...
2026-08-14T13:15:39.6114486Z Selecting previously unselected package libwavpack1:amd64.
2026-08-14T13:15:39.6247931Z Preparing to unpack .../093-libwavpack1_5.6.0-1build1_amd64.deb ...
2026-08-14T13:15:39.6254877Z Unpacking libwavpack1:amd64 (5.6.0-1build1) ...
2026-08-14T13:15:39.6472005Z Selecting previously unselected package libsoup-3.0-common.
2026-08-14T13:15:39.6605156Z Preparing to unpack .../094-libsoup-3.0-common_3.4.4-5ubuntu0.7_all.deb ...
2026-08-14T13:15:39.6611491Z Unpacking libsoup-3.0-common (3.4.4-5ubuntu0.7) ...
2026-08-14T13:15:39.6823396Z Selecting previously unselected package libsoup-3.0-0:amd64.
2026-08-14T13:15:39.6958010Z Preparing to unpack .../095-libsoup-3.0-0_3.4.4-5ubuntu0.7_amd64.deb ...
2026-08-14T13:15:39.6965328Z Unpacking libsoup-3.0-0:amd64 (3.4.4-5ubuntu0.7) ...
2026-08-14T13:15:39.7209164Z Selecting previously unselected package gstreamer1.0-plugins-good:amd64.
2026-08-14T13:15:39.7343702Z Preparing to unpack .../096-gstreamer1.0-plugins-good_1.24.2-1ubuntu1.5_amd64.deb ...
2026-08-14T13:15:39.7349958Z Unpacking gstreamer1.0-plugins-good:amd64 (1.24.2-1ubuntu1.5) ...
2026-08-14T13:15:39.7937113Z Selecting previously unselected package libavtp0:amd64.
2026-08-14T13:15:39.8071824Z Preparing to unpack .../097-libavtp0_0.2.0-1build1_amd64.deb ...
2026-08-14T13:15:39.8079530Z Unpacking libavtp0:amd64 (0.2.0-1build1) ...
2026-08-14T13:15:39.8288386Z Selecting previously unselected package libdc1394-25:amd64.
2026-08-14T13:15:39.8422187Z Preparing to unpack .../098-libdc1394-25_2.2.6-4build1_amd64.deb ...
2026-08-14T13:15:39.8429958Z Unpacking libdc1394-25:amd64 (2.2.6-4build1) ...
2026-08-14T13:15:39.8658294Z Selecting previously unselected package libdecor-0-0:amd64.
2026-08-14T13:15:39.8791522Z Preparing to unpack .../099-libdecor-0-0_0.2.2-1build2_amd64.deb ...
2026-08-14T13:15:39.8798371Z Unpacking libdecor-0-0:amd64 (0.2.2-1build2) ...
2026-08-14T13:15:39.9009952Z Selecting previously unselected package libgles2:amd64.
2026-08-14T13:15:39.9143659Z Preparing to unpack .../100-libgles2_1.7.0-1build1_amd64.deb ...
2026-08-14T13:15:39.9151409Z Unpacking libgles2:amd64 (1.7.0-1build1) ...
2026-08-14T13:15:39.9371965Z Selecting previously unselected package libdirectfb-1.7-7t64:amd64.
2026-08-14T13:15:39.9507221Z Preparing to unpack .../101-libdirectfb-1.7-7t64_1.7.7-11.1ubuntu2_amd64.deb ...
2026-08-14T13:15:39.9515456Z Unpacking libdirectfb-1.7-7t64:amd64 (1.7.7-11.1ubuntu2) ...
2026-08-14T13:15:39.9926233Z Selecting previously unselected package libdvdread8t64:amd64.
2026-08-14T13:15:40.0060964Z Preparing to unpack .../102-libdvdread8t64_6.1.3-1.1build1_amd64.deb ...
2026-08-14T13:15:40.0068270Z Unpacking libdvdread8t64:amd64 (6.1.3-1.1build1) ...
2026-08-14T13:15:40.0299038Z Selecting previously unselected package libdvdnav4:amd64.
2026-08-14T13:15:40.0432792Z Preparing to unpack .../103-libdvdnav4_6.1.1-3build1_amd64.deb ...
2026-08-14T13:15:40.0442595Z Unpacking libdvdnav4:amd64 (6.1.1-3build1) ...
2026-08-14T13:15:40.0670468Z Selecting previously unselected package libegl-mesa0:amd64.
2026-08-14T13:15:40.0804400Z Preparing to unpack .../104-libegl-mesa0_25.2.8-0ubuntu0.24.04.2_amd64.deb ...
2026-08-14T13:15:40.0812681Z Unpacking libegl-mesa0:amd64 (25.2.8-0ubuntu0.24.04.2) ...
2026-08-14T13:15:40.1056594Z Selecting previously unselected package libfaad2:amd64.
2026-08-14T13:15:40.1192006Z Preparing to unpack .../105-libfaad2_2.11.1-1build1_amd64.deb ...
2026-08-14T13:15:40.1199969Z Unpacking libfaad2:amd64 (2.11.1-1build1) ...
2026-08-14T13:15:40.1448200Z Selecting previously unselected package libinstpatch-1.0-2:amd64.
2026-08-14T13:15:40.1581455Z Preparing to unpack .../106-libinstpatch-1.0-2_1.1.6-1build2_amd64.deb ...
2026-08-14T13:15:40.1589223Z Unpacking libinstpatch-1.0-2:amd64 (1.1.6-1build2) ...
2026-08-14T13:15:40.1840716Z Selecting previously unselected package libjack-jackd2-0:amd64.
2026-08-14T13:15:40.1974570Z Preparing to unpack .../107-libjack-jackd2-0_1.9.21~dfsg-3ubuntu3_amd64.deb ...
2026-08-14T13:15:40.1986346Z Unpacking libjack-jackd2-0:amd64 (1.9.21~dfsg-3ubuntu3) ...
2026-08-14T13:15:40.2251622Z Selecting previously unselected package libwebrtc-audio-processing1:amd64.
2026-08-14T13:15:40.2384074Z Preparing to unpack .../108-libwebrtc-audio-processing1_0.3.1-0ubuntu6_amd64.deb ...
2026-08-14T13:15:40.2391809Z Unpacking libwebrtc-audio-processing1:amd64 (0.3.1-0ubuntu6) ...
2026-08-14T13:15:40.2631280Z Selecting previously unselected package libspa-0.2-modules:amd64.
2026-08-14T13:15:40.2764756Z Preparing to unpack .../109-libspa-0.2-modules_1.0.5-1ubuntu3.3_amd64.deb ...
2026-08-14T13:15:40.2775013Z Unpacking libspa-0.2-modules:amd64 (1.0.5-1ubuntu3.3) ...
2026-08-14T13:15:40.3107454Z Selecting previously unselected package libpipewire-0.3-0t64:amd64.
2026-08-14T13:15:40.3240778Z Preparing to unpack .../110-libpipewire-0.3-0t64_1.0.5-1ubuntu3.3_amd64.deb ...
2026-08-14T13:15:40.3249141Z Unpacking libpipewire-0.3-0t64:amd64 (1.0.5-1ubuntu3.3) ...
2026-08-14T13:15:40.3507288Z Selecting previously unselected package libsdl2-2.0-0:amd64.
2026-08-14T13:15:40.3641459Z Preparing to unpack .../111-libsdl2-2.0-0_2.30.0+dfsg-1ubuntu3.1_amd64.deb ...
2026-08-14T13:15:40.3649340Z Unpacking libsdl2-2.0-0:amd64 (2.30.0+dfsg-1ubuntu3.1) ...
2026-08-14T13:15:40.3944712Z Selecting previously unselected package timgm6mb-soundfont.
2026-08-14T13:15:40.4078549Z Preparing to unpack .../112-timgm6mb-soundfont_1.3-5_all.deb ...
2026-08-14T13:15:40.4085564Z Unpacking timgm6mb-soundfont (1.3-5) ...
2026-08-14T13:15:40.7767838Z Selecting previously unselected package libfluidsynth3:amd64.
2026-08-14T13:15:40.7903165Z Preparing to unpack .../113-libfluidsynth3_2.3.4-1build3_amd64.deb ...
2026-08-14T13:15:40.7911832Z Unpacking libfluidsynth3:amd64 (2.3.4-1build3) ...
2026-08-14T13:15:40.8158116Z Selecting previously unselected package libfreeaptx0:amd64.
2026-08-14T13:15:40.8293404Z Preparing to unpack .../114-libfreeaptx0_0.1.1-2build1_amd64.deb ...
2026-08-14T13:15:40.8301934Z Unpacking libfreeaptx0:amd64 (0.1.1-2build1) ...
2026-08-14T13:15:40.8521343Z Selecting previously unselected package libgraphene-1.0-0:amd64.
2026-08-14T13:15:40.8655883Z Preparing to unpack .../115-libgraphene-1.0-0_1.10.8-3build2_amd64.deb ...
2026-08-14T13:15:40.8664026Z Unpacking libgraphene-1.0-0:amd64 (1.10.8-3build2) ...
2026-08-14T13:15:40.8887792Z Selecting previously unselected package libgssdp-1.6-0:amd64.
2026-08-14T13:15:40.9021495Z Preparing to unpack .../116-libgssdp-1.6-0_1.6.3-1build3_amd64.deb ...
2026-08-14T13:15:40.9030625Z Unpacking libgssdp-1.6-0:amd64 (1.6.3-1build3) ...
2026-08-14T13:15:40.9250851Z Selecting previously unselected package libegl1:amd64.
2026-08-14T13:15:40.9382579Z Preparing to unpack .../117-libegl1_1.7.0-1build1_amd64.deb ...
2026-08-14T13:15:40.9391559Z Unpacking libegl1:amd64 (1.7.0-1build1) ...
2026-08-14T13:15:40.9625956Z Selecting previously unselected package libgstreamer-gl1.0-0:amd64.
2026-08-14T13:15:40.9760844Z Preparing to unpack .../118-libgstreamer-gl1.0-0_1.24.2-1ubuntu0.4_amd64.deb ...
2026-08-14T13:15:40.9769665Z Unpacking libgstreamer-gl1.0-0:amd64 (1.24.2-1ubuntu0.4) ...
2026-08-14T13:15:41.0005915Z Selecting previously unselected package libgtk-4-common.
2026-08-14T13:15:41.0139848Z Preparing to unpack .../119-libgtk-4-common_4.14.5+ds-0ubuntu0.10_all.deb ...
2026-08-14T13:15:41.0148980Z Unpacking libgtk-4-common (4.14.5+ds-0ubuntu0.10) ...
2026-08-14T13:15:41.0645670Z Selecting previously unselected package libgtk-4-1:amd64.
2026-08-14T13:15:41.0781076Z Preparing to unpack .../120-libgtk-4-1_4.14.5+ds-0ubuntu0.10_amd64.deb ...
2026-08-14T13:15:41.0791416Z Unpacking libgtk-4-1:amd64 (4.14.5+ds-0ubuntu0.10) ...
2026-08-14T13:15:41.1435171Z Selecting previously unselected package libgupnp-1.6-0:amd64.
2026-08-14T13:15:41.1570300Z Preparing to unpack .../121-libgupnp-1.6-0_1.6.6-1build3_amd64.deb ...
2026-08-14T13:15:41.1578531Z Unpacking libgupnp-1.6-0:amd64 (1.6.6-1build3) ...
2026-08-14T13:15:41.1816567Z Selecting previously unselected package libgupnp-igd-1.6-0:amd64.
2026-08-14T13:15:41.1951848Z Preparing to unpack .../122-libgupnp-igd-1.6-0_1.6.0-3build3_amd64.deb ...
2026-08-14T13:15:41.1960331Z Unpacking libgupnp-igd-1.6-0:amd64 (1.6.0-3build3) ...
2026-08-14T13:15:41.2178302Z Selecting previously unselected package libhyphen0:amd64.
2026-08-14T13:15:41.2312244Z Preparing to unpack .../123-libhyphen0_2.8.8-7build3_amd64.deb ...
2026-08-14T13:15:41.2321264Z Unpacking libhyphen0:amd64 (2.8.8-7build3) ...
2026-08-14T13:15:41.2548724Z Selecting previously unselected package liblc3-1:amd64.
2026-08-14T13:15:41.2683313Z Preparing to unpack .../124-liblc3-1_1.0.4-3build1_amd64.deb ...
2026-08-14T13:15:41.2691146Z Unpacking liblc3-1:amd64 (1.0.4-3build1) ...
2026-08-14T13:15:41.2918445Z Selecting previously unselected package libldacbt-enc2:amd64.
2026-08-14T13:15:41.3052889Z Preparing to unpack .../125-libldacbt-enc2_2.0.2.3+git20200429+ed310a0-4ubuntu2_amd64.deb ...
2026-08-14T13:15:41.3062911Z Unpacking libldacbt-enc2:amd64 (2.0.2.3+git20200429+ed310a0-4ubuntu2) ...
2026-08-14T13:15:41.3278197Z Selecting previously unselected package libraptor2-0:amd64.
2026-08-14T13:15:41.3411733Z Preparing to unpack .../126-libraptor2-0_2.0.16-3ubuntu0.1_amd64.deb ...
2026-08-14T13:15:41.3420343Z Unpacking libraptor2-0:amd64 (2.0.16-3ubuntu0.1) ...
2026-08-14T13:15:41.3659992Z Selecting previously unselected package liblrdf0:amd64.
2026-08-14T13:15:41.3794942Z Preparing to unpack .../127-liblrdf0_0.6.1-4build1_amd64.deb ...
2026-08-14T13:15:41.3801986Z Unpacking liblrdf0:amd64 (0.6.1-4build1) ...
2026-08-14T13:15:41.4031719Z Selecting previously unselected package libltc11:amd64.
2026-08-14T13:15:41.4165997Z Preparing to unpack .../128-libltc11_1.3.2-1build1_amd64.deb ...
2026-08-14T13:15:41.4175034Z Unpacking libltc11:amd64 (1.3.2-1build1) ...
2026-08-14T13:15:41.4395140Z Selecting previously unselected package libmanette-0.2-0:amd64.
2026-08-14T13:15:41.4530921Z Preparing to unpack .../129-libmanette-0.2-0_0.2.7-1build2_amd64.deb ...
2026-08-14T13:15:41.4540844Z Unpacking libmanette-0.2-0:amd64 (0.2.7-1build2) ...
2026-08-14T13:15:41.4799256Z Selecting previously unselected package libmfx1:amd64.
2026-08-14T13:15:41.4977513Z Preparing to unpack .../130-libmfx1_22.5.4-1_amd64.deb ...
2026-08-14T13:15:41.4985863Z Unpacking libmfx1:amd64 (22.5.4-1) ...
2026-08-14T13:15:41.5983926Z Selecting previously unselected package libmjpegutils-2.1-0t64:amd64.
2026-08-14T13:15:41.6119610Z Preparing to unpack .../131-libmjpegutils-2.1-0t64_1%3a2.1.0+debian-8.1build1_amd64.deb ...
2026-08-14T13:15:41.6129370Z Unpacking libmjpegutils-2.1-0t64:amd64 (1:2.1.0+debian-8.1build1) ...
2026-08-14T13:15:41.6350785Z Selecting previously unselected package libmodplug1:amd64.
2026-08-14T13:15:41.6485088Z Preparing to unpack .../132-libmodplug1_1%3a0.8.9.0-3build1_amd64.deb ...
2026-08-14T13:15:41.6492633Z Unpacking libmodplug1:amd64 (1:0.8.9.0-3build1) ...
2026-08-14T13:15:41.6732119Z Selecting previously unselected package libmpcdec6:amd64.
2026-08-14T13:15:41.6867071Z Preparing to unpack .../133-libmpcdec6_2%3a0.1~r495-2build1_amd64.deb ...
2026-08-14T13:15:41.6874537Z Unpacking libmpcdec6:amd64 (2:0.1~r495-2build1) ...
2026-08-14T13:15:41.7094715Z Selecting previously unselected package libmpeg2encpp-2.1-0t64:amd64.
2026-08-14T13:15:41.7229984Z Preparing to unpack .../134-libmpeg2encpp-2.1-0t64_1%3a2.1.0+debian-8.1build1_amd64.deb ...
2026-08-14T13:15:41.7236760Z Unpacking libmpeg2encpp-2.1-0t64:amd64 (1:2.1.0+debian-8.1build1) ...
2026-08-14T13:15:41.7465503Z Selecting previously unselected package libmplex2-2.1-0t64:amd64.
2026-08-14T13:15:41.7598290Z Preparing to unpack .../135-libmplex2-2.1-0t64_1%3a2.1.0+debian-8.1build1_amd64.deb ...
2026-08-14T13:15:41.7606987Z Unpacking libmplex2-2.1-0t64:amd64 (1:2.1.0+debian-8.1build1) ...
2026-08-14T13:15:41.7834072Z Selecting previously unselected package libneon27t64:amd64.
2026-08-14T13:15:41.7969288Z Preparing to unpack .../136-libneon27t64_0.33.0-1.1build3_amd64.deb ...
2026-08-14T13:15:41.7975702Z Unpacking libneon27t64:amd64 (0.33.0-1.1build3) ...
2026-08-14T13:15:41.8215073Z Selecting previously unselected package libnice10:amd64.
2026-08-14T13:15:41.8348697Z Preparing to unpack .../137-libnice10_0.1.21-2build3_amd64.deb ...
2026-08-14T13:15:41.8356752Z Unpacking libnice10:amd64 (0.1.21-2build3) ...
2026-08-14T13:15:41.8584933Z Selecting previously unselected package libopenal-data.
2026-08-14T13:15:41.8721229Z Preparing to unpack .../138-libopenal-data_1%3a1.23.1-4build1_all.deb ...
2026-08-14T13:15:41.8728932Z Unpacking libopenal-data (1:1.23.1-4build1) ...
2026-08-14T13:15:41.8974183Z Selecting previously unselected package libopenh264-7:amd64.
2026-08-14T13:15:41.9108999Z Preparing to unpack .../139-libopenh264-7_2.4.1+dfsg-1_amd64.deb ...
2026-08-14T13:15:41.9116601Z Unpacking libopenh264-7:amd64 (2.4.1+dfsg-1) ...
2026-08-14T13:15:41.9395557Z Selecting previously unselected package libopenni2-0:amd64.
2026-08-14T13:15:41.9530394Z Preparing to unpack .../140-libopenni2-0_2.2.0.33+dfsg-18_amd64.deb ...
2026-08-14T13:15:41.9563912Z Unpacking libopenni2-0:amd64 (2.2.0.33+dfsg-18) ...
2026-08-14T13:15:41.9845653Z Selecting previously unselected package libqrencode4:amd64.
2026-08-14T13:15:41.9980221Z Preparing to unpack .../141-libqrencode4_4.1.1-1build2_amd64.deb ...
2026-08-14T13:15:41.9989105Z Unpacking libqrencode4:amd64 (4.1.1-1build2) ...
2026-08-14T13:15:42.0202385Z Selecting previously unselected package libsecret-common.
2026-08-14T13:15:42.0337643Z Preparing to unpack .../142-libsecret-common_0.21.4-1build3_all.deb ...
2026-08-14T13:15:42.0344398Z Unpacking libsecret-common (0.21.4-1build3) ...
2026-08-14T13:15:42.0559991Z Selecting previously unselected package libsecret-1-0:amd64.
2026-08-14T13:15:42.0694088Z Preparing to unpack .../143-libsecret-1-0_0.21.4-1build3_amd64.deb ...
2026-08-14T13:15:42.0702459Z Unpacking libsecret-1-0:amd64 (0.21.4-1build3) ...
2026-08-14T13:15:42.0940399Z Selecting previously unselected package libsndio7.0:amd64.
2026-08-14T13:15:42.1075840Z Preparing to unpack .../144-libsndio7.0_1.9.0-0.3build3_amd64.deb ...
2026-08-14T13:15:42.1083556Z Unpacking libsndio7.0:amd64 (1.9.0-0.3build3) ...
2026-08-14T13:15:42.1311452Z Selecting previously unselected package libsoundtouch1:amd64.
2026-08-14T13:15:42.1446459Z Preparing to unpack .../145-libsoundtouch1_2.3.2+ds1-1build1_amd64.deb ...
2026-08-14T13:15:42.1454038Z Unpacking libsoundtouch1:amd64 (2.3.2+ds1-1build1) ...
2026-08-14T13:15:42.1685334Z Selecting previously unselected package libspandsp2t64:amd64.
2026-08-14T13:15:42.1820436Z Preparing to unpack .../146-libspandsp2t64_0.0.6+dfsg-2.1build1_amd64.deb ...
2026-08-14T13:15:42.1828475Z Unpacking libspandsp2t64:amd64 (0.0.6+dfsg-2.1build1) ...
2026-08-14T13:15:42.2090896Z Selecting previously unselected package libsrtp2-1:amd64.
2026-08-14T13:15:42.2226469Z Preparing to unpack .../147-libsrtp2-1_2.5.0-3build1_amd64.deb ...
2026-08-14T13:15:42.2233987Z Unpacking libsrtp2-1:amd64 (2.5.0-3build1) ...
2026-08-14T13:15:42.2460777Z Selecting previously unselected package libwayland-server0:amd64.
2026-08-14T13:15:42.2595668Z Preparing to unpack .../148-libwayland-server0_1.22.0-2.1build1_amd64.deb ...
2026-08-14T13:15:42.2603615Z Unpacking libwayland-server0:amd64 (1.22.0-2.1build1) ...
2026-08-14T13:15:42.2827771Z Selecting previously unselected package libwildmidi2:amd64.
2026-08-14T13:15:42.2961149Z Preparing to unpack .../149-libwildmidi2_0.4.3-1build3_amd64.deb ...
2026-08-14T13:15:42.2969558Z Unpacking libwildmidi2:amd64 (0.4.3-1build3) ...
2026-08-14T13:15:42.3191886Z Selecting previously unselected package libwoff1:amd64.
2026-08-14T13:15:42.3325901Z Preparing to unpack .../150-libwoff1_1.0.2-2build1_amd64.deb ...
2026-08-14T13:15:42.3333973Z Unpacking libwoff1:amd64 (1.0.2-2build1) ...
2026-08-14T13:15:42.3565201Z Selecting previously unselected package libxcb-xkb1:amd64.
2026-08-14T13:15:42.3699957Z Preparing to unpack .../151-libxcb-xkb1_1.15-1ubuntu2_amd64.deb ...
2026-08-14T13:15:42.3708929Z Unpacking libxcb-xkb1:amd64 (1.15-1ubuntu2) ...
2026-08-14T13:15:42.3941594Z Selecting previously unselected package libxkbcommon-x11-0:amd64.
2026-08-14T13:15:42.4076110Z Preparing to unpack .../152-libxkbcommon-x11-0_1.6.0-1build1_amd64.deb ...
2026-08-14T13:15:42.4083860Z Unpacking libxkbcommon-x11-0:amd64 (1.6.0-1build1) ...
2026-08-14T13:15:42.4307113Z Selecting previously unselected package libzbar0t64:amd64.
2026-08-14T13:15:42.4441590Z Preparing to unpack .../153-libzbar0t64_0.23.93-4build3_amd64.deb ...
2026-08-14T13:15:42.4450472Z Unpacking libzbar0t64:amd64 (0.23.93-4build3) ...
2026-08-14T13:15:42.4684018Z Selecting previously unselected package libzxing3:amd64.
2026-08-14T13:15:42.4818235Z Preparing to unpack .../154-libzxing3_2.2.1-3_amd64.deb ...
2026-08-14T13:15:42.4826710Z Unpacking libzxing3:amd64 (2.2.1-3) ...
2026-08-14T13:15:42.5095801Z Selecting previously unselected package xfonts-encodings.
2026-08-14T13:15:42.5231398Z Preparing to unpack .../155-xfonts-encodings_1%3a1.0.5-0ubuntu2_all.deb ...
2026-08-14T13:15:42.5240711Z Unpacking xfonts-encodings (1:1.0.5-0ubuntu2) ...
2026-08-14T13:15:42.5556730Z Selecting previously unselected package xfonts-utils.
2026-08-14T13:15:42.5691417Z Preparing to unpack .../156-xfonts-utils_1%3a7.7+6build3_amd64.deb ...
2026-08-14T13:15:42.5701558Z Unpacking xfonts-utils (1:7.7+6build3) ...
2026-08-14T13:15:42.6034102Z Selecting previously unselected package xfonts-cyrillic.
2026-08-14T13:15:42.6169144Z Preparing to unpack .../157-xfonts-cyrillic_1%3a1.0.5+nmu1_all.deb ...
2026-08-14T13:15:42.6176293Z Unpacking xfonts-cyrillic (1:1.0.5+nmu1) ...
2026-08-14T13:15:42.6547262Z Selecting previously unselected package xfonts-scalable.
2026-08-14T13:15:42.6683096Z Preparing to unpack .../158-xfonts-scalable_1%3a1.0.3-1.3_all.deb ...
2026-08-14T13:15:42.6691074Z Unpacking xfonts-scalable (1:1.0.3-1.3) ...
2026-08-14T13:15:42.6955273Z Selecting previously unselected package libgstreamer-plugins-bad1.0-0:amd64.
2026-08-14T13:15:42.7090053Z Preparing to unpack .../159-libgstreamer-plugins-bad1.0-0_1.24.2-1ubuntu4_amd64.deb ...
2026-08-14T13:15:42.7097616Z Unpacking libgstreamer-plugins-bad1.0-0:amd64 (1.24.2-1ubuntu4) ...
2026-08-14T13:15:42.7496287Z Selecting previously unselected package libdca0:amd64.
2026-08-14T13:15:42.7631207Z Preparing to unpack .../160-libdca0_0.0.7-2build1_amd64.deb ...
2026-08-14T13:15:42.7640356Z Unpacking libdca0:amd64 (0.0.7-2build1) ...
2026-08-14T13:15:42.7873505Z Selecting previously unselected package libopenal1:amd64.
2026-08-14T13:15:42.8008339Z Preparing to unpack .../161-libopenal1_1%3a1.23.1-4build1_amd64.deb ...
2026-08-14T13:15:42.8015676Z Unpacking libopenal1:amd64 (1:1.23.1-4build1) ...
2026-08-14T13:15:42.8292587Z Selecting previously unselected package libsbc1:amd64.
2026-08-14T13:15:42.8427166Z Preparing to unpack .../162-libsbc1_2.0-1build1_amd64.deb ...
2026-08-14T13:15:42.8437146Z Unpacking libsbc1:amd64 (2.0-1build1) ...
2026-08-14T13:15:42.8668214Z Selecting previously unselected package libvo-aacenc0:amd64.
2026-08-14T13:15:42.8804402Z Preparing to unpack .../163-libvo-aacenc0_0.1.3-2build1_amd64.deb ...
2026-08-14T13:15:42.8815743Z Unpacking libvo-aacenc0:amd64 (0.1.3-2build1) ...
2026-08-14T13:15:42.9044833Z Selecting previously unselected package libvo-amrwbenc0:amd64.
2026-08-14T13:15:42.9179330Z Preparing to unpack .../164-libvo-amrwbenc0_0.1.3-2build1_amd64.deb ...
2026-08-14T13:15:42.9187897Z Unpacking libvo-amrwbenc0:amd64 (0.1.3-2build1) ...
2026-08-14T13:15:42.9408883Z Selecting previously unselected package gstreamer1.0-plugins-bad:amd64.
2026-08-14T13:15:42.9542306Z Preparing to unpack .../165-gstreamer1.0-plugins-bad_1.24.2-1ubuntu4_amd64.deb ...
2026-08-14T13:15:42.9663087Z Unpacking gstreamer1.0-plugins-bad:amd64 (1.24.2-1ubuntu4) ...
2026-08-14T13:15:43.2785558Z Setting up libgme0:amd64 (0.6.3-7build1) ...
2026-08-14T13:15:43.2807107Z Setting up libchromaprint1:amd64 (1.5.1-5) ...
2026-08-14T13:15:43.2825176Z Setting up libssh-gcrypt-4:amd64 (0.10.6-2ubuntu0.4) ...
2026-08-14T13:15:43.2842105Z Setting up libhwy1t64:amd64 (1.0.7-8.1build1) ...
2026-08-14T13:15:43.2863956Z Setting up libfreeaptx0:amd64 (0.1.1-2build1) ...
2026-08-14T13:15:43.2881301Z Setting up libdvdread8t64:amd64 (6.1.3-1.1build1) ...
2026-08-14T13:15:43.2897822Z Setting up libudfread0:amd64 (1.1.2-1build1) ...
2026-08-14T13:15:43.2916218Z Setting up libmodplug1:amd64 (1:0.8.9.0-3build1) ...
2026-08-14T13:15:43.2932769Z Setting up libcdparanoia0:amd64 (3.10.2+debian-14build3) ...
2026-08-14T13:15:43.2949551Z Setting up libwayland-server0:amd64 (1.22.0-2.1build1) ...
2026-08-14T13:15:43.2968881Z Setting up libvo-amrwbenc0:amd64 (0.1.3-2build1) ...
2026-08-14T13:15:43.2985879Z Setting up session-migration (0.3.9build1) ...
2026-08-14T13:15:43.4772673Z Created symlink /etc/systemd/user/graphical-session-pre.target.wants/session-migration.service → /usr/lib/systemd/user/session-migration.service.
2026-08-14T13:15:43.4773569Z 
2026-08-14T13:15:43.4788103Z Setting up libraw1394-11:amd64 (2.1.2-2build3) ...
2026-08-14T13:15:43.4811582Z Setting up libsbc1:amd64 (2.0-1build1) ...
2026-08-14T13:15:43.4832485Z Setting up libproxy1v5:amd64 (0.5.4-4build1) ...
2026-08-14T13:15:43.4855162Z Setting up libneon27t64:amd64 (0.33.0-1.1build3) ...
2026-08-14T13:15:43.4877443Z Setting up libtag1v5-vanilla:amd64 (1.13.1-1build1) ...
2026-08-14T13:15:43.4898564Z Setting up libopenni2-0:amd64 (2.2.0.33+dfsg-18) ...
2026-08-14T13:15:43.5077716Z Setting up libspeex1:amd64 (1.2.1-2ubuntu2.24.04.1) ...
2026-08-14T13:15:43.5095535Z Setting up libshine3:amd64 (3.1.1-2build1) ...
2026-08-14T13:15:43.5118431Z Setting up libcaca0:amd64 (0.99.beta20-4ubuntu0.2) ...
2026-08-14T13:15:43.5137759Z Setting up libvpl2 (2023.3.0-1build1) ...
2026-08-14T13:15:43.5156449Z Setting up libv4lconvert0t64:amd64 (1.26.1-4build3) ...
2026-08-14T13:15:43.5174962Z Setting up libx264-164:amd64 (2:0.164.3108+git31e19f9-1) ...
2026-08-14T13:15:43.5191321Z Setting up libtwolame0:amd64 (0.4.0-2build3) ...
2026-08-14T13:15:43.5207673Z Setting up libmbedcrypto7t64:amd64 (2.28.8-1) ...
2026-08-14T13:15:43.5226267Z Setting up libwoff1:amd64 (1.0.2-2build1) ...
2026-08-14T13:15:43.5243966Z Setting up liblc3-1:amd64 (1.0.4-3build1) ...
2026-08-14T13:15:43.5262134Z Setting up libqrencode4:amd64 (4.1.1-1build2) ...
2026-08-14T13:15:43.5284528Z Setting up libhyphen0:amd64 (2.8.8-7build3) ...
2026-08-14T13:15:43.5302663Z Setting up libgsm1:amd64 (1.0.22-1build1) ...
2026-08-14T13:15:43.5322105Z Setting up libvisual-0.4-0:amd64 (0.4.2-2build1) ...
2026-08-14T13:15:43.5340360Z Setting up libsoxr0:amd64 (0.1.3-4build3) ...
2026-08-14T13:15:43.5360123Z Setting up libzix-0-0:amd64 (0.4.2-2build1) ...
2026-08-14T13:15:43.5380705Z Setting up libcodec2-1.2:amd64 (1.2.0-2build1) ...
2026-08-14T13:15:43.5401270Z Setting up libmanette-0.2-0:amd64 (0.2.7-1build2) ...
2026-08-14T13:15:43.5420241Z Setting up libsrtp2-1:amd64 (2.5.0-3build1) ...
2026-08-14T13:15:43.5439896Z Setting up libmysofa1:amd64 (1.3.2+dfsg-2ubuntu2) ...
2026-08-14T13:15:43.5458800Z Setting up libraptor2-0:amd64 (2.0.16-3ubuntu0.1) ...
2026-08-14T13:15:43.5476741Z Setting up libldacbt-enc2:amd64 (2.0.2.3+git20200429+ed310a0-4ubuntu2) ...
2026-08-14T13:15:43.5494075Z Setting up fonts-wqy-zenhei (0.9.45-8) ...
2026-08-14T13:15:43.5617112Z Setting up libwebrtc-audio-processing1:amd64 (0.3.1-0ubuntu6) ...
2026-08-14T13:15:43.5634388Z Setting up fonts-freefont-ttf (20211204+svn4273-2) ...
2026-08-14T13:15:43.5656082Z Setting up libsoup-3.0-common (3.4.4-5ubuntu0.7) ...
2026-08-14T13:15:43.5674415Z Setting up libmpg123-0t64:amd64 (1.32.5-1ubuntu1.1) ...
2026-08-14T13:15:43.5692842Z Setting up libcjson1:amd64 (1.7.17-1) ...
2026-08-14T13:15:43.5710127Z Setting up libxvidcore4:amd64 (2:1.3.7-1build1) ...
2026-08-14T13:15:43.5726689Z Setting up libmpcdec6:amd64 (2:0.1~r495-2build1) ...
2026-08-14T13:15:43.5745262Z Setting up libmjpegutils-2.1-0t64:amd64 (1:2.1.0+debian-8.1build1) ...
2026-08-14T13:15:43.5764743Z Setting up liborc-0.4-0t64:amd64 (1:0.4.38-1ubuntu0.1) ...
2026-08-14T13:15:43.5786678Z Setting up libxcb-xkb1:amd64 (1.15-1ubuntu2) ...
2026-08-14T13:15:43.5804950Z Setting up libvo-aacenc0:amd64 (0.1.3-2build1) ...
2026-08-14T13:15:43.5827125Z Setting up librist4:amd64 (0.2.10+dfsg-2) ...
2026-08-14T13:15:43.5845750Z Setting up libblas3:amd64 (3.12.0-3build1.1) ...
2026-08-14T13:15:43.5914443Z update-alternatives: using /usr/lib/x86_64-linux-gnu/blas/libblas.so.3 to provide /usr/lib/x86_64-linux-gnu/libblas.so.3 (libblas.so.3-x86_64-linux-gnu) in auto mode
2026-08-14T13:15:43.5930964Z Setting up libegl-mesa0:amd64 (25.2.8-0ubuntu0.24.04.2) ...
2026-08-14T13:15:43.5950905Z Setting up libsoundtouch1:amd64 (2.3.2+ds1-1build1) ...
2026-08-14T13:15:43.5969018Z Setting up libplacebo338:amd64 (6.338.2-2build1) ...
2026-08-14T13:15:43.5989652Z Setting up libgles2:amd64 (1.7.0-1build1) ...
2026-08-14T13:15:43.6008185Z Setting up fonts-tlwg-loma-otf (1:0.7.3-1) ...
2026-08-14T13:15:43.6025765Z Setting up libva2:amd64 (2.20.0-2ubuntu0.2) ...
2026-08-14T13:15:43.6044582Z Setting up libspa-0.2-modules:amd64 (1.0.5-1ubuntu3.3) ...
2026-08-14T13:15:43.6062551Z Setting up libzxing3:amd64 (2.2.1-3) ...
2026-08-14T13:15:43.6080603Z Setting up xfonts-encodings (1:1.0.5-0ubuntu2) ...
2026-08-14T13:15:43.6098832Z Setting up libopus0:amd64 (1.4-1build1) ...
2026-08-14T13:15:43.6118525Z Setting up libfaad2:amd64 (2.11.1-1build1) ...
2026-08-14T13:15:43.6136164Z Setting up libxkbcommon-x11-0:amd64 (1.6.0-1build1) ...
2026-08-14T13:15:43.6157987Z Setting up libdc1394-25:amd64 (2.2.6-4build1) ...
2026-08-14T13:15:43.6176493Z Setting up libunibreak5:amd64 (5.1-2build1) ...
2026-08-14T13:15:43.6194573Z Setting up libdv4t64:amd64 (1.0.0-17.1build1) ...
2026-08-14T13:15:43.6213883Z Setting up libjxl0.7:amd64 (0.7.0-10.2ubuntu6.1) ...
2026-08-14T13:15:43.6234876Z Setting up libopenh264-7:amd64 (2.4.1+dfsg-1) ...
2026-08-14T13:15:43.6253079Z Setting up libltc11:amd64 (1.3.2-1build1) ...
2026-08-14T13:15:43.6272688Z Setting up libv4l-0t64:amd64 (1.26.1-4build3) ...
2026-08-14T13:15:43.6291299Z Setting up libavtp0:amd64 (0.2.0-1build1) ...
2026-08-14T13:15:43.6309430Z Setting up libsndio7.0:amd64 (1.9.0-0.3build3) ...
2026-08-14T13:15:43.6328737Z Setting up libdirectfb-1.7-7t64:amd64 (1.7.7-11.1ubuntu2) ...
2026-08-14T13:15:43.6346274Z Setting up libspandsp2t64:amd64 (0.0.6+dfsg-2.1build1) ...
2026-08-14T13:15:43.6363033Z Setting up libvidstab1.1:amd64 (1.1.0-2build1) ...
2026-08-14T13:15:43.6383801Z Setting up libvpx9:amd64 (1.14.0-1ubuntu2.3) ...
2026-08-14T13:15:43.6402269Z Setting up libsrt1.5-gnutls:amd64 (1.5.3-1build2) ...
2026-08-14T13:15:43.6421814Z Setting up libtag1v5:amd64 (1.13.1-1build1) ...
2026-08-14T13:15:43.6442027Z Setting up libflite1:amd64 (2.2-6build3) ...
2026-08-14T13:15:43.6461058Z Setting up libva-drm2:amd64 (2.20.0-2ubuntu0.2) ...
2026-08-14T13:15:43.6590773Z Setting up fonts-ipafont-gothic (00303-21ubuntu1) ...
2026-08-14T13:15:43.6664567Z update-alternatives: using /usr/share/fonts/opentype/ipafont-gothic/ipag.ttf to provide /usr/share/fonts/truetype/fonts-japanese-gothic.ttf (fonts-japanese-gothic.ttf) in auto mode
2026-08-14T13:15:43.6679851Z Setting up ocl-icd-libopencl1:amd64 (2.3.2-1build1) ...
2026-08-14T13:15:43.6706271Z Setting up libasyncns0:amd64 (0.8-6build4) ...
2026-08-14T13:15:43.6727016Z Setting up libwildmidi2:amd64 (0.4.3-1build3) ...
2026-08-14T13:15:43.6745843Z Setting up libvdpau1:amd64 (1.5-2build1) ...
2026-08-14T13:15:43.6774800Z Setting up libwavpack1:amd64 (5.6.0-1build1) ...
2026-08-14T13:15:43.6792292Z Setting up libbs2b0:amd64 (3.1.0+dfsg-7build1) ...
2026-08-14T13:15:43.6809033Z Setting up libtheora0:amd64 (1.1.1+dfsg.1-16.1build3) ...
2026-08-14T13:15:43.6828670Z Setting up libegl1:amd64 (1.7.0-1build1) ...
2026-08-14T13:15:43.6846164Z Setting up libdecor-0-0:amd64 (0.2.2-1build2) ...
2026-08-14T13:15:43.6866157Z Setting up libdca0:amd64 (0.0.7-2build1) ...
2026-08-14T13:15:43.6882408Z Setting up libzimg2:amd64 (3.0.5+ds1-1build1) ...
2026-08-14T13:15:43.6898318Z Setting up libopenal-data (1:1.23.1-4build1) ...
2026-08-14T13:15:43.6922321Z Setting up libflac12t64:amd64 (1.4.3+ds-2.1ubuntu2) ...
2026-08-14T13:15:43.6939393Z Setting up libgtk-4-common (4.14.5+ds-0ubuntu0.10) ...
2026-08-14T13:15:43.6955420Z Setting up libmpeg2encpp-2.1-0t64:amd64 (1:2.1.0+debian-8.1build1) ...
2026-08-14T13:15:43.6973189Z Setting up glib-networking-common (2.80.0-1build1) ...
2026-08-14T13:15:43.6989275Z Setting up libmfx1:amd64 (22.5.4-1) ...
2026-08-14T13:15:43.7008134Z Setting up libbluray2:amd64 (1:1.3.4-1build1) ...
2026-08-14T13:15:43.7028527Z Setting up libsamplerate0:amd64 (0.2.2-4build1) ...
2026-08-14T13:15:43.7046115Z Setting up timgm6mb-soundfont (1.3-5) ...
2026-08-14T13:15:43.7136434Z update-alternatives: using /usr/share/sounds/sf2/TimGM6mb.sf2 to provide /usr/share/sounds/sf2/default-GM.sf2 (default-GM.sf2) in auto mode
2026-08-14T13:15:43.7186580Z update-alternatives: using /usr/share/sounds/sf2/TimGM6mb.sf2 to provide /usr/share/sounds/sf3/default-GM.sf3 (default-GM.sf3) in auto mode
2026-08-14T13:15:43.7203649Z Setting up libva-x11-2:amd64 (2.20.0-2ubuntu0.2) ...
2026-08-14T13:15:43.7223864Z Setting up libmplex2-2.1-0t64:amd64 (1:2.1.0+debian-8.1build1) ...
2026-08-14T13:15:43.7246093Z Setting up libpipewire-0.3-0t64:amd64 (1.0.5-1ubuntu3.3) ...
2026-08-14T13:15:43.7266110Z Setting up libopenmpt0t64:amd64 (0.7.3-1.1build3) ...
2026-08-14T13:15:43.7284178Z Setting up libzvbi-common (0.2.42-2) ...
2026-08-14T13:15:43.7302889Z Setting up libsecret-common (0.21.4-1build3) ...
2026-08-14T13:15:43.7319639Z Setting up libmp3lame0:amd64 (3.100-6build1) ...
2026-08-14T13:15:43.7339501Z Setting up libgraphene-1.0-0:amd64 (1.10.8-3build2) ...
2026-08-14T13:15:43.7357371Z Setting up libvorbisenc2:amd64 (1.3.7-1build3) ...
2026-08-14T13:15:43.7373368Z Setting up libdvdnav4:amd64 (6.1.1-3build1) ...
2026-08-14T13:15:43.7390086Z Setting up fonts-unifont (1:15.1.01-1build1) ...
2026-08-14T13:15:43.7408814Z Setting up libaa1:amd64 (1.4p5-51.1) ...
2026-08-14T13:15:43.7425730Z Setting up libiec61883-0:amd64 (1.2.0-6build1) ...
2026-08-14T13:15:43.7442930Z Setting up libserd-0-0:amd64 (0.32.2-1) ...
2026-08-14T13:15:43.7461383Z Setting up libavc1394-0:amd64 (0.5.4-5build3) ...
2026-08-14T13:15:43.7480889Z Setting up gsettings-desktop-schemas (46.1-0ubuntu1) ...
2026-08-14T13:15:43.7501912Z Setting up glib-networking-services (2.80.0-1build1) ...
2026-08-14T13:15:43.7520535Z Setting up liblapack3:amd64 (3.12.0-3build1.1) ...
2026-08-14T13:15:43.7587378Z update-alternatives: using /usr/lib/x86_64-linux-gnu/lapack/liblapack.so.3 to provide /usr/lib/x86_64-linux-gnu/liblapack.so.3 (liblapack.so.3-x86_64-linux-gnu) in auto mode
2026-08-14T13:15:43.7602872Z Setting up libzvbi0t64:amd64 (0.2.42-2) ...
2026-08-14T13:15:43.7620811Z Setting up liblrdf0:amd64 (0.6.1-4build1) ...
2026-08-14T13:15:43.7640111Z Setting up libzbar0t64:amd64 (0.23.93-4build3) ...
2026-08-14T13:15:43.7661023Z Setting up libgstreamer-plugins-base1.0-0:amd64 (1.24.2-1ubuntu0.4) ...
2026-08-14T13:15:43.7678894Z Setting up libavutil58:amd64 (7:6.1.1-3ubuntu5) ...
2026-08-14T13:15:43.7697231Z Setting up libopenal1:amd64 (1:1.23.1-4build1) ...
2026-08-14T13:15:43.7717555Z Setting up xfonts-utils (1:7.7+6build3) ...
2026-08-14T13:15:43.7762175Z Setting up libsecret-1-0:amd64 (0.21.4-1build3) ...
2026-08-14T13:15:43.7779485Z Setting up libgstreamer-plugins-good1.0-0:amd64 (1.24.2-1ubuntu1.5) ...
2026-08-14T13:15:43.7805087Z Setting up libgstreamer-gl1.0-0:amd64 (1.24.2-1ubuntu0.4) ...
2026-08-14T13:15:43.7825071Z Setting up gstreamer1.0-plugins-base:amd64 (1.24.2-1ubuntu0.4) ...
2026-08-14T13:15:43.7844695Z Setting up libass9:amd64 (1:0.17.1-2build1) ...
2026-08-14T13:15:43.7864892Z Setting up libswresample4:amd64 (7:6.1.1-3ubuntu5) ...
2026-08-14T13:15:43.7882398Z Setting up libshout3:amd64 (2.4.6-1build2) ...
2026-08-14T13:15:43.7904397Z Setting up libavcodec60:amd64 (7:6.1.1-3ubuntu5) ...
2026-08-14T13:15:43.7924100Z Setting up librubberband2:amd64 (3.3.0+dfsg-2build1) ...
2026-08-14T13:15:43.7941315Z Setting up libjack-jackd2-0:amd64 (1.9.21~dfsg-3ubuntu3) ...
2026-08-14T13:15:43.7961935Z Setting up libsord-0-0:amd64 (0.16.16-2build1) ...
2026-08-14T13:15:43.7980268Z Setting up xfonts-cyrillic (1:1.0.5+nmu1) ...
2026-08-14T13:15:43.8296032Z Setting up libpostproc57:amd64 (7:6.1.1-3ubuntu5) ...
2026-08-14T13:15:43.8318455Z Setting up libsratom-0-0:amd64 (0.6.16-1build1) ...
2026-08-14T13:15:43.8339692Z Setting up libsndfile1:amd64 (1.2.2-1ubuntu5.24.04.1) ...
2026-08-14T13:15:43.8359741Z Setting up liblilv-0-0:amd64 (0.24.22-1build1) ...
2026-08-14T13:15:43.8381331Z Setting up libinstpatch-1.0-2:amd64 (1.1.6-1build2) ...
2026-08-14T13:15:43.8400777Z Setting up xfonts-scalable (1:1.0.3-1.3) ...
2026-08-14T13:15:43.8687417Z Setting up libswscale7:amd64 (7:6.1.1-3ubuntu5) ...
2026-08-14T13:15:43.8705525Z Setting up libpulse0:amd64 (1:16.1+dfsg1-2ubuntu10.1) ...
2026-08-14T13:15:43.8779293Z Setting up libavformat60:amd64 (7:6.1.1-3ubuntu5) ...
2026-08-14T13:15:43.8798633Z Setting up libsphinxbase3t64:amd64 (0.8+5prealpha+1-17build2) ...
2026-08-14T13:15:43.8817577Z Setting up libsdl2-2.0-0:amd64 (2.30.0+dfsg-1ubuntu3.1) ...
2026-08-14T13:15:43.8838343Z Setting up libfluidsynth3:amd64 (2.3.4-1build3) ...
2026-08-14T13:15:43.8857717Z Setting up libpocketsphinx3:amd64 (0.8.0+real5prealpha+1-15ubuntu5) ...
2026-08-14T13:15:43.8876432Z Setting up libavfilter9:amd64 (7:6.1.1-3ubuntu5) ...
2026-08-14T13:15:43.8898652Z Setting up gstreamer1.0-libav:amd64 (1.24.1-1build1) ...
2026-08-14T13:15:43.9530154Z Processing triggers for fontconfig (2.15.0-1.1ubuntu2) ...
2026-08-14T13:15:44.3377227Z Processing triggers for libc-bin (2.39-0ubuntu8.8) ...
2026-08-14T13:15:48.7898311Z Processing triggers for libglib2.0-0t64:amd64 (2.80.0-6ubuntu3.8) ...
2026-08-14T13:15:48.8575422Z Setting up libgtk-4-1:amd64 (4.14.5+ds-0ubuntu0.10) ...
2026-08-14T13:15:48.9479320Z Setting up glib-networking:amd64 (2.80.0-1build1) ...
2026-08-14T13:15:48.9518427Z Setting up libsoup-3.0-0:amd64 (3.4.4-5ubuntu0.7) ...
2026-08-14T13:15:48.9549328Z Setting up libgssdp-1.6-0:amd64 (1.6.3-1build3) ...
2026-08-14T13:15:48.9627972Z Setting up gstreamer1.0-plugins-good:amd64 (1.24.2-1ubuntu1.5) ...
2026-08-14T13:15:48.9766325Z Setting up libgupnp-1.6-0:amd64 (1.6.6-1build3) ...
2026-08-14T13:15:48.9848485Z Setting up libgupnp-igd-1.6-0:amd64 (1.6.0-3build3) ...
2026-08-14T13:15:48.9885689Z Setting up libnice10:amd64 (0.1.21-2build3) ...
2026-08-14T13:15:48.9937444Z Setting up libgstreamer-plugins-bad1.0-0:amd64 (1.24.2-1ubuntu4) ...
2026-08-14T13:15:48.9981480Z Setting up gstreamer1.0-plugins-bad:amd64 (1.24.2-1ubuntu4) ...
2026-08-14T13:15:49.0005480Z Processing triggers for libc-bin (2.39-0ubuntu8.8) ...
2026-08-14T13:15:49.6421765Z 
2026-08-14T13:15:49.6427063Z Running kernel seems to be up-to-date.
2026-08-14T13:15:49.6427445Z 
2026-08-14T13:15:49.6427629Z Restarting services...
2026-08-14T13:15:49.6502672Z  systemctl restart php8.3-fpm.service
2026-08-14T13:15:49.7716681Z 
2026-08-14T13:15:49.7718664Z No containers need to be restarted.
2026-08-14T13:15:49.7719036Z 
2026-08-14T13:15:49.7719340Z No user sessions are running outdated binaries.
2026-08-14T13:15:49.7719679Z 
2026-08-14T13:15:49.7720141Z No VM guests are running outdated hypervisor (qemu) binaries on this host.
2026-08-14T13:15:50.7348297Z ##[group]Run npx playwright install chromium firefox webkit
2026-08-14T13:15:50.7348741Z [36;1mnpx playwright install chromium firefox webkit[0m
2026-08-14T13:15:50.7392079Z shell: /usr/bin/bash -e {0}
2026-08-14T13:15:50.7392340Z env:
2026-08-14T13:15:50.7392548Z   VISREG_GRAY_APPROVED: 0
2026-08-14T13:15:50.7392804Z   COMPOSER_PROCESS_TIMEOUT: 0
2026-08-14T13:15:50.7393054Z   COMPOSER_NO_INTERACTION: 1
2026-08-14T13:15:50.7393287Z   COMPOSER_NO_AUDIT: 1
2026-08-14T13:15:50.7393502Z ##[endgroup]
2026-08-14T13:15:51.4977080Z Downloading Chrome for Testing 148.0.7778.96 (playwright chromium v1223) from https://cdn.playwright.dev/builds/cft/148.0.7778.96/linux64/chrome-linux64.zip
2026-08-14T13:15:52.5528912Z |                                                                                |   0% of 175.4 MiB
2026-08-14T13:15:52.7480622Z |■■■■■■■■                                                                        |  10% of 175.4 MiB
2026-08-14T13:15:52.8592095Z |■■■■■■■■■■■■■■■■                                                                |  20% of 175.4 MiB
2026-08-14T13:15:53.0124516Z |■■■■■■■■■■■■■■■■■■■■■■■■                                                        |  30% of 175.4 MiB
2026-08-14T13:15:53.1730958Z |■■■■■■■■■■■■■■■■■■■■■■■■■■■■■■■■                                                |  40% of 175.4 MiB
2026-08-14T13:15:53.2875901Z |■■■■■■■■■■■■■■■■■■■■■■■■■■■■■■■■■■■■■■■■                                        |  50% of 175.4 MiB
2026-08-14T13:15:53.4043677Z |■■■■■■■■■■■■■■■■■■■■■■■■■■■■■■■■■■■■■■■■■■■■■■■■                                |  60% of 175.4 MiB
2026-08-14T13:15:53.5045754Z |■■■■■■■■■■■■■■■■■■■■■■■■■■■■■■■■■■■■■■■■■■■■■■■■■■■■■■■■                        |  70% of 175.4 MiB
2026-08-14T13:15:53.6063516Z |■■■■■■■■■■■■■■■■■■■■■■■■■■■■■■■■■■■■■■■■■■■■■■■■■■■■■■■■■■■■■■■■                |  80% of 175.4 MiB
2026-08-14T13:15:53.7253887Z |■■■■■■■■■■■■■■■■■■■■■■■■■■■■■■■■■■■■■■■■■■■■■■■■■■■■■■■■■■■■■■■■■■■■■■■■        |  90% of 175.4 MiB
2026-08-14T13:15:53.8347531Z |■■■■■■■■■■■■■■■■■■■■■■■■■■■■■■■■■■■■■■■■■■■■■■■■■■■■■■■■■■■■■■■■■■■■■■■■■■■■■■■■| 100% of 175.4 MiB
2026-08-14T13:15:56.4187128Z Chrome for Testing 148.0.7778.96 (playwright chromium v1223) downloaded to /home/runner/.cache/ms-playwright/chromium-1223
2026-08-14T13:15:56.4190211Z Downloading FFmpeg (playwright ffmpeg v1011) from https://cdn.playwright.dev/dbazure/download/playwright/builds/ffmpeg/1011/ffmpeg-linux.zip
2026-08-14T13:15:57.3997403Z |                                                                                |   0% of 2.3 MiB
2026-08-14T13:15:57.4050185Z |■■■■■■■■                                                                        |  10% of 2.3 MiB
2026-08-14T13:15:57.4088507Z |■■■■■■■■■■■■■■■■                                                                |  20% of 2.3 MiB
2026-08-14T13:15:57.4104710Z |■■■■■■■■■■■■■■■■■■■■■■■■                                                        |  30% of 2.3 MiB
2026-08-14T13:15:57.4131061Z |■■■■■■■■■■■■■■■■■■■■■■■■■■■■■■■■                                                |  40% of 2.3 MiB
2026-08-14T13:15:57.4203686Z |■■■■■■■■■■■■■■■■■■■■■■■■■■■■■■■■■■■■■■■■                                        |  50% of 2.3 MiB
2026-08-14T13:15:57.4311159Z |■■■■■■■■■■■■■■■■■■■■■■■■■■■■■■■■■■■■■■■■■■■■■■■■                                |  60% of 2.3 MiB
2026-08-14T13:15:57.4334373Z |■■■■■■■■■■■■■■■■■■■■■■■■■■■■■■■■■■■■■■■■■■■■■■■■■■■■■■■■                        |  70% of 2.3 MiB
2026-08-14T13:15:57.4382817Z |■■■■■■■■■■■■■■■■■■■■■■■■■■■■■■■■■■■■■■■■■■■■■■■■■■■■■■■■■■■■■■■■                |  80% of 2.3 MiB
2026-08-14T13:15:57.4405732Z |■■■■■■■■■■■■■■■■■■■■■■■■■■■■■■■■■■■■■■■■■■■■■■■■■■■■■■■■■■■■■■■■■■■■■■■■        |  90% of 2.3 MiB
2026-08-14T13:15:57.4420459Z |■■■■■■■■■■■■■■■■■■■■■■■■■■■■■■■■■■■■■■■■■■■■■■■■■■■■■■■■■■■■■■■■■■■■■■■■■■■■■■■■| 100% of 2.3 MiB
2026-08-14T13:15:57.4988395Z FFmpeg (playwright ffmpeg v1011) downloaded to /home/runner/.cache/ms-playwright/ffmpeg-1011
2026-08-14T13:15:57.4990630Z Downloading Chrome Headless Shell 148.0.7778.96 (playwright chromium-headless-shell v1223) from https://cdn.playwright.dev/builds/cft/148.0.7778.96/linux64/chrome-headless-shell-linux64.zip
2026-08-14T13:15:58.5465473Z |                                                                                |   0% of 113.2 MiB
2026-08-14T13:15:58.7585384Z |■■■■■■■■                                                                        |  10% of 113.2 MiB
2026-08-14T13:15:58.8318102Z |■■■■■■■■■■■■■■■■                                                                |  20% of 113.2 MiB
2026-08-14T13:15:58.9025701Z |■■■■■■■■■■■■■■■■■■■■■■■■                                                        |  30% of 113.2 MiB
2026-08-14T13:15:59.0002205Z |■■■■■■■■■■■■■■■■■■■■■■■■■■■■■■■■                                                |  40% of 113.2 MiB
2026-08-14T13:15:59.0648244Z |■■■■■■■■■■■■■■■■■■■■■■■■■■■■■■■■■■■■■■■■                                        |  50% of 113.2 MiB
2026-08-14T13:15:59.1283335Z |■■■■■■■■■■■■■■■■■■■■■■■■■■■■■■■■■■■■■■■■■■■■■■■■                                |  60% of 113.2 MiB
2026-08-14T13:15:59.2026573Z |■■■■■■■■■■■■■■■■■■■■■■■■■■■■■■■■■■■■■■■■■■■■■■■■■■■■■■■■                        |  70% of 113.2 MiB
2026-08-14T13:15:59.3138238Z |■■■■■■■■■■■■■■■■■■■■■■■■■■■■■■■■■■■■■■■■■■■■■■■■■■■■■■■■■■■■■■■■                |  80% of 113.2 MiB
2026-08-14T13:15:59.4230361Z |■■■■■■■■■■■■■■■■■■■■■■■■■■■■■■■■■■■■■■■■■■■■■■■■■■■■■■■■■■■■■■■■■■■■■■■■        |  90% of 113.2 MiB
2026-08-14T13:15:59.5245554Z |■■■■■■■■■■■■■■■■■■■■■■■■■■■■■■■■■■■■■■■■■■■■■■■■■■■■■■■■■■■■■■■■■■■■■■■■■■■■■■■■| 100% of 113.2 MiB
2026-08-14T13:16:01.4115509Z Chrome Headless Shell 148.0.7778.96 (playwright chromium-headless-shell v1223) downloaded to /home/runner/.cache/ms-playwright/chromium_headless_shell-1223
2026-08-14T13:16:01.4118285Z Downloading Firefox 150.0.2 (playwright firefox v1522) from https://cdn.playwright.dev/dbazure/download/playwright/builds/firefox/1522/firefox-ubuntu-24.04.zip
2026-08-14T13:16:02.4672509Z |                                                                                |   0% of 104.3 MiB
2026-08-14T13:16:02.7200065Z |■■■■■■■■                                                                        |  10% of 104.3 MiB
2026-08-14T13:16:02.8742360Z |■■■■■■■■■■■■■■■■                                                                |  20% of 104.3 MiB
2026-08-14T13:16:03.0376084Z |■■■■■■■■■■■■■■■■■■■■■■■■                                                        |  30% of 104.3 MiB
2026-08-14T13:16:03.1629054Z |■■■■■■■■■■■■■■■■■■■■■■■■■■■■■■■■                                                |  40% of 104.3 MiB
2026-08-14T13:16:03.3170353Z |■■■■■■■■■■■■■■■■■■■■■■■■■■■■■■■■■■■■■■■■                                        |  50% of 104.3 MiB
2026-08-14T13:16:03.4804857Z |■■■■■■■■■■■■■■■■■■■■■■■■■■■■■■■■■■■■■■■■■■■■■■■■                                |  60% of 104.3 MiB
2026-08-14T13:16:03.6579557Z |■■■■■■■■■■■■■■■■■■■■■■■■■■■■■■■■■■■■■■■■■■■■■■■■■■■■■■■■                        |  70% of 104.3 MiB
2026-08-14T13:16:03.8114764Z |■■■■■■■■■■■■■■■■■■■■■■■■■■■■■■■■■■■■■■■■■■■■■■■■■■■■■■■■■■■■■■■■                |  80% of 104.3 MiB
2026-08-14T13:16:03.9432948Z |■■■■■■■■■■■■■■■■■■■■■■■■■■■■■■■■■■■■■■■■■■■■■■■■■■■■■■■■■■■■■■■■■■■■■■■■        |  90% of 104.3 MiB
2026-08-14T13:16:04.1540030Z |■■■■■■■■■■■■■■■■■■■■■■■■■■■■■■■■■■■■■■■■■■■■■■■■■■■■■■■■■■■■■■■■■■■■■■■■■■■■■■■■| 100% of 104.3 MiB
2026-08-14T13:16:05.8881659Z Firefox 150.0.2 (playwright firefox v1522) downloaded to /home/runner/.cache/ms-playwright/firefox-1522
2026-08-14T13:16:05.8884353Z Downloading WebKit 26.4 (playwright webkit v2287) from https://cdn.playwright.dev/dbazure/download/playwright/builds/webkit/2287/webkit-ubuntu-24.04.zip
2026-08-14T13:16:06.8718056Z |                                                                                |   0% of 101.3 MiB
2026-08-14T13:16:06.9405427Z |■■■■■■■■                                                                        |  10% of 101.3 MiB
2026-08-14T13:16:06.9984637Z |■■■■■■■■■■■■■■■■                                                                |  20% of 101.3 MiB
2026-08-14T13:16:07.0427752Z |■■■■■■■■■■■■■■■■■■■■■■■■                                                        |  30% of 101.3 MiB
2026-08-14T13:16:07.0832630Z |■■■■■■■■■■■■■■■■■■■■■■■■■■■■■■■■                                                |  40% of 101.3 MiB
2026-08-14T13:16:07.1246980Z |■■■■■■■■■■■■■■■■■■■■■■■■■■■■■■■■■■■■■■■■                                        |  50% of 101.3 MiB
2026-08-14T13:16:07.1573740Z |■■■■■■■■■■■■■■■■■■■■■■■■■■■■■■■■■■■■■■■■■■■■■■■■                                |  60% of 101.3 MiB
2026-08-14T13:16:07.1905910Z |■■■■■■■■■■■■■■■■■■■■■■■■■■■■■■■■■■■■■■■■■■■■■■■■■■■■■■■■                        |  70% of 101.3 MiB
2026-08-14T13:16:07.2209911Z |■■■■■■■■■■■■■■■■■■■■■■■■■■■■■■■■■■■■■■■■■■■■■■■■■■■■■■■■■■■■■■■■                |  80% of 101.3 MiB
2026-08-14T13:16:07.2590565Z |■■■■■■■■■■■■■■■■■■■■■■■■■■■■■■■■■■■■■■■■■■■■■■■■■■■■■■■■■■■■■■■■■■■■■■■■        |  90% of 101.3 MiB
2026-08-14T13:16:07.2927424Z |■■■■■■■■■■■■■■■■■■■■■■■■■■■■■■■■■■■■■■■■■■■■■■■■■■■■■■■■■■■■■■■■■■■■■■■■■■■■■■■■| 100% of 101.3 MiB
2026-08-14T13:16:09.0397909Z WebKit 26.4 (playwright webkit v2287) downloaded to /home/runner/.cache/ms-playwright/webkit-2287
2026-08-14T13:16:09.3960845Z ##[group]Run mkdir -p storage/framework/{cache,views,sessions,testing} bootstrap/cache
2026-08-14T13:16:09.3961489Z [36;1mmkdir -p storage/framework/{cache,views,sessions,testing} bootstrap/cache[0m
2026-08-14T13:16:09.3961901Z [36;1mcat > .env <<'EOF'[0m
2026-08-14T13:16:09.3962161Z [36;1mAPP_NAME=oimpresso-visreg[0m
2026-08-14T13:16:09.3962423Z [36;1mAPP_KEY=[0m
2026-08-14T13:16:09.3962636Z [36;1mAPP_ENV=testing[0m
2026-08-14T13:16:09.3962869Z [36;1mAPP_DEBUG=true[0m
2026-08-14T13:16:09.3963136Z [36;1mAPP_URL=http://localhost[0m
2026-08-14T13:16:09.3963603Z [36;1mLOG_CHANNEL=stderr[0m
2026-08-14T13:16:09.3963844Z [36;1mDB_CONNECTION=mysql[0m
2026-08-14T13:16:09.3964088Z [36;1mDB_HOST=127.0.0.1[0m
2026-08-14T13:16:09.3964324Z [36;1mDB_PORT=3306[0m
2026-08-14T13:16:09.3964561Z [36;1mDB_DATABASE=oimpresso_test[0m
2026-08-14T13:16:09.3964829Z [36;1mDB_USERNAME=root[0m
2026-08-14T13:16:09.3965058Z [36;1mDB_PASSWORD=root[0m
2026-08-14T13:16:09.3965312Z [36;1mCACHE_DRIVER=array[0m
2026-08-14T13:16:09.3965560Z [36;1mQUEUE_CONNECTION=sync[0m
2026-08-14T13:16:09.3965805Z [36;1mSESSION_DRIVER=file[0m
2026-08-14T13:16:09.3966035Z [36;1mMAIL_MAILER=array[0m
2026-08-14T13:16:09.3966262Z [36;1mBCRYPT_ROUNDS=4[0m
2026-08-14T13:16:09.3966494Z [36;1mTELESCOPE_ENABLED=false[0m
2026-08-14T13:16:09.3966980Z [36;1mVIEW_COMPILED_PATH=storage/framework/views[0m
2026-08-14T13:16:09.3967515Z [36;1m# MWART_CLIENTE_INDEX=true: sem o flag, /cliente cai no Blade legacy e dá 500[0m
2026-08-14T13:16:09.3968068Z [36;1m# (provado por screenshot do artifact #2320) → fica fora do gate. Com o flag,[0m
2026-08-14T13:16:09.3968676Z [36;1m# renderiza a Page Inertia canônica de Clientes — que é o que o gate deve proteger.[0m
2026-08-14T13:16:09.3969125Z [36;1mMWART_CLIENTE_INDEX=true[0m
2026-08-14T13:16:09.3969370Z [36;1mEOF[0m
2026-08-14T13:16:09.3969600Z [36;1mphp artisan key:generate --force[0m
2026-08-14T13:16:09.3969929Z [36;1mphp artisan package:discover --ansi[0m
2026-08-14T13:16:09.3970246Z [36;1mphp artisan migrate --force[0m
2026-08-14T13:16:09.3970567Z [36;1mecho "=== schema-squash check: tabelas criadas ==="[0m
2026-08-14T13:16:09.3971028Z [36;1mphp artisan tinker --execute="echo count(DB::select('show tables')).' tabelas';"[0m
2026-08-14T13:16:09.4012928Z shell: /usr/bin/bash -e {0}
2026-08-14T13:16:09.4013182Z env:
2026-08-14T13:16:09.4013385Z   VISREG_GRAY_APPROVED: 0
2026-08-14T13:16:09.4013632Z   COMPOSER_PROCESS_TIMEOUT: 0
2026-08-14T13:16:09.4013887Z   COMPOSER_NO_INTERACTION: 1
2026-08-14T13:16:09.4014127Z   COMPOSER_NO_AUDIT: 1
2026-08-14T13:16:09.4014376Z ##[endgroup]
2026-08-14T13:16:09.4978095Z PHP Warning:  The opentelemetry extension must be loaded in order to autoload the OpenTelemetry Laravel auto-instrumentation in /home/runner/work/oimpresso.com/oimpresso.com/vendor/open-telemetry/opentelemetry-auto-laravel/_register.php on line 13
2026-08-14T13:16:09.9115404Z 
2026-08-14T13:16:09.9116079Z    INFO  Application key set successfully.  
2026-08-14T13:16:09.9116514Z 
2026-08-14T13:16:10.0086171Z PHP Warning:  The opentelemetry extension must be loaded in order to autoload the OpenTelemetry Laravel auto-instrumentation in /home/runner/work/oimpresso.com/oimpresso.com/vendor/open-telemetry/opentelemetry-auto-laravel/_register.php on line 13
2026-08-14T13:16:10.3984048Z 
2026-08-14T13:16:10.3985008Z   [37;44m INFO [39;49m Discovering packages.  
2026-08-14T13:16:10.3985306Z 
2026-08-14T13:16:10.4037709Z   aloha/twilio [90m.[39m[90m.[39m[90m.[39m[90m.[39m[90m.[39m[90m.[39m[90m.[39m[90m.[39m[90m.[39m[90m.[39m[90m.[39m[90m.[39m[90m.[39m[90m.[39m[90m.[39m[90m.[39m[90m.[39m[90m.[39m[90m.[39m[90m.[39m[90m.[39m[90m.[39m[90m.[39m[90m.[39m[90m.[39m[90m.[39m[90m.[39m[90m.[39m[90m.[39m[90m.[39m[90m.[39m[90m.[39m[90m.[39m[90m.[39m[90m.[39m[90m.[39m[90m.[39m[90m.[39m[90m.[39m[90m.[39m[90m.[39m[90m.[39m[90m.[39m[90m.[39m[90m.[39m[90m.[39m[90m.[39m[90m.[39m[90m.[39m[90m.[39m[90m.[39m[90m.[39m[90m.[39m[90m.[39m[90m.[39m[90m.[39m[90m.[39m[90m.[39m [32;1mDONE[39;22m
2026-08-14T13:16:10.4041625Z   barryvdh/laravel-dompdf [90m.[39m[90m.[39m[90m.[39m[90m.[39m[90m.[39m[90m.[39m[90m.[39m[90m.[39m[90m.[39m[90m.[39m[90m.[39m[90m.[39m[90m.[39m[90m.[39m[90m.[39m[90m.[39m[90m.[39m[90m.[39m[90m.[39m[90m.[39m[90m.[39m[90m.[39m[90m.[39m[90m.[39m[90m.[39m[90m.[39m[90m.[39m[90m.[39m[90m.[39m[90m.[39m[90m.[39m[90m.[39m[90m.[39m[90m.[39m[90m.[39m[90m.[39m[90m.[39m[90m.[39m[90m.[39m[90m.[39m[90m.[39m[90m.[39m[90m.[39m[90m.[39m[90m.[39m[90m.[39m[90m.[39m [32;1mDONE[39;22m
2026-08-14T13:16:10.4045488Z   consoletvs/charts [90m.[39m[90m.[39m[90m.[39m[90m.[39m[90m.[39m[90m.[39m[90m.[39m[90m.[39m[90m.[39m[90m.[39m[90m.[39m[90m.[39m[90m.[39m[90m.[39m[90m.[39m[90m.[39m[90m.[39m[90m.[39m[90m.[39m[90m.[39m[90m.[39m[90m.[39m[90m.[39m[90m.[39m[90m.[39m[90m.[39m[90m.[39m[90m.[39m[90m.[39m[90m.[39m[90m.[39m[90m.[39m[90m.[39m[90m.[39m[90m.[39m[90m.[39m[90m.[39m[90m.[39m[90m.[39m[90m.[39m[90m.[39m[90m.[39m[90m.[39m[90m.[39m[90m.[39m[90m.[39m[90m.[39m[90m.[39m[90m.[39m[90m.[39m[90m.[39m[90m.[39m[90m.[39m [32;1mDONE[39;22m
2026-08-14T13:16:10.4049016Z   eduardokum/laravel-mail-auto-embed [90m.[39m[90m.[39m[90m.[39m[90m.[39m[90m.[39m[90m.[39m[90m.[39m[90m.[39m[90m.[39m[90m.[39m[90m.[39m[90m.[39m[90m.[39m[90m.[39m[90m.[39m[90m.[39m[90m.[39m[90m.[39m[90m.[39m[90m.[39m[90m.[39m[90m.[39m[90m.[39m[90m.[39m[90m.[39m[90m.[39m[90m.[39m[90m.[39m[90m.[39m[90m.[39m[90m.[39m[90m.[39m[90m.[39m[90m.[39m[90m.[39m[90m.[39m [32;1mDONE[39;22m
2026-08-14T13:16:10.4052243Z   inertiajs/inertia-laravel [90m.[39m[90m.[39m[90m.[39m[90m.[39m[90m.[39m[90m.[39m[90m.[39m[90m.[39m[90m.[39m[90m.[39m[90m.[39m[90m.[39m[90m.[39m[90m.[39m[90m.[39m[90m.[39m[90m.[39m[90m.[39m[90m.[39m[90m.[39m[90m.[39m[90m.[39m[90m.[39m[90m.[39m[90m.[39m[90m.[39m[90m.[39m[90m.[39m[90m.[39m[90m.[39m[90m.[39m[90m.[39m[90m.[39m[90m.[39m[90m.[39m[90m.[39m[90m.[39m[90m.[39m[90m.[39m[90m.[39m[90m.[39m[90m.[39m[90m.[39m[90m.[39m[90m.[39m [32;1mDONE[39;22m
2026-08-14T13:16:10.4055728Z   knuckleswtf/scribe [90m.[39m[90m.[39m[90m.[39m[90m.[39m[90m.[39m[90m.[39m[90m.[39m[90m.[39m[90m.[39m[90m.[39m[90m.[39m[90m.[39m[90m.[39m[90m.[39m[90m.[39m[90m.[39m[90m.[39m[90m.[39m[90m.[39m[90m.[39m[90m.[39m[90m.[39m[90m.[39m[90m.[39m[90m.[39m[90m.[39m[90m.[39m[90m.[39m[90m.[39m[90m.[39m[90m.[39m[90m.[39m[90m.[39m[90m.[39m[90m.[39m[90m.[39m[90m.[39m[90m.[39m[90m.[39m[90m.[39m[90m.[39m[90m.[39m[90m.[39m[90m.[39m[90m.[39m[90m.[39m[90m.[39m[90m.[39m[90m.[39m[90m.[39m[90m.[39m[90m.[39m [32;1mDONE[39;22m
2026-08-14T13:16:10.4059869Z   laravel/ai [90m.[39m[90m.[39m[90m.[39m[90m.[39m[90m.[39m[90m.[39m[90m.[39m[90m.[39m[90m.[39m[90m.[39m[90m.[39m[90m.[39m[90m.[39m[90m.[39m[90m.[39m[90m.[39m[90m.[39m[90m.[39m[90m.[39m[90m.[39m[90m.[39m[90m.[39m[90m.[39m[90m.[39m[90m.[39m[90m.[39m[90m.[39m[90m.[39m[90m.[39m[90m.[39m[90m.[39m[90m.[39m[90m.[39m[90m.[39m[90m.[39m[90m.[39m[90m.[39m[90m.[39m[90m.[39m[90m.[39m[90m.[39m[90m.[39m[90m.[39m[90m.[39m[90m.[39m[90m.[39m[90m.[39m[90m.[39m[90m.[39m[90m.[39m[90m.[39m[90m.[39m[90m.[39m[90m.[39m[90m.[39m[90m.[39m[90m.[39m[90m.[39m[90m.[39m[90m.[39m [32;1mDONE[39;22m
2026-08-14T13:16:10.4064103Z   laravel/boost [90m.[39m[90m.[39m[90m.[39m[90m.[39m[90m.[39m[90m.[39m[90m.[39m[90m.[39m[90m.[39m[90m.[39m[90m.[39m[90m.[39m[90m.[39m[90m.[39m[90m.[39m[90m.[39m[90m.[39m[90m.[39m[90m.[39m[90m.[39m[90m.[39m[90m.[39m[90m.[39m[90m.[39m[90m.[39m[90m.[39m[90m.[39m[90m.[39m[90m.[39m[90m.[39m[90m.[39m[90m.[39m[90m.[39m[90m.[39m[90m.[39m[90m.[39m[90m.[39m[90m.[39m[90m.[39m[90m.[39m[90m.[39m[90m.[39m[90m.[39m[90m.[39m[90m.[39m[90m.[39m[90m.[39m[90m.[39m[90m.[39m[90m.[39m[90m.[39m[90m.[39m[90m.[39m[90m.[39m[90m.[39m[90m.[39m[90m.[39m [32;1mDONE[39;22m
2026-08-14T13:16:10.4067738Z   laravel/legacy-factories [90m.[39m[90m.[39m[90m.[39m[90m.[39m[90m.[39m[90m.[39m[90m.[39m[90m.[39m[90m.[39m[90m.[39m[90m.[39m[90m.[39m[90m.[39m[90m.[39m[90m.[39m[90m.[39m[90m.[39m[90m.[39m[90m.[39m[90m.[39m[90m.[39m[90m.[39m[90m.[39m[90m.[39m[90m.[39m[90m.[39m[90m.[39m[90m.[39m[90m.[39m[90m.[39m[90m.[39m[90m.[39m[90m.[39m[90m.[39m[90m.[39m[90m.[39m[90m.[39m[90m.[39m[90m.[39m[90m.[39m[90m.[39m[90m.[39m[90m.[39m[90m.[39m[90m.[39m[90m.[39m [32;1mDONE[39;22m
2026-08-14T13:16:10.4071746Z   laravel/mcp [90m.[39m[90m.[39m[90m.[39m[90m.[39m[90m.[39m[90m.[39m[90m.[39m[90m.[39m[90m.[39m[90m.[39m[90m.[39m[90m.[39m[90m.[39m[90m.[39m[90m.[39m[90m.[39m[90m.[39m[90m.[39m[90m.[39m[90m.[39m[90m.[39m[90m.[39m[90m.[39m[90m.[39m[90m.[39m[90m.[39m[90m.[39m[90m.[39m[90m.[39m[90m.[39m[90m.[39m[90m.[39m[90m.[39m[90m.[39m[90m.[39m[90m.[39m[90m.[39m[90m.[39m[90m.[39m[90m.[39m[90m.[39m[90m.[39m[90m.[39m[90m.[39m[90m.[39m[90m.[39m[90m.[39m[90m.[39m[90m.[39m[90m.[39m[90m.[39m[90m.[39m[90m.[39m[90m.[39m[90m.[39m[90m.[39m[90m.[39m[90m.[39m[90m.[39m [32;1mDONE[39;22m
2026-08-14T13:16:10.4075608Z   laravel/octane [90m.[39m[90m.[39m[90m.[39m[90m.[39m[90m.[39m[90m.[39m[90m.[39m[90m.[39m[90m.[39m[90m.[39m[90m.[39m[90m.[39m[90m.[39m[90m.[39m[90m.[39m[90m.[39m[90m.[39m[90m.[39m[90m.[39m[90m.[39m[90m.[39m[90m.[39m[90m.[39m[90m.[39m[90m.[39m[90m.[39m[90m.[39m[90m.[39m[90m.[39m[90m.[39m[90m.[39m[90m.[39m[90m.[39m[90m.[39m[90m.[39m[90m.[39m[90m.[39m[90m.[39m[90m.[39m[90m.[39m[90m.[39m[90m.[39m[90m.[39m[90m.[39m[90m.[39m[90m.[39m[90m.[39m[90m.[39m[90m.[39m[90m.[39m[90m.[39m[90m.[39m[90m.[39m[90m.[39m[90m.[39m[90m.[39m [32;1mDONE[39;22m
2026-08-14T13:16:10.4080002Z   laravel/pail [90m.[39m[90m.[39m[90m.[39m[90m.[39m[90m.[39m[90m.[39m[90m.[39m[90m.[39m[90m.[39m[90m.[39m[90m.[39m[90m.[39m[90m.[39m[90m.[39m[90m.[39m[90m.[39m[90m.[39m[90m.[39m[90m.[39m[90m.[39m[90m.[39m[90m.[39m[90m.[39m[90m.[39m[90m.[39m[90m.[39m[90m.[39m[90m.[39m[90m.[39m[90m.[39m[90m.[39m[90m.[39m[90m.[39m[90m.[39m[90m.[39m[90m.[39m[90m.[39m[90m.[39m[90m.[39m[90m.[39m[90m.[39m[90m.[39m[90m.[39m[90m.[39m[90m.[39m[90m.[39m[90m.[39m[90m.[39m[90m.[39m[90m.[39m[90m.[39m[90m.[39m[90m.[39m[90m.[39m[90m.[39m[90m.[39m[90m.[39m[90m.[39m [32;1mDONE[39;22m
2026-08-14T13:16:10.4083769Z   laravel/passport [90m.[39m[90m.[39m[90m.[39m[90m.[39m[90m.[39m[90m.[39m[90m.[39m[90m.[39m[90m.[39m[90m.[39m[90m.[39m[90m.[39m[90m.[39m[90m.[39m[90m.[39m[90m.[39m[90m.[39m[90m.[39m[90m.[39m[90m.[39m[90m.[39m[90m.[39m[90m.[39m[90m.[39m[90m.[39m[90m.[39m[90m.[39m[90m.[39m[90m.[39m[90m.[39m[90m.[39m[90m.[39m[90m.[39m[90m.[39m[90m.[39m[90m.[39m[90m.[39m[90m.[39m[90m.[39m[90m.[39m[90m.[39m[90m.[39m[90m.[39m[90m.[39m[90m.[39m[90m.[39m[90m.[39m[90m.[39m[90m.[39m[90m.[39m[90m.[39m[90m.[39m[90m.[39m[90m.[39m [32;1mDONE[39;22m
2026-08-14T13:16:10.4088386Z   laravel/reverb [90m.[39m[90m.[39m[90m.[39m[90m.[39m[90m.[39m[90m.[39m[90m.[39m[90m.[39m[90m.[39m[90m.[39m[90m.[39m[90m.[39m[90m.[39m[90m.[39m[90m.[39m[90m.[39m[90m.[39m[90m.[39m[90m.[39m[90m.[39m[90m.[39m[90m.[39m[90m.[39m[90m.[39m[90m.[39m[90m.[39m[90m.[39m[90m.[39m[90m.[39m[90m.[39m[90m.[39m[90m.[39m[90m.[39m[90m.[39m[90m.[39m[90m.[39m[90m.[39m[90m.[39m[90m.[39m[90m.[39m[90m.[39m[90m.[39m[90m.[39m[90m.[39m[90m.[39m[90m.[39m[90m.[39m[90m.[39m[90m.[39m[90m.[39m[90m.[39m[90m.[39m[90m.[39m[90m.[39m[90m.[39m[90m.[39m [32;1mDONE[39;22m
2026-08-14T13:16:10.4092156Z   laravel/roster [90m.[39m[90m.[39m[90m.[39m[90m.[39m[90m.[39m[90m.[39m[90m.[39m[90m.[39m[90m.[39m[90m.[39m[90m.[39m[90m.[39m[90m.[39m[90m.[39m[90m.[39m[90m.[39m[90m.[39m[90m.[39m[90m.[39m[90m.[39m[90m.[39m[90m.[39m[90m.[39m[90m.[39m[90m.[39m[90m.[39m[90m.[39m[90m.[39m[90m.[39m[90m.[39m[90m.[39m[90m.[39m[90m.[39m[90m.[39m[90m.[39m[90m.[39m[90m.[39m[90m.[39m[90m.[39m[90m.[39m[90m.[39m[90m.[39m[90m.[39m[90m.[39m[90m.[39m[90m.[39m[90m.[39m[90m.[39m[90m.[39m[90m.[39m[90m.[39m[90m.[39m[90m.[39m[90m.[39m[90m.[39m[90m.[39m [32;1mDONE[39;22m
2026-08-14T13:16:10.4096091Z   laravel/scout [90m.[39m[90m.[39m[90m.[39m[90m.[39m[90m.[39m[90m.[39m[90m.[39m[90m.[39m[90m.[39m[90m.[39m[90m.[39m[90m.[39m[90m.[39m[90m.[39m[90m.[39m[90m.[39m[90m.[39m[90m.[39m[90m.[39m[90m.[39m[90m.[39m[90m.[39m[90m.[39m[90m.[39m[90m.[39m[90m.[39m[90m.[39m[90m.[39m[90m.[39m[90m.[39m[90m.[39m[90m.[39m[90m.[39m[90m.[39m[90m.[39m[90m.[39m[90m.[39m[90m.[39m[90m.[39m[90m.[39m[90m.[39m[90m.[39m[90m.[39m[90m.[39m[90m.[39m[90m.[39m[90m.[39m[90m.[39m[90m.[39m[90m.[39m[90m.[39m[90m.[39m[90m.[39m[90m.[39m[90m.[39m[90m.[39m[90m.[39m [32;1mDONE[39;22m
2026-08-14T13:16:10.4100138Z   laravel/sentinel [90m.[39m[90m.[39m[90m.[39m[90m.[39m[90m.[39m[90m.[39m[90m.[39m[90m.[39m[90m.[39m[90m.[39m[90m.[39m[90m.[39m[90m.[39m[90m.[39m[90m.[39m[90m.[39m[90m.[39m[90m.[39m[90m.[39m[90m.[39m[90m.[39m[90m.[39m[90m.[39m[90m.[39m[90m.[39m[90m.[39m[90m.[39m[90m.[39m[90m.[39m[90m.[39m[90m.[39m[90m.[39m[90m.[39m[90m.[39m[90m.[39m[90m.[39m[90m.[39m[90m.[39m[90m.[39m[90m.[39m[90m.[39m[90m.[39m[90m.[39m[90m.[39m[90m.[39m[90m.[39m[90m.[39m[90m.[39m[90m.[39m[90m.[39m[90m.[39m[90m.[39m[90m.[39m[90m.[39m [32;1mDONE[39;22m
2026-08-14T13:16:10.4103917Z   laravel/telescope [90m.[39m[90m.[39m[90m.[39m[90m.[39m[90m.[39m[90m.[39m[90m.[39m[90m.[39m[90m.[39m[90m.[39m[90m.[39m[90m.[39m[90m.[39m[90m.[39m[90m.[39m[90m.[39m[90m.[39m[90m.[39m[90m.[39m[90m.[39m[90m.[39m[90m.[39m[90m.[39m[90m.[39m[90m.[39m[90m.[39m[90m.[39m[90m.[39m[90m.[39m[90m.[39m[90m.[39m[90m.[39m[90m.[39m[90m.[39m[90m.[39m[90m.[39m[90m.[39m[90m.[39m[90m.[39m[90m.[39m[90m.[39m[90m.[39m[90m.[39m[90m.[39m[90m.[39m[90m.[39m[90m.[39m[90m.[39m[90m.[39m[90m.[39m[90m.[39m[90m.[39m[90m.[39m [32;1mDONE[39;22m
2026-08-14T13:16:10.4108100Z   laravel/tinker [90m.[39m[90m.[39m[90m.[39m[90m.[39m[90m.[39m[90m.[39m[90m.[39m[90m.[39m[90m.[39m[90m.[39m[90m.[39m[90m.[39m[90m.[39m[90m.[39m[90m.[39m[90m.[39m[90m.[39m[90m.[39m[90m.[39m[90m.[39m[90m.[39m[90m.[39m[90m.[39m[90m.[39m[90m.[39m[90m.[39m[90m.[39m[90m.[39m[90m.[39m[90m.[39m[90m.[39m[90m.[39m[90m.[39m[90m.[39m[90m.[39m[90m.[39m[90m.[39m[90m.[39m[90m.[39m[90m.[39m[90m.[39m[90m.[39m[90m.[39m[90m.[39m[90m.[39m[90m.[39m[90m.[39m[90m.[39m[90m.[39m[90m.[39m[90m.[39m[90m.[39m[90m.[39m[90m.[39m[90m.[39m[90m.[39m [32;1mDONE[39;22m
2026-08-14T13:16:10.4112714Z   laravel/ui [90m.[39m[90m.[39m[90m.[39m[90m.[39m[90m.[39m[90m.[39m[90m.[39m[90m.[39m[90m.[39m[90m.[39m[90m.[39m[90m.[39m[90m.[39m[90m.[39m[90m.[39m[90m.[39m[90m.[39m[90m.[39m[90m.[39m[90m.[39m[90m.[39m[90m.[39m[90m.[39m[90m.[39m[90m.[39m[90m.[39m[90m.[39m[90m.[39m[90m.[39m[90m.[39m[90m.[39m[90m.[39m[90m.[39m[90m.[39m[90m.[39m[90m.[39m[90m.[39m[90m.[39m[90m.[39m[90m.[39m[90m.[39m[90m.[39m[90m.[39m[90m.[39m[90m.[39m[90m.[39m[90m.[39m[90m.[39m[90m.[39m[90m.[39m[90m.[39m[90m.[39m[90m.[39m[90m.[39m[90m.[39m[90m.[39m[90m.[39m[90m.[39m[90m.[39m[90m.[39m [32;1mDONE[39;22m
2026-08-14T13:16:10.4116601Z   laravel/wayfinder [90m.[39m[90m.[39m[90m.[39m[90m.[39m[90m.[39m[90m.[39m[90m.[39m[90m.[39m[90m.[39m[90m.[39m[90m.[39m[90m.[39m[90m.[39m[90m.[39m[90m.[39m[90m.[39m[90m.[39m[90m.[39m[90m.[39m[90m.[39m[90m.[39m[90m.[39m[90m.[39m[90m.[39m[90m.[39m[90m.[39m[90m.[39m[90m.[39m[90m.[39m[90m.[39m[90m.[39m[90m.[39m[90m.[39m[90m.[39m[90m.[39m[90m.[39m[90m.[39m[90m.[39m[90m.[39m[90m.[39m[90m.[39m[90m.[39m[90m.[39m[90m.[39m[90m.[39m[90m.[39m[90m.[39m[90m.[39m[90m.[39m[90m.[39m[90m.[39m[90m.[39m[90m.[39m [32;1mDONE[39;22m
2026-08-14T13:16:10.4120526Z   maatwebsite/excel [90m.[39m[90m.[39m[90m.[39m[90m.[39m[90m.[39m[90m.[39m[90m.[39m[90m.[39m[90m.[39m[90m.[39m[90m.[39m[90m.[39m[90m.[39m[90m.[39m[90m.[39m[90m.[39m[90m.[39m[90m.[39m[90m.[39m[90m.[39m[90m.[39m[90m.[39m[90m.[39m[90m.[39m[90m.[39m[90m.[39m[90m.[39m[90m.[39m[90m.[39m[90m.[39m[90m.[39m[90m.[39m[90m.[39m[90m.[39m[90m.[39m[90m.[39m[90m.[39m[90m.[39m[90m.[39m[90m.[39m[90m.[39m[90m.[39m[90m.[39m[90m.[39m[90m.[39m[90m.[39m[90m.[39m[90m.[39m[90m.[39m[90m.[39m[90m.[39m[90m.[39m[90m.[39m [32;1mDONE[39;22m
2026-08-14T13:16:10.4124320Z   milon/barcode [90m.[39m[90m.[39m[90m.[39m[90m.[39m[90m.[39m[90m.[39m[90m.[39m[90m.[39m[90m.[39m[90m.[39m[90m.[39m[90m.[39m[90m.[39m[90m.[39m[90m.[39m[90m.[39m[90m.[39m[90m.[39m[90m.[39m[90m.[39m[90m.[39m[90m.[39m[90m.[39m[90m.[39m[90m.[39m[90m.[39m[90m.[39m[90m.[39m[90m.[39m[90m.[39m[90m.[39m[90m.[39m[90m.[39m[90m.[39m[90m.[39m[90m.[39m[90m.[39m[90m.[39m[90m.[39m[90m.[39m[90m.[39m[90m.[39m[90m.[39m[90m.[39m[90m.[39m[90m.[39m[90m.[39m[90m.[39m[90m.[39m[90m.[39m[90m.[39m[90m.[39m[90m.[39m[90m.[39m[90m.[39m[90m.[39m[90m.[39m [32;1mDONE[39;22m
2026-08-14T13:16:10.4127978Z   myfatoorah/laravel-package [90m.[39m[90m.[39m[90m.[39m[90m.[39m[90m.[39m[90m.[39m[90m.[39m[90m.[39m[90m.[39m[90m.[39m[90m.[39m[90m.[39m[90m.[39m[90m.[39m[90m.[39m[90m.[39m[90m.[39m[90m.[39m[90m.[39m[90m.[39m[90m.[39m[90m.[39m[90m.[39m[90m.[39m[90m.[39m[90m.[39m[90m.[39m[90m.[39m[90m.[39m[90m.[39m[90m.[39m[90m.[39m[90m.[39m[90m.[39m[90m.[39m[90m.[39m[90m.[39m[90m.[39m[90m.[39m[90m.[39m[90m.[39m[90m.[39m[90m.[39m[90m.[39m [32;1mDONE[39;22m
2026-08-14T13:16:10.4131882Z   nesbot/carbon [90m.[39m[90m.[39m[90m.[39m[90m.[39m[90m.[39m[90m.[39m[90m.[39m[90m.[39m[90m.[39m[90m.[39m[90m.[39m[90m.[39m[90m.[39m[90m.[39m[90m.[39m[90m.[39m[90m.[39m[90m.[39m[90m.[39m[90m.[39m[90m.[39m[90m.[39m[90m.[39m[90m.[39m[90m.[39m[90m.[39m[90m.[39m[90m.[39m[90m.[39m[90m.[39m[90m.[39m[90m.[39m[90m.[39m[90m.[39m[90m.[39m[90m.[39m[90m.[39m[90m.[39m[90m.[39m[90m.[39m[90m.[39m[90m.[39m[90m.[39m[90m.[39m[90m.[39m[90m.[39m[90m.[39m[90m.[39m[90m.[39m[90m.[39m[90m.[39m[90m.[39m[90m.[39m[90m.[39m[90m.[39m[90m.[39m[90m.[39m [32;1mDONE[39;22m
2026-08-14T13:16:10.4135770Z   nunomaduro/collision [90m.[39m[90m.[39m[90m.[39m[90m.[39m[90m.[39m[90m.[39m[90m.[39m[90m.[39m[90m.[39m[90m.[39m[90m.[39m[90m.[39m[90m.[39m[90m.[39m[90m.[39m[90m.[39m[90m.[39m[90m.[39m[90m.[39m[90m.[39m[90m.[39m[90m.[39m[90m.[39m[90m.[39m[90m.[39m[90m.[39m[90m.[39m[90m.[39m[90m.[39m[90m.[39m[90m.[39m[90m.[39m[90m.[39m[90m.[39m[90m.[39m[90m.[39m[90m.[39m[90m.[39m[90m.[39m[90m.[39m[90m.[39m[90m.[39m[90m.[39m[90m.[39m[90m.[39m[90m.[39m[90m.[39m[90m.[39m[90m.[39m[90m.[39m [32;1mDONE[39;22m
2026-08-14T13:16:10.4139533Z   nunomaduro/termwind [90m.[39m[90m.[39m[90m.[39m[90m.[39m[90m.[39m[90m.[39m[90m.[39m[90m.[39m[90m.[39m[90m.[39m[90m.[39m[90m.[39m[90m.[39m[90m.[39m[90m.[39m[90m.[39m[90m.[39m[90m.[39m[90m.[39m[90m.[39m[90m.[39m[90m.[39m[90m.[39m[90m.[39m[90m.[39m[90m.[39m[90m.[39m[90m.[39m[90m.[39m[90m.[39m[90m.[39m[90m.[39m[90m.[39m[90m.[39m[90m.[39m[90m.[39m[90m.[39m[90m.[39m[90m.[39m[90m.[39m[90m.[39m[90m.[39m[90m.[39m[90m.[39m[90m.[39m[90m.[39m[90m.[39m[90m.[39m[90m.[39m[90m.[39m[90m.[39m [32;1mDONE[39;22m
2026-08-14T13:16:10.4143440Z   nwidart/laravel-modules [90m.[39m[90m.[39m[90m.[39m[90m.[39m[90m.[39m[90m.[39m[90m.[39m[90m.[39m[90m.[39m[90m.[39m[90m.[39m[90m.[39m[90m.[39m[90m.[39m[90m.[39m[90m.[39m[90m.[39m[90m.[39m[90m.[39m[90m.[39m[90m.[39m[90m.[39m[90m.[39m[90m.[39m[90m.[39m[90m.[39m[90m.[39m[90m.[39m[90m.[39m[90m.[39m[90m.[39m[90m.[39m[90m.[39m[90m.[39m[90m.[39m[90m.[39m[90m.[39m[90m.[39m[90m.[39m[90m.[39m[90m.[39m[90m.[39m[90m.[39m[90m.[39m[90m.[39m[90m.[39m[90m.[39m [32;1mDONE[39;22m
2026-08-14T13:16:10.4146896Z   pestphp/pest-plugin-laravel [90m.[39m[90m.[39m[90m.[39m[90m.[39m[90m.[39m[90m.[39m[90m.[39m[90m.[39m[90m.[39m[90m.[39m[90m.[39m[90m.[39m[90m.[39m[90m.[39m[90m.[39m[90m.[39m[90m.[39m[90m.[39m[90m.[39m[90m.[39m[90m.[39m[90m.[39m[90m.[39m[90m.[39m[90m.[39m[90m.[39m[90m.[39m[90m.[39m[90m.[39m[90m.[39m[90m.[39m[90m.[39m[90m.[39m[90m.[39m[90m.[39m[90m.[39m[90m.[39m[90m.[39m[90m.[39m[90m.[39m[90m.[39m[90m.[39m[90m.[39m [32;1mDONE[39;22m
2026-08-14T13:16:10.4150493Z   sentry/sentry-laravel [90m.[39m[90m.[39m[90m.[39m[90m.[39m[90m.[39m[90m.[39m[90m.[39m[90m.[39m[90m.[39m[90m.[39m[90m.[39m[90m.[39m[90m.[39m[90m.[39m[90m.[39m[90m.[39m[90m.[39m[90m.[39m[90m.[39m[90m.[39m[90m.[39m[90m.[39m[90m.[39m[90m.[39m[90m.[39m[90m.[39m[90m.[39m[90m.[39m[90m.[39m[90m.[39m[90m.[39m[90m.[39m[90m.[39m[90m.[39m[90m.[39m[90m.[39m[90m.[39m[90m.[39m[90m.[39m[90m.[39m[90m.[39m[90m.[39m[90m.[39m[90m.[39m[90m.[39m[90m.[39m[90m.[39m[90m.[39m[90m.[39m [32;1mDONE[39;22m
2026-08-14T13:16:10.4153887Z   spatie/laravel-activitylog [90m.[39m[90m.[39m[90m.[39m[90m.[39m[90m.[39m[90m.[39m[90m.[39m[90m.[39m[90m.[39m[90m.[39m[90m.[39m[90m.[39m[90m.[39m[90m.[39m[90m.[39m[90m.[39m[90m.[39m[90m.[39m[90m.[39m[90m.[39m[90m.[39m[90m.[39m[90m.[39m[90m.[39m[90m.[39m[90m.[39m[90m.[39m[90m.[39m[90m.[39m[90m.[39m[90m.[39m[90m.[39m[90m.[39m[90m.[39m[90m.[39m[90m.[39m[90m.[39m[90m.[39m[90m.[39m[90m.[39m[90m.[39m[90m.[39m[90m.[39m[90m.[39m [32;1mDONE[39;22m
2026-08-14T13:16:10.4157606Z   spatie/laravel-backup [90m.[39m[90m.[39m[90m.[39m[90m.[39m[90m.[39m[90m.[39m[90m.[39m[90m.[39m[90m.[39m[90m.[39m[90m.[39m[90m.[39m[90m.[39m[90m.[39m[90m.[39m[90m.[39m[90m.[39m[90m.[39m[90m.[39m[90m.[39m[90m.[39m[90m.[39m[90m.[39m[90m.[39m[90m.[39m[90m.[39m[90m.[39m[90m.[39m[90m.[39m[90m.[39m[90m.[39m[90m.[39m[90m.[39m[90m.[39m[90m.[39m[90m.[39m[90m.[39m[90m.[39m[90m.[39m[90m.[39m[90m.[39m[90m.[39m[90m.[39m[90m.[39m[90m.[39m[90m.[39m[90m.[39m[90m.[39m[90m.[39m [32;1mDONE[39;22m
2026-08-14T13:16:10.4161377Z   spatie/laravel-html [90m.[39m[90m.[39m[90m.[39m[90m.[39m[90m.[39m[90m.[39m[90m.[39m[90m.[39m[90m.[39m[90m.[39m[90m.[39m[90m.[39m[90m.[39m[90m.[39m[90m.[39m[90m.[39m[90m.[39m[90m.[39m[90m.[39m[90m.[39m[90m.[39m[90m.[39m[90m.[39m[90m.[39m[90m.[39m[90m.[39m[90m.[39m[90m.[39m[90m.[39m[90m.[39m[90m.[39m[90m.[39m[90m.[39m[90m.[39m[90m.[39m[90m.[39m[90m.[39m[90m.[39m[90m.[39m[90m.[39m[90m.[39m[90m.[39m[90m.[39m[90m.[39m[90m.[39m[90m.[39m[90m.[39m[90m.[39m[90m.[39m[90m.[39m[90m.[39m [32;1mDONE[39;22m
2026-08-14T13:16:10.4164950Z   spatie/laravel-ignition [90m.[39m[90m.[39m[90m.[39m[90m.[39m[90m.[39m[90m.[39m[90m.[39m[90m.[39m[90m.[39m[90m.[39m[90m.[39m[90m.[39m[90m.[39m[90m.[39m[90m.[39m[90m.[39m[90m.[39m[90m.[39m[90m.[39m[90m.[39m[90m.[39m[90m.[39m[90m.[39m[90m.[39m[90m.[39m[90m.[39m[90m.[39m[90m.[39m[90m.[39m[90m.[39m[90m.[39m[90m.[39m[90m.[39m[90m.[39m[90m.[39m[90m.[39m[90m.[39m[90m.[39m[90m.[39m[90m.[39m[90m.[39m[90m.[39m[90m.[39m[90m.[39m[90m.[39m[90m.[39m[90m.[39m [32;1mDONE[39;22m
2026-08-14T13:16:10.4168823Z   spatie/laravel-permission [90m.[39m[90m.[39m[90m.[39m[90m.[39m[90m.[39m[90m.[39m[90m.[39m[90m.[39m[90m.[39m[90m.[39m[90m.[39m[90m.[39m[90m.[39m[90m.[39m[90m.[39m[90m.[39m[90m.[39m[90m.[39m[90m.[39m[90m.[39m[90m.[39m[90m.[39m[90m.[39m[90m.[39m[90m.[39m[90m.[39m[90m.[39m[90m.[39m[90m.[39m[90m.[39m[90m.[39m[90m.[39m[90m.[39m[90m.[39m[90m.[39m[90m.[39m[90m.[39m[90m.[39m[90m.[39m[90m.[39m[90m.[39m[90m.[39m[90m.[39m[90m.[39m[90m.[39m [32;1mDONE[39;22m
2026-08-14T13:16:10.4171700Z   spatie/laravel-signal-aware-command [90m.[39m[90m.[39m[90m.[39m[90m.[39m[90m.[39m[90m.[39m[90m.[39m[90m.[39m[90m.[39m[90m.[39m[90m.[39m[90m.[39m[90m.[39m[90m.[39m[90m.[39m[90m.[39m[90m.[39m[90m.[39m[90m.[39m[90m.[39m[90m.[39m[90m.[39m[90m.[39m[90m.[39m[90m.[39m[90m.[39m[90m.[39m[90m.[39m[90m.[39m[90m.[39m[90m.[39m[90m.[39m[90m.[39m[90m.[39m[90m.[39m [32;1mDONE[39;22m
2026-08-14T13:16:10.4175168Z   srmklive/paypal [90m.[39m[90m.[39m[90m.[39m[90m.[39m[90m.[39m[90m.[39m[90m.[39m[90m.[39m[90m.[39m[90m.[39m[90m.[39m[90m.[39m[90m.[39m[90m.[39m[90m.[39m[90m.[39m[90m.[39m[90m.[39m[90m.[39m[90m.[39m[90m.[39m[90m.[39m[90m.[39m[90m.[39m[90m.[39m[90m.[39m[90m.[39m[90m.[39m[90m.[39m[90m.[39m[90m.[39m[90m.[39m[90m.[39m[90m.[39m[90m.[39m[90m.[39m[90m.[39m[90m.[39m[90m.[39m[90m.[39m[90m.[39m[90m.[39m[90m.[39m[90m.[39m[90m.[39m[90m.[39m[90m.[39m[90m.[39m[90m.[39m[90m.[39m[90m.[39m[90m.[39m[90m.[39m[90m.[39m[90m.[39m [32;1mDONE[39;22m
2026-08-14T13:16:10.4179216Z   tightenco/ziggy [90m.[39m[90m.[39m[90m.[39m[90m.[39m[90m.[39m[90m.[39m[90m.[39m[90m.[39m[90m.[39m[90m.[39m[90m.[39m[90m.[39m[90m.[39m[90m.[39m[90m.[39m[90m.[39m[90m.[39m[90m.[39m[90m.[39m[90m.[39m[90m.[39m[90m.[39m[90m.[39m[90m.[39m[90m.[39m[90m.[39m[90m.[39m[90m.[39m[90m.[39m[90m.[39m[90m.[39m[90m.[39m[90m.[39m[90m.[39m[90m.[39m[90m.[39m[90m.[39m[90m.[39m[90m.[39m[90m.[39m[90m.[39m[90m.[39m[90m.[39m[90m.[39m[90m.[39m[90m.[39m[90m.[39m[90m.[39m[90m.[39m[90m.[39m[90m.[39m[90m.[39m[90m.[39m[90m.[39m[90m.[39m [32;1mDONE[39;22m
2026-08-14T13:16:10.4182511Z   yajra/laravel-datatables-oracle [90m.[39m[90m.[39m[90m.[39m[90m.[39m[90m.[39m[90m.[39m[90m.[39m[90m.[39m[90m.[39m[90m.[39m[90m.[39m[90m.[39m[90m.[39m[90m.[39m[90m.[39m[90m.[39m[90m.[39m[90m.[39m[90m.[39m[90m.[39m[90m.[39m[90m.[39m[90m.[39m[90m.[39m[90m.[39m[90m.[39m[90m.[39m[90m.[39m[90m.[39m[90m.[39m[90m.[39m[90m.[39m[90m.[39m[90m.[39m[90m.[39m[90m.[39m[90m.[39m[90m.[39m[90m.[39m [32;1mDONE[39;22m
2026-08-14T13:16:10.4184035Z 
2026-08-14T13:16:10.5210959Z PHP Warning:  The opentelemetry extension must be loaded in order to autoload the OpenTelemetry Laravel auto-instrumentation in /home/runner/work/oimpresso.com/oimpresso.com/vendor/open-telemetry/opentelemetry-auto-laravel/_register.php on line 13
2026-08-14T13:16:10.9140917Z 
2026-08-14T13:16:10.9141951Z    INFO  Preparing database.  
2026-08-14T13:16:10.9142215Z 
2026-08-14T13:16:10.9260978Z   Creating migration table ...................................... 11.27ms DONE
2026-08-14T13:16:10.9261393Z 
2026-08-14T13:16:10.9302421Z    INFO  Loading stored database schemas.  
2026-08-14T13:16:10.9302778Z 
2026-08-14T13:16:16.6859863Z   database/schema/mysql-schema.sql ................................... 5s DONE
2026-08-14T13:16:16.6860299Z 
2026-08-14T13:16:16.7008632Z    INFO  Running migrations.  
2026-08-14T13:16:16.7008940Z 
2026-08-14T13:16:16.7132838Z   2026_05_16_120000_create_mcp_module_grades_history_table ...... 12.11ms DONE
2026-08-14T13:16:16.7382418Z   2026_05_17_000001_create_mcp_scorecard_runs_table ............. 23.52ms DONE
2026-08-14T13:16:16.8059334Z   2026_05_17_000002_create_mcp_observability_spans_table ........ 66.27ms DONE
2026-08-14T13:16:16.8587571Z   2026_05_17_000003_create_mcp_governance_initiatives_table ..... 51.37ms DONE
2026-08-14T13:16:17.3701086Z   2026_06_05_120000_add_vehicle_id_to_transactions ............. 509.59ms DONE
2026-08-14T13:16:17.4039668Z   2026_06_05_120000_create_jana_ui_judge_runs_table ............. 32.18ms DONE
2026-08-14T13:16:17.4397944Z   2026_06_08_120000_add_fin_titulo_to_cobrancas_origem_type ..... 34.15ms DONE
2026-08-14T13:16:17.4911678Z   2026_06_09_000001_erradica_locacao_from_order_type ............ 47.51ms DONE
2026-08-14T13:16:17.4961678Z   2026_06_09_000002_backfill_order_type_mecanica_legacy .......... 3.32ms DONE
2026-08-14T13:16:17.5004998Z   2026_06_09_000003_rename_cacamba_locacao_stage_labels .......... 2.70ms DONE
2026-08-14T13:16:17.5819404Z   2026_06_09_130001_add_approval_tracking_to_service_orders ..... 79.97ms DONE
2026-08-14T13:16:17.5881030Z   2026_06_10_000000_seed_oficina_mecanica_os_process_existing_businesses  4.67ms DONE
2026-08-14T13:16:17.6077178Z   2026_06_10_000001_create_whatsapp_queues_table ................ 18.01ms DONE
2026-08-14T13:16:17.6153927Z   2026_06_10_000001_repoint_orphan_service_orders_from_legacy_pipelines  6.19ms DONE
2026-08-14T13:16:17.6386550Z   2026_06_10_000002_add_queue_override_to_conversations ......... 21.87ms DONE
2026-08-14T13:16:17.6439824Z   2026_06_10_000002_rename_cacamba_locacao_action_labels ......... 3.76ms DONE
2026-08-14T13:16:17.7467514Z   2026_06_10_000003_create_whatsapp_broadcasts_table ........... 101.26ms DONE
2026-08-14T13:16:17.7604456Z   2026_06_12_100000_create_mcp_sdd_scorecard_history_table ...... 12.17ms DONE
2026-08-14T13:16:17.7639789Z   2026_06_13_080000_alter_payment_gateway_credentials_config_json_to_longtext  1.86ms DONE
2026-08-14T13:16:17.7929447Z   2026_06_13_120000_enforce_single_active_channel_user_access ... 27.56ms DONE
2026-08-14T13:16:17.8129537Z   2026_06_14_120000_add_soft_deletes_to_mcp_tokens_table ........ 18.61ms DONE
2026-08-14T13:16:17.8322618Z   2026_06_15_100000_create_mcp_ingest_heartbeat_table ........... 17.79ms DONE
2026-08-14T13:16:17.8664827Z   2026_06_15_140000_create_mcp_work_leases_table ................ 32.73ms DONE
2026-08-14T13:16:17.8959416Z   2026_06_15_150000_add_acceptance_ref_to_mcp_tasks ............. 27.89ms DONE
2026-08-14T13:16:17.9051636Z   2026_06_15_160000_add_immutability_triggers_to_mcp_task_events . 7.76ms DONE
2026-08-14T13:16:17.9287028Z   2026_06_17_120000_create_cowork_handoffs_table ................ 21.97ms DONE
2026-08-14T13:16:17.9694836Z   2026_06_17_120000_create_error_groups_table ................... 38.98ms DONE
2026-08-14T13:16:17.9893725Z   2026_06_19_000001_create_channel_health_snapshots_table ....... 18.44ms DONE
2026-08-14T13:16:18.0327191Z   2026_06_20_000001_add_hash_chain_to_mcp_audit_log ............. 41.82ms DONE
2026-08-14T13:16:18.1022748Z   2026_06_20_000002_add_event_time_to_jana_memoria_facts ........ 67.92ms DONE
2026-08-14T13:16:18.1119305Z   2026_06_21_000001_create_jana_health_write_canary_table ........ 6.94ms DONE
2026-08-14T13:16:18.1218151Z   2026_06_22_120000_add_officeimpresso_clientes_liberar_permission  8.54ms DONE
2026-08-14T13:16:18.1526570Z   2026_06_23_120000_add_confidence_to_jana_ui_judge_runs ........ 29.21ms DONE
2026-08-14T13:16:18.1867125Z   2026_06_23_120000_create_support_agents_table ................. 32.46ms DONE
2026-08-14T13:16:18.2253527Z   2026_06_23_130000_create_support_access_logs_table ............ 37.24ms DONE
2026-08-14T13:16:18.2670927Z   2026_06_24_120000_add_target_user_id_to_support_access_logs_table  40.36ms DONE
2026-08-14T13:16:18.2869908Z   2026_07_02_000001_widen_arquivos_audit_log_action_enum ........ 18.34ms DONE
2026-08-14T13:16:18.2999434Z   2026_07_03_000000_add_reforma_tributaria_modo_to_nfe_business_configs  11.52ms DONE
2026-08-14T13:16:18.3184750Z   2026_07_09_120000_create_route_hits_table ..................... 17.12ms DONE
2026-08-14T13:16:18.4721184Z   2026_07_17_100000_add_web_form_channel_to_clients_feedbacks .. 152.21ms DONE
2026-08-14T13:16:18.5420913Z   2026_07_18_120000_add_model_to_mcp_cc_messages ................ 68.30ms DONE
2026-08-14T13:16:18.6257742Z   2026_07_22_100000_add_briefing_surface_to_mcp_type_enum ....... 80.79ms DONE
2026-08-14T13:16:18.6629065Z   2026_07_23_100000_add_code_drift_state_to_kb_nodes ............ 34.64ms DONE
2026-08-14T13:16:18.7048381Z   2026_07_23_110000_create_kb_health_history_table .............. 40.35ms DONE
2026-08-14T13:16:18.7342188Z   2026_07_28_100000_create_voz_sinais_table ..................... 27.67ms DONE
2026-08-14T13:16:18.7482986Z   2026_07_28_120000_create_mcp_handoff_drafts_table ............. 12.54ms DONE
2026-08-14T13:16:18.7920382Z   2026_07_29_160000_drop_docs_tables_srs_deprecacao ............. 42.26ms DONE
2026-08-14T13:16:18.7967688Z   2026_07_31_230000_remove_ads_orphan_permissions ................ 3.35ms DONE
2026-08-14T13:16:18.8358745Z   2026_07_31_235000_drop_ads_dual_brain_core_tables ............. 37.69ms DONE
2026-08-14T13:16:18.9166763Z   2026_08_02_100000_add_charter_casos_to_mcp_type_enum .......... 79.36ms DONE
2026-08-14T13:16:18.9958561Z   2026_08_04_100000_add_feature_to_mcp_memory_documents_type_enum  77.68ms DONE
2026-08-14T13:16:19.0327718Z   2026_08_04_190000_add_pending_approval_status_to_mcp_tasks .... 33.94ms DONE
2026-08-14T13:16:19.0521482Z   2026_08_10_000001_widen_arquivos_audit_log_action_enum_exported  17.87ms DONE
2026-08-14T13:16:19.0566357Z   2026_08_10_120000_seed_actor_claude_slug_de_owner .............. 3.05ms DONE
2026-08-14T13:16:19.0577256Z 
2026-08-14T13:16:19.0711508Z === schema-squash check: tabelas criadas ===
2026-08-14T13:16:19.1592142Z PHP Warning:  The opentelemetry extension must be loaded in order to autoload the OpenTelemetry Laravel auto-instrumentation in /home/runner/work/oimpresso.com/oimpresso.com/vendor/open-telemetry/opentelemetry-auto-laravel/_register.php on line 13
2026-08-14T13:16:19.6237859Z 386 tabelas
2026-08-14T13:16:19.6397709Z ##[group]Run php artisan db:seed --force
2026-08-14T13:16:19.6398105Z [36;1mphp artisan db:seed --force[0m
2026-08-14T13:16:19.6398511Z [36;1mphp artisan db:seed --class=Database\\Seeders\\VisregTenantSeeder --force[0m
2026-08-14T13:16:19.6399090Z [36;1m# Título determinístico semeado ANTES do servidor Browser subir. Os fluxos[0m
2026-08-14T13:16:19.6399637Z [36;1m# Financeiro precisam de linha aberta para drawer, baixa e lote.[0m
2026-08-14T13:16:19.6400168Z [36;1mphp artisan db:seed --class=Database\\Seeders\\VisregFinanceiroFlowSeeder --force[0m
2026-08-14T13:16:19.6400757Z [36;1m# TENANT-B SENTINELA (gate L3 Tier 0 — Tier0RenderIsolationTest): business 99 +[0m
2026-08-14T13:16:19.6401307Z [36;1m# admin id=99 + dado com token ZZLEAK99 nos campos visíveis. Sem este segundo[0m
2026-08-14T13:16:19.6401835Z [36;1m# tenant é IMPOSSÍVEL provar não-vazamento no render (o VisregTenantSeeder é[0m
2026-08-14T13:16:19.6402455Z [36;1m# mono-tenant). GATE REAL — se quebrar, o job falha. Vide VisregTenantBLeakSeeder.php.[0m
2026-08-14T13:16:19.6403046Z [36;1mphp artisan db:seed --class=Database\\Seeders\\VisregTenantBLeakSeeder --force[0m
2026-08-14T13:16:19.6403590Z [36;1m# TENANT-VAZIO (gate L2 estado `empty`): business 98 + admin id=98, scaffold-only[0m
2026-08-14T13:16:19.6404135Z [36;1m# (zero dado de dominio) → as telas-lista renderizam o empty-state REAL e estavel.[0m
2026-08-14T13:16:19.6404671Z [36;1m# GATE REAL — se quebrar, o job falha. Vide VisregEmptyTenantSeeder.php.[0m
2026-08-14T13:16:19.6405191Z [36;1mphp artisan db:seed --class=Database\\Seeders\\VisregEmptyTenantSeeder --force[0m
2026-08-14T13:16:19.6405745Z [36;1m# PIPELINE FSM DA OFICINA (gate L2 estados `default`/`dark` do oficina-os): o Quadro de[0m
2026-08-14T13:16:19.6406310Z [36;1m# OS é data-driven pelas etapas do processo `oficina_mecanica_os` — sem ele a tela cai[0m
2026-08-14T13:16:19.6407027Z [36;1m# no EmptyProcessState ("Quadro ainda não configurado"), ou seja, o FSM é PRÉ-CONDIÇÃO[0m
2026-08-14T13:16:19.6407784Z [36;1m# DE RENDER. Até 2026-07-16 nenhum seeder daqui semeava Oficina: o que fazia o kanban[0m
2026-08-14T13:16:19.6408372Z [36;1m# aparecer era VAZAMENTO do ConformanceProbesTest (que chama OficinaAutoFsmSeeder pra si[0m
2026-08-14T13:16:19.6408985Z [36;1m# e cujo afterEach nunca limpa o processo). Como aquele step é pulado no workflow_dispatch[0m
2026-08-14T13:16:19.6409558Z [36;1m# (`if: github.event_name != 'workflow_dispatch'`), o modo UPDATE gerava baseline com a[0m
2026-08-14T13:16:19.6410123Z [36;1m# tela não-configurada e o modo VERIFY a rejeitava (diff 6.7793% > τ_alto 2%, idêntico[0m
2026-08-14T13:16:19.6410689Z [36;1m# nos runs 29512533782/29514784095). Este seeder ESTABELECE a pré-condição nos DOIS[0m
2026-08-14T13:16:19.6411238Z [36;1m# modos em vez de herdar o vazamento. Zero-delta no verify: é o MESMO seeder canônico[0m
2026-08-14T13:16:19.6411769Z [36;1m# que já rodava de carona. Só biz=1 — o biz=98 fica sem FSM de propósito (estado[0m
2026-08-14T13:16:19.6412330Z [36;1m# `empty`). GATE REAL — se quebrar, o job falha. Vide VisregOficinaFsmSeeder.php.[0m
2026-08-14T13:16:19.6412866Z [36;1mphp artisan db:seed --class=Database\\Seeders\\VisregOficinaFsmSeeder --force[0m
2026-08-14T13:16:19.6413413Z [36;1m# DADO do Quadro (estado `default` do oficina-os). O seeder ACIMA dá a pré-condição (as[0m
2026-08-14T13:16:19.6413946Z [36;1m# 6 etapas); este dá as OS. Sem ele o `default` fotografava o kanban com 0 OS e KPIs[0m
2026-08-14T13:16:19.6414483Z [36;1m# zerados — medido 2026-07-16 decodificando as .snap commitadas —, enquanto o docblock[0m
2026-08-14T13:16:19.6415087Z [36;1m# do IsolatedStatesBaselineTest promete que `default` é "o estado SEEDADO de cada tela".[0m
2026-08-14T13:16:19.6415662Z [36;1m# Quadro vazio => `default` ≡ `empty` a menos da flag process_seeded, e a única coisa[0m
2026-08-14T13:16:19.6416188Z [36;1m# que podia se mover entre 2 renders era ela (kanban vazio ⇄ "não configurado") — a[0m
2026-08-14T13:16:19.6417130Z [36;1m# faixa de ~10% que vinha sendo lida como flakiness. O DADO É A SONDA: com 6 cards,[0m
2026-08-14T13:16:19.6417783Z [36;1m# perder a pré-condição vira diff >> τ_alto e o gate GRITA, em vez de trocar um vazio[0m
2026-08-14T13:16:19.6418303Z [36;1m# por outro. Só biz=1 (ADR 0101); biz=98 segue sem OS (estado `empty`).[0m
2026-08-14T13:16:19.6418817Z [36;1mphp artisan db:seed --class=Database\\Seeders\\VisregOficinaBoardSeeder --force[0m
2026-08-14T13:16:19.6419242Z [36;1mecho "=== seed check ==="[0m
2026-08-14T13:16:19.6420070Z [36;1mphp artisan tinker --execute="echo 'business='.\App\Business::count().' users='.\App\User::count().' roles='.\Spatie\Permission\Models\Role::count().' fin_titulos='.DB::table('fin_titulos')->where('business_id', 1)->count();"[0m
2026-08-14T13:16:19.6421008Z [36;1m# PROVA da pré-condição do oficina-os (a sonda que o defeito 2 não tinha): conta os[0m
2026-08-14T13:16:19.6421583Z [36;1m# stages do processo da Oficina no biz=1. Espera-se > 0 nos DOIS modos — se um dispatch[0m
2026-08-14T13:16:19.6422140Z [36;1m# voltar a imprimir 0, a baseline de `dark`/`default` nasceria errada OUTRA VEZ.[0m
2026-08-14T13:16:19.6423275Z [36;1mphp artisan tinker --execute="echo 'oficina_stages_biz1='.DB::table('sale_process_stages')->join('sale_processes','sale_processes.id','=','sale_process_stages.process_id')->where('sale_processes.business_id',1)->where('sale_processes.key','oficina_mecanica_os')->count();"[0m
2026-08-14T13:16:19.6424806Z [36;1m# Contagem das OS do fixture do Quadro. Espera-se 6 (1 por coluna) nos DOIS modos. Se[0m
2026-08-14T13:16:19.6425340Z [36;1m# voltar 0, o `default` regrediu pro quadro vazio — e aí a baseline não deve ser[0m
2026-08-14T13:16:19.6425862Z [36;1m# regravada, tem que se achar quem comeu o dado. ⚠️ Esta sonda mede o SEED, não o[0m
2026-08-14T13:16:19.6426406Z [36;1m# RENDER: quem prova o render é a própria baseline (6 cards). A lição do defeito 2 foi[0m
2026-08-14T13:16:19.6427259Z [36;1m# essa — sonda no momento errado não flagra tela degradada.[0m
2026-08-14T13:16:19.6428141Z [36;1mphp artisan tinker --execute="echo 'oficina_os_fixture_biz1='.DB::table('service_orders')->where('business_id',1)->where('notes','like','VISREG-BOARD%')->count();"[0m
2026-08-14T13:16:19.6470251Z shell: /usr/bin/bash -e {0}
2026-08-14T13:16:19.6470503Z env:
2026-08-14T13:16:19.6470716Z   VISREG_GRAY_APPROVED: 0
2026-08-14T13:16:19.6470960Z   COMPOSER_PROCESS_TIMEOUT: 0
2026-08-14T13:16:19.6471208Z   COMPOSER_NO_INTERACTION: 1
2026-08-14T13:16:19.6471442Z   COMPOSER_NO_AUDIT: 1
2026-08-14T13:16:19.6471658Z ##[endgroup]
2026-08-14T13:16:19.7403242Z PHP Warning:  The opentelemetry extension must be loaded in order to autoload the OpenTelemetry Laravel auto-instrumentation in /home/runner/work/oimpresso.com/oimpresso.com/vendor/open-telemetry/opentelemetry-auto-laravel/_register.php on line 13
2026-08-14T13:16:20.1334041Z 
2026-08-14T13:16:20.1334393Z    INFO  Seeding database.  
2026-08-14T13:16:20.1334630Z 
2026-08-14T13:16:20.1344240Z   Database\Seeders\BarcodesTableSeeder ............................... RUNNING  
2026-08-14T13:16:20.1476342Z   Database\Seeders\BarcodesTableSeeder ............................ 13 ms DONE  
2026-08-14T13:16:20.1476991Z 
2026-08-14T13:16:20.1482474Z   Database\Seeders\PermissionsTableSeeder ............................ RUNNING  
2026-08-14T13:16:20.1525066Z   Database\Seeders\PermissionsTableSeeder .......................... 4 ms DONE  
2026-08-14T13:16:20.1525630Z 
2026-08-14T13:16:20.1534113Z   Database\Seeders\CurrenciesTableSeeder ............................. RUNNING  
2026-08-14T13:16:20.1593755Z   Database\Seeders\CurrenciesTableSeeder ........................... 6 ms DONE  
2026-08-14T13:16:20.1594295Z 
2026-08-14T13:16:20.1599919Z   Database\Seeders\BusinessLegacyOriginSeeder ........................ RUNNING  
2026-08-14T13:16:20.1725581Z BusinessLegacyOriginSeeder: 0 business(es) marcados, 6 candidato(s) sem match (já marcado, ausente, ou nome divergente).
2026-08-14T13:16:20.1730238Z   Database\Seeders\BusinessLegacyOriginSeeder ..................... 12 ms DONE  
2026-08-14T13:16:20.1730818Z 
2026-08-14T13:16:20.2710465Z PHP Warning:  The opentelemetry extension must be loaded in order to autoload the OpenTelemetry Laravel auto-instrumentation in /home/runner/work/oimpresso.com/oimpresso.com/vendor/open-telemetry/opentelemetry-auto-laravel/_register.php on line 13
2026-08-14T13:16:20.6595161Z 
2026-08-14T13:16:20.6595609Z    INFO  Seeding database.  
2026-08-14T13:16:20.6595857Z 
2026-08-14T13:16:20.7875065Z PHP Warning:  The opentelemetry extension must be loaded in order to autoload the OpenTelemetry Laravel auto-instrumentation in /home/runner/work/oimpresso.com/oimpresso.com/vendor/open-telemetry/opentelemetry-auto-laravel/_register.php on line 13
2026-08-14T13:16:21.1926113Z 
2026-08-14T13:16:21.1926674Z    INFO  Seeding database.  
2026-08-14T13:16:21.1927406Z 
2026-08-14T13:16:21.3086062Z PHP Warning:  The opentelemetry extension must be loaded in order to autoload the OpenTelemetry Laravel auto-instrumentation in /home/runner/work/oimpresso.com/oimpresso.com/vendor/open-telemetry/opentelemetry-auto-laravel/_register.php on line 13
2026-08-14T13:16:21.7043783Z 
2026-08-14T13:16:21.7050018Z    INFO  Seeding database.  
2026-08-14T13:16:21.7050513Z 
2026-08-14T13:16:21.8254871Z PHP Warning:  The opentelemetry extension must be loaded in order to autoload the OpenTelemetry Laravel auto-instrumentation in /home/runner/work/oimpresso.com/oimpresso.com/vendor/open-telemetry/opentelemetry-auto-laravel/_register.php on line 13
2026-08-14T13:16:22.2115539Z 
2026-08-14T13:16:22.2116122Z    INFO  Seeding database.  
2026-08-14T13:16:22.2116460Z 
2026-08-14T13:16:22.3274340Z PHP Warning:  The opentelemetry extension must be loaded in order to autoload the OpenTelemetry Laravel auto-instrumentation in /home/runner/work/oimpresso.com/oimpresso.com/vendor/open-telemetry/opentelemetry-auto-laravel/_register.php on line 13
2026-08-14T13:16:22.7267877Z 
2026-08-14T13:16:22.7268473Z    INFO  Seeding database.  
2026-08-14T13:16:22.7269301Z 
2026-08-14T13:16:22.9778450Z PHP Warning:  The opentelemetry extension must be loaded in order to autoload the OpenTelemetry Laravel auto-instrumentation in /home/runner/work/oimpresso.com/oimpresso.com/vendor/open-telemetry/opentelemetry-auto-laravel/_register.php on line 13
2026-08-14T13:16:23.3664205Z 
2026-08-14T13:16:23.3664776Z    INFO  Seeding database.  
2026-08-14T13:16:23.3665032Z 
2026-08-14T13:16:23.4630283Z === seed check ===
2026-08-14T13:16:23.5487661Z PHP Warning:  The opentelemetry extension must be loaded in order to autoload the OpenTelemetry Laravel auto-instrumentation in /home/runner/work/oimpresso.com/oimpresso.com/vendor/open-telemetry/opentelemetry-auto-laravel/_register.php on line 13
2026-08-14T13:16:24.0021825Z business=3 users=3 roles=5 fin_titulos=1
2026-08-14T13:16:24.0999373Z PHP Warning:  The opentelemetry extension must be loaded in order to autoload the OpenTelemetry Laravel auto-instrumentation in /home/runner/work/oimpresso.com/oimpresso.com/vendor/open-telemetry/opentelemetry-auto-laravel/_register.php on line 13
2026-08-14T13:16:24.5547022Z oficina_stages_biz1=9
2026-08-14T13:16:24.6533630Z PHP Warning:  The opentelemetry extension must be loaded in order to autoload the OpenTelemetry Laravel auto-instrumentation in /home/runner/work/oimpresso.com/oimpresso.com/vendor/open-telemetry/opentelemetry-auto-laravel/_register.php on line 13
2026-08-14T13:16:25.1135658Z oficina_os_fixture_biz1=6
2026-08-14T13:16:25.1299839Z ##[group]Run npm run build:inertia
2026-08-14T13:16:25.1300229Z [36;1mnpm run build:inertia[0m
2026-08-14T13:16:25.1342024Z shell: /usr/bin/bash -e {0}
2026-08-14T13:16:25.1342287Z env:
2026-08-14T13:16:25.1342489Z   VISREG_GRAY_APPROVED: 0
2026-08-14T13:16:25.1342732Z   COMPOSER_PROCESS_TIMEOUT: 0
2026-08-14T13:16:25.1342988Z   COMPOSER_NO_INTERACTION: 1
2026-08-14T13:16:25.1343221Z   COMPOSER_NO_AUDIT: 1
2026-08-14T13:16:25.1343444Z ##[endgroup]
2026-08-14T13:16:25.2329572Z 
2026-08-14T13:16:25.2330240Z > oi.wr2.com.br@1.0.0 prebuild:inertia
2026-08-14T13:16:25.2330958Z > node resources/css/tokens/style-dictionary.config.mjs
2026-08-14T13:16:25.5139332Z 
2026-08-14T13:16:25.5140404Z ✓ DTCG → _generated-*.css (4 escopos) emitido em resources/css/tokens/
2026-08-14T13:16:25.5218865Z 
2026-08-14T13:16:25.5219283Z > oi.wr2.com.br@1.0.0 build:inertia
2026-08-14T13:16:25.5219897Z > vite build --config vite.inertia.config.mjs
2026-08-14T13:16:25.5220155Z 
2026-08-14T13:16:25.8620754Z [36mvite v6.4.2 [32mbuilding for production...[36m[39m
2026-08-14T13:16:31.5078304Z [plugin @laravel/vite-plugin-wayfinder] Types generated for actions, routes, form variants
2026-08-14T13:16:35.0352537Z Found 5 warnings while optimizing generated CSS:
2026-08-14T13:16:35.0353015Z 
2026-08-14T13:16:35.0353163Z Issue #1:
2026-08-14T13:16:35.0353746Z [2m│   }[22m
2026-08-14T13:16:35.0354098Z [2m│ }[22m
2026-08-14T13:16:35.0355765Z [2m│[22m - escopo .sells-cowork aplicado por scripts/scope-sells-cowork-css.py .sells-cowork - escopo .sells-cowork aplicado por scripts/scope-sells-cowork-css.py .sells-cowork {
2026-08-14T13:16:35.0357606Z [2m┆[22m [33m[2m^--[22m Invalid empty selector[39m
2026-08-14T13:16:35.0358110Z [2m┆[22m
2026-08-14T13:16:35.0361112Z [2m│   --sb-bg: oklch(0.21 0 0);[22m
2026-08-14T13:16:35.0361843Z [2m│   --sb-bg-2: oklch(0.18 0 0);[22m
2026-08-14T13:16:35.0362150Z 
2026-08-14T13:16:35.0362295Z Issue #2:
2026-08-14T13:16:35.0362744Z [2m│   min-height: 34.19px;[22m
2026-08-14T13:16:35.0363202Z [2m│ }[22m
2026-08-14T13:16:35.0371968Z [2m│[22m *.tsx envolvidas em <div className="fin-cowork"> * (mesmo pattern de Sells/Index linha 917 com `.sells-cowork`). * (c) Build npm + smoke biz=1 (ROTA LIVRE não, ADR 0101) + biz=4 valida * AppShellV2 grid 3-cols intacto. * * Antes (2026-05-18 noite): bundle não-escopado definia GLOBALS * (`*`, `html`, `body`, `#app`, `:root`) que SOBRESCREVIAM o grid * 3-colunas do AppShellV2 (260+1fr+320) e quebravam /financeiro/unificado. * Agora: todos seletores top-level escopados em .fin-cowork — afeta * APENAS conteúdo dentro de <div className="fin-cowork">, AppShellV2 intacto. * * Refs: memory/reference/feedback-cowork-bundle-aplicar-inteiro.md * §Apêndice "Plano B canônico" — agora executado. * Bug-report Wagner 2026-05-19: /financeiro/unificado renderizava HTML cru * porque imports estavam comentados + Pages sem wrap. * * Marker idempotente: primeira linha de cada CSS tem ` */ * (re-rodar scripts/scope-fin-cowork-css.py é no-op). * ============================================================================ */ @import "./cowork-canon-financeiro-bundle.css";
2026-08-14T13:16:35.0379150Z [2m┆[22m                     [33m[2m^--[22m Invalid dangling combinator in selector[39m
2026-08-14T13:16:35.0379797Z [2m┆[22m
2026-08-14T13:16:35.0380787Z [2m│ - escopo .fin-cowork aplicado por scripts/scope-fin-cowork-css.py .fin-cowork .fin-curadoria {[22m
2026-08-14T13:16:35.0381784Z [2m│   --fin-text: oklch(0.30 0.005 240);[22m
2026-08-14T13:16:35.0382107Z 
2026-08-14T13:16:35.0382256Z Issue #3:
2026-08-14T13:16:35.0382750Z [2m│   vertical-align: middle;[22m
2026-08-14T13:16:35.0383190Z [2m│ }[22m
2026-08-14T13:16:35.0384289Z [2m│[22m - escopo .fin-cowork aplicado por scripts/scope-fin-cowork-css.py .fin-cowork .fin-curadoria .fin-anomaly {
2026-08-14T13:16:35.0385370Z [2m┆[22m [33m[2m^--[22m Invalid empty selector[39m
2026-08-14T13:16:35.0385858Z [2m┆[22m
2026-08-14T13:16:35.0386238Z [2m│   display: flex;[22m
2026-08-14T13:16:35.0387160Z [2m│   gap: 10px;[22m
2026-08-14T13:16:35.0387406Z 
2026-08-14T13:16:35.0387536Z Issue #4:
2026-08-14T13:16:35.0388016Z [2m│   color: oklch(0.55 0.18 25);[22m
2026-08-14T13:16:35.0388461Z [2m│ }[22m
2026-08-14T13:16:35.0389507Z [2m│[22m - escopo .fin-cowork aplicado por scripts/scope-fin-cowork-css.py .fin-cowork .fin-curadoria .fin-xlink {
2026-08-14T13:16:35.0390575Z [2m┆[22m [33m[2m^--[22m Invalid empty selector[39m
2026-08-14T13:16:35.0391051Z [2m┆[22m
2026-08-14T13:16:35.0391477Z [2m│   display: inline-flex;[22m
2026-08-14T13:16:35.0392011Z [2m│   align-items: center;[22m
2026-08-14T13:16:35.0392276Z 
2026-08-14T13:16:35.0392402Z Issue #5:
2026-08-14T13:16:35.0392848Z [2m│   border-radius: 4px 4px 0 0;[22m
2026-08-14T13:16:35.0393297Z [2m│ }[22m
2026-08-14T13:16:35.0394363Z [2m│[22m - escopo .fin-cowork aplicado por scripts/scope-fin-cowork-css.py .fin-cowork .fin-curadoria .fin-page-h {
2026-08-14T13:16:35.0395447Z [2m┆[22m [33m[2m^--[22m Invalid empty selector[39m
2026-08-14T13:16:35.0395949Z [2m┆[22m
2026-08-14T13:16:35.0396328Z [2m│   display: flex;[22m
2026-08-14T13:16:35.0397053Z [2m│   align-items: flex-start;[22m
2026-08-14T13:16:35.0397339Z 
2026-08-14T13:16:35.3139983Z transforming...
2026-08-14T13:16:40.5409978Z [33m[plugin vite:esbuild] resources/js/Components/cockpit/shared.ts: [33mDuplicate key "estoque" in object literal[33m
2026-08-14T13:16:40.5410998Z 195|    'fin-config': 135,      // → financas
2026-08-14T13:16:40.5411578Z 196|    fin: 145,               // → financas
2026-08-14T13:16:40.5412188Z 197|    estoque: 350,           // → operar
2026-08-14T13:16:40.5412590Z    |    ^
2026-08-14T13:16:40.5413263Z 198|    fiscal: 145,            // → financas (era 200, conflitava com sistema)
2026-08-14T13:16:40.5413981Z 199|    rh: 295,                // → pessoas
2026-08-14T13:16:40.5414399Z [39m
2026-08-14T13:16:40.5415489Z [33m[plugin vite:esbuild] resources/js/Components/cockpit/shared.ts: [33mDuplicate key "fiscal" in object literal[33m
2026-08-14T13:16:40.5416395Z 196|    fin: 145,               // → financas
2026-08-14T13:16:40.5417075Z 197|    estoque: 350,           // → operar
2026-08-14T13:16:40.5417824Z 198|    fiscal: 145,            // → financas (era 200, conflitava com sistema)
2026-08-14T13:16:40.5418346Z    |    ^
2026-08-14T13:16:40.5418796Z 199|    rh: 295,                // → pessoas
2026-08-14T13:16:40.5419333Z 200|    conhecimento: 220,      // → ia
2026-08-14T13:16:40.5419733Z [39m
2026-08-14T13:16:46.1949045Z [32m✓[39m 4410 modules transformed.
2026-08-14T13:16:47.6093735Z rendering chunks...
2026-08-14T13:16:49.5232065Z computing gzip size...
2026-08-14T13:16:50.2589146Z [2mpublic/build-inertia/[22m[2massets/[22m[32mibm-plex-mono-vietnamese-500-normal-C8zxqsMH.woff     [39m[1m[2m    5.62 kB[22m[1m[22m
2026-08-14T13:16:50.2648596Z [2mpublic/build-inertia/[22m[2massets/[22m[32mibm-plex-mono-vietnamese-400-normal-DDuiU_S-.woff     [39m[1m[2m    5.62 kB[22m[1m[22m
2026-08-14T13:16:50.2678356Z [2mpublic/build-inertia/[22m[2massets/[22m[32mibm-plex-mono-cyrillic-ext-500-normal-BIfNGwUT.woff   [39m[1m[2m    5.77 kB[22m[1m[22m
2026-08-14T13:16:50.2680313Z [2mpublic/build-inertia/[22m[2massets/[22m[32mibm-plex-mono-cyrillic-ext-400-normal-DMdlQ8Kv.woff   [39m[1m[2m    5.82 kB[22m[1m[22m
2026-08-14T13:16:50.2682194Z [2mpublic/build-inertia/[22m[2massets/[22m[32mibm-plex-mono-vietnamese-400-normal-BulugwFq.woff2    [39m[1m[2m    5.87 kB[22m[1m[22m
2026-08-14T13:16:50.2683975Z [2mpublic/build-inertia/[22m[2massets/[22m[32mibm-plex-mono-vietnamese-500-normal-DZ4AoWbu.woff2    [39m[1m[2m    6.04 kB[22m[1m[22m
2026-08-14T13:16:50.2685757Z [2mpublic/build-inertia/[22m[2massets/[22m[32mibm-plex-sans-vietnamese-400-normal-fK1oJ5dG.woff     [39m[1m[2m    6.39 kB[22m[1m[22m
2026-08-14T13:16:50.2687712Z [2mpublic/build-inertia/[22m[2massets/[22m[32mibm-plex-sans-vietnamese-700-normal-BV5B8Are.woff     [39m[1m[2m    6.42 kB[22m[1m[22m
2026-08-14T13:16:50.2690127Z [2mpublic/build-inertia/[22m[2massets/[22m[32mibm-plex-sans-vietnamese-600-normal-DgdngZtN.woff     [39m[1m[2m    6.58 kB[22m[1m[22m
2026-08-14T13:16:50.2691957Z [2mpublic/build-inertia/[22m[2massets/[22m[32mibm-plex-sans-vietnamese-500-normal-BEb3_waV.woff     [39m[1m[2m    6.59 kB[22m[1m[22m
2026-08-14T13:16:50.2693796Z [2mpublic/build-inertia/[22m[2massets/[22m[32mibm-plex-mono-cyrillic-ext-400-normal-xuaO2J-f.woff2  [39m[1m[2m    6.91 kB[22m[1m[22m
2026-08-14T13:16:50.2695675Z [2mpublic/build-inertia/[22m[2massets/[22m[32mibm-plex-mono-cyrillic-ext-500-normal-BqneJy0T.woff2  [39m[1m[2m    6.97 kB[22m[1m[22m
2026-08-14T13:16:50.2697643Z [2mpublic/build-inertia/[22m[2massets/[22m[32mibm-plex-mono-cyrillic-400-normal-CEL4l2ZJ.woff       [39m[1m[2m    7.20 kB[22m[1m[22m
2026-08-14T13:16:50.2699474Z [2mpublic/build-inertia/[22m[2massets/[22m[32mibm-plex-mono-cyrillic-500-normal-Ael50iVv.woff       [39m[1m[2m    7.21 kB[22m[1m[22m
2026-08-14T13:16:50.2701411Z [2mpublic/build-inertia/[22m[2massets/[22m[32mibm-plex-sans-vietnamese-400-normal-DG4YqDda.woff2    [39m[1m[2m    8.20 kB[22m[1m[22m
2026-08-14T13:16:50.2728320Z [2mpublic/build-inertia/[22m[2massets/[22m[32mibm-plex-sans-vietnamese-700-normal-CkEo6LDy.woff2    [39m[1m[2m    8.22 kB[22m[1m[22m
2026-08-14T13:16:50.2750980Z [2mpublic/build-inertia/[22m[2massets/[22m[32mibm-plex-mono-cyrillic-400-normal-BSMlKf0J.woff2      [39m[1m[2m    8.36 kB[22m[1m[22m
2026-08-14T13:16:50.2788193Z [2mpublic/build-inertia/[22m[2massets/[22m[32mibm-plex-sans-vietnamese-500-normal-e4dixQRQ.woff2    [39m[1m[2m    8.42 kB[22m[1m[22m
2026-08-14T13:16:50.2818304Z [2mpublic/build-inertia/[22m[2massets/[22m[32mibm-plex-sans-vietnamese-600-normal-DpPYBSTl.woff2    [39m[1m[2m    8.46 kB[22m[1m[22m
2026-08-14T13:16:50.2820236Z [2mpublic/build-inertia/[22m[2massets/[22m[32mibm-plex-mono-cyrillic-500-normal-Bq9vWWag.woff2      [39m[1m[2m    8.46 kB[22m[1m[22m
2026-08-14T13:16:50.2858410Z [2mpublic/build-inertia/[22m[2massets/[22m[32mibm-plex-sans-greek-700-normal-CkZN0sRy.woff          [39m[1m[2m    8.74 kB[22m[1m[22m
2026-08-14T13:16:50.2878176Z [2mpublic/build-inertia/[22m[2massets/[22m[32mibm-plex-sans-greek-400-normal-D9ESIMu3.woff          [39m[1m[2m    8.76 kB[22m[1m[22m
2026-08-14T13:16:50.2888227Z [2mpublic/build-inertia/[22m[2massets/[22m[32mibm-plex-sans-greek-500-normal-CuWXN6rf.woff          [39m[1m[2m    9.15 kB[22m[1m[22m
2026-08-14T13:16:50.2918313Z [2mpublic/build-inertia/[22m[2massets/[22m[32mibm-plex-sans-greek-600-normal-D-CqTdkO.woff          [39m[1m[2m    9.22 kB[22m[1m[22m
2026-08-14T13:16:50.2948303Z [2mpublic/build-inertia/[22m[2massets/[22m[32mibm-plex-sans-greek-700-normal-wyJ6jzdA.woff2         [39m[1m[2m    9.93 kB[22m[1m[22m
2026-08-14T13:16:50.2968294Z [2mpublic/build-inertia/[22m[2massets/[22m[32mibm-plex-sans-greek-400-normal-_efipK4i.woff2         [39m[1m[2m    9.94 kB[22m[1m[22m
2026-08-14T13:16:50.2978470Z [2mpublic/build-inertia/[22m[2massets/[22m[32mibm-plex-sans-cyrillic-ext-700-normal-DCQwxkRk.woff   [39m[1m[2m   10.16 kB[22m[1m[22m
2026-08-14T13:16:50.3008303Z [2mpublic/build-inertia/[22m[2massets/[22m[32mibm-plex-sans-cyrillic-ext-400-normal-Dsrv2Tcn.woff   [39m[1m[2m   10.29 kB[22m[1m[22m
2026-08-14T13:16:50.3038229Z [2mpublic/build-inertia/[22m[2massets/[22m[32mibm-plex-sans-greek-600-normal-DzTrcv_p.woff2         [39m[1m[2m   10.37 kB[22m[1m[22m
2026-08-14T13:16:50.3068412Z [2mpublic/build-inertia/[22m[2massets/[22m[32mibm-plex-sans-greek-500-normal-JMMifIXV.woff2         [39m[1m[2m   10.38 kB[22m[1m[22m
2026-08-14T13:16:50.3070497Z [2mpublic/build-inertia/[22m[2massets/[22m[32mibm-plex-sans-cyrillic-ext-500-normal-DB5PtV2g.woff   [39m[1m[2m   10.59 kB[22m[1m[22m
2026-08-14T13:16:50.3098699Z [2mpublic/build-inertia/[22m[2massets/[22m[32mibm-plex-sans-cyrillic-ext-600-normal-Bz0x94Yp.woff   [39m[1m[2m   10.62 kB[22m[1m[22m
2026-08-14T13:16:50.3128349Z [2mpublic/build-inertia/[22m[2massets/[22m[32mibm-plex-mono-latin-ext-400-normal-D3D2R8hC.woff      [39m[1m[2m   11.77 kB[22m[1m[22m
2026-08-14T13:16:50.3158211Z [2mpublic/build-inertia/[22m[2massets/[22m[32mibm-plex-mono-latin-ext-500-normal-CZ70TYgx.woff      [39m[1m[2m   11.77 kB[22m[1m[22m
2026-08-14T13:16:50.3160247Z [2mpublic/build-inertia/[22m[2massets/[22m[32mibm-plex-sans-cyrillic-ext-700-normal-BmRLXWpJ.woff2  [39m[1m[2m   12.06 kB[22m[1m[22m
2026-08-14T13:16:50.3188335Z [2mpublic/build-inertia/[22m[2massets/[22m[32mibm-plex-sans-cyrillic-ext-400-normal-g30qAdWV.woff2  [39m[1m[2m   12.15 kB[22m[1m[22m
2026-08-14T13:16:50.3218241Z [2mpublic/build-inertia/[22m[2massets/[22m[32mibm-plex-sans-cyrillic-ext-600-normal-DUMzJB7m.woff2  [39m[1m[2m   12.30 kB[22m[1m[22m
2026-08-14T13:16:50.3248322Z [2mpublic/build-inertia/[22m[2massets/[22m[32mibm-plex-sans-cyrillic-ext-500-normal-Cs5J6C77.woff2  [39m[1m[2m   12.31 kB[22m[1m[22m
2026-08-14T13:16:50.3254906Z [2mpublic/build-inertia/[22m[2massets/[22m[32mibm-plex-mono-latin-400-normal-CvHOgSBP.woff          [39m[1m[2m   13.14 kB[22m[1m[22m
2026-08-14T13:16:50.3278273Z [2mpublic/build-inertia/[22m[2massets/[22m[32mibm-plex-mono-latin-500-normal-CB9ihrfo.woff          [39m[1m[2m   13.16 kB[22m[1m[22m
2026-08-14T13:16:50.3308354Z [2mpublic/build-inertia/[22m[2massets/[22m[32mibm-plex-sans-cyrillic-700-normal-RFb1v-CK.woff       [39m[1m[2m   13.33 kB[22m[1m[22m
2026-08-14T13:16:50.3338304Z [2mpublic/build-inertia/[22m[2massets/[22m[32mibm-plex-mono-latin-ext-400-normal-BmRBH3aV.woff2     [39m[1m[2m   13.35 kB[22m[1m[22m
2026-08-14T13:16:50.3368265Z [2mpublic/build-inertia/[22m[2massets/[22m[32mibm-plex-mono-latin-ext-500-normal-CAhNIIs5.woff2     [39m[1m[2m   13.43 kB[22m[1m[22m
2026-08-14T13:16:50.3370302Z [2mpublic/build-inertia/[22m[2massets/[22m[32mibm-plex-sans-cyrillic-400-normal-BTotfTJu.woff       [39m[1m[2m   13.51 kB[22m[1m[22m
2026-08-14T13:16:50.3398352Z [2mpublic/build-inertia/[22m[2massets/[22m[32mibm-plex-sans-cyrillic-500-normal-ByOcLdNv.woff       [39m[1m[2m   13.86 kB[22m[1m[22m
2026-08-14T13:16:50.3428309Z [2mpublic/build-inertia/[22m[2massets/[22m[32mibm-plex-sans-cyrillic-600-normal-BGq0mW3O.woff       [39m[1m[2m   13.89 kB[22m[1m[22m
2026-08-14T13:16:50.3458402Z [2mpublic/build-inertia/[22m[2massets/[22m[32mibm-plex-sans-latin-ext-400-normal-RBey6euL.woff      [39m[1m[2m   14.36 kB[22m[1m[22m
2026-08-14T13:16:50.3461010Z [2mpublic/build-inertia/[22m[2massets/[22m[32mibm-plex-sans-latin-ext-700-normal-DZH6Xh-4.woff      [39m[1m[2m   14.42 kB[22m[1m[22m
2026-08-14T13:16:50.3488251Z [2mpublic/build-inertia/[22m[2massets/[22m[32mibm-plex-sans-cyrillic-700-normal-D_uavGvn.woff2      [39m[1m[2m   14.57 kB[22m[1m[22m
2026-08-14T13:16:50.3518300Z [2mpublic/build-inertia/[22m[2massets/[22m[32mibm-plex-mono-latin-400-normal-DMJ8VG8y.woff2         [39m[1m[2m   14.71 kB[22m[1m[22m
2026-08-14T13:16:50.3548323Z [2mpublic/build-inertia/[22m[2massets/[22m[32mibm-plex-sans-latin-ext-500-normal-D0aIdm-b.woff      [39m[1m[2m   14.74 kB[22m[1m[22m
2026-08-14T13:16:50.3557657Z [2mpublic/build-inertia/[22m[2massets/[22m[32mibm-plex-sans-latin-ext-600-normal-DIrixKbi.woff      [39m[1m[2m   14.77 kB[22m[1m[22m
2026-08-14T13:16:50.3579112Z [2mpublic/build-inertia/[22m[2massets/[22m[32mibm-plex-sans-cyrillic-400-normal-DZqxrq2p.woff2      [39m[1m[2m   14.80 kB[22m[1m[22m
2026-08-14T13:16:50.3608239Z [2mpublic/build-inertia/[22m[2massets/[22m[32mibm-plex-mono-latin-500-normal-DSY6xOcd.woff2         [39m[1m[2m   14.89 kB[22m[1m[22m
2026-08-14T13:16:50.3638325Z [2mpublic/build-inertia/[22m[2massets/[22m[32mibm-plex-sans-cyrillic-500-normal-CocWQlwt.woff2      [39m[1m[2m   15.00 kB[22m[1m[22m
2026-08-14T13:16:50.3640716Z [2mpublic/build-inertia/[22m[2massets/[22m[32mibm-plex-sans-cyrillic-600-normal-71GNu3SW.woff2      [39m[1m[2m   15.04 kB[22m[1m[22m
2026-08-14T13:16:50.3642613Z [2mpublic/build-inertia/[22m[2massets/[22m[32mibm-plex-sans-latin-ext-400-normal-C5H60-Va.woff2     [39m[1m[2m   15.98 kB[22m[1m[22m
2026-08-14T13:16:50.3644524Z [2mpublic/build-inertia/[22m[2massets/[22m[32mibm-plex-sans-latin-ext-700-normal-aMgXseD4.woff2     [39m[1m[2m   16.19 kB[22m[1m[22m
2026-08-14T13:16:50.3646337Z [2mpublic/build-inertia/[22m[2massets/[22m[32mibm-plex-sans-latin-ext-600-normal-DOrvGEcy.woff2     [39m[1m[2m   16.45 kB[22m[1m[22m
2026-08-14T13:16:50.3678690Z [2mpublic/build-inertia/[22m[2massets/[22m[32mibm-plex-sans-latin-ext-500-normal-DakdToA3.woff2     [39m[1m[2m   16.46 kB[22m[1m[22m
2026-08-14T13:16:50.3680640Z [2mpublic/build-inertia/[22m[2massets/[22m[32mibm-plex-sans-latin-400-normal-CYLoc0-x.woff          [39m[1m[2m   22.10 kB[22m[1m[22m
2026-08-14T13:16:50.3682461Z [2mpublic/build-inertia/[22m[2massets/[22m[32mibm-plex-sans-latin-700-normal-Bth3BMcD.woff          [39m[1m[2m   22.28 kB[22m[1m[22m
2026-08-14T13:16:50.3684268Z [2mpublic/build-inertia/[22m[2massets/[22m[32mibm-plex-sans-latin-400-normal-CDDApCn2.woff2         [39m[1m[2m   22.59 kB[22m[1m[22m
2026-08-14T13:16:50.3686073Z [2mpublic/build-inertia/[22m[2massets/[22m[32mibm-plex-sans-latin-700-normal-Bxkt5Cjx.woff2         [39m[1m[2m   22.83 kB[22m[1m[22m
2026-08-14T13:16:50.3688079Z [2mpublic/build-inertia/[22m[2massets/[22m[32mibm-plex-sans-latin-600-normal-Cu4Hd6ag.woff          [39m[1m[2m   23.88 kB[22m[1m[22m
2026-08-14T13:16:50.3689864Z [2mpublic/build-inertia/[22m[2massets/[22m[32mibm-plex-sans-latin-500-normal-BgVn5rGT.woff          [39m[1m[2m   23.92 kB[22m[1m[22m
2026-08-14T13:16:50.3691625Z [2mpublic/build-inertia/[22m[2massets/[22m[32mibm-plex-sans-latin-500-normal-6ng42L7E.woff2         [39m[1m[2m   24.18 kB[22m[1m[22m
2026-08-14T13:16:50.3693416Z [2mpublic/build-inertia/[22m[2massets/[22m[32mibm-plex-sans-latin-600-normal-CuJfVYMP.woff2         [39m[1m[2m   24.25 kB[22m[1m[22m
2026-08-14T13:16:50.3695170Z [2mpublic/build-inertia/[22m[32mmanifest.json                                                [39m[1m[2m1,437.81 kB[22m[1m[22m[2m │ gzip:  68.49 kB[22m
2026-08-14T13:16:50.3697068Z [2mpublic/build-inertia/[22m[2massets/[22m[35mIndex-RZoB1Q2B.css                                    [39m[1m[2m    3.78 kB[22m[1m[22m[2m │ gzip:   1.19 kB[22m
2026-08-14T13:16:50.3698890Z [2mpublic/build-inertia/[22m[2massets/[22m[35mstyle-B5DZHykP.css                                    [39m[1m[2m    7.32 kB[22m[1m[22m[2m │ gzip:   1.60 kB[22m
2026-08-14T13:16:50.3700976Z [2mpublic/build-inertia/[22m[2massets/[22m[35mapp-CKBvcUP8.css                                      [39m[1m[2m   13.66 kB[22m[1m[22m[2m │ gzip:   1.44 kB[22m
2026-08-14T13:16:50.3702744Z [2mpublic/build-inertia/[22m[2massets/[22m[35mIndex-CIf5yDQV.css                                    [39m[1m[2m   14.78 kB[22m[1m[22m[2m │ gzip:   2.76 kB[22m
2026-08-14T13:16:50.3704479Z [2mpublic/build-inertia/[22m[2massets/[22m[35mGantt-CPqz289Y.css                                    [39m[1m[2m   26.04 kB[22m[1m[22m[2m │ gzip:   4.33 kB[22m
2026-08-14T13:16:50.3706297Z [2mpublic/build-inertia/[22m[2massets/[22m[35mfiscal-cockpit-CTQZLd0a.css                           [39m[1m[2m   29.93 kB[22m[1m[22m[2m │ gzip:   5.55 kB[22m
2026-08-14T13:16:50.3738495Z [2mpublic/build-inertia/[22m[2massets/[22m[35mAppShellV2-DlEMabut.css                               [39m[1m[2m   70.36 kB[22m[1m[22m[2m │ gzip:  11.80 kB[22m
2026-08-14T13:16:50.3740376Z [2mpublic/build-inertia/[22m[2massets/[22m[35minertia-CzI6SKl1.css                                  [39m[1m[2m  596.16 kB[22m[1m[22m[2m │ gzip:  85.64 kB[22m
2026-08-14T13:16:50.3742400Z [2mpublic/build-inertia/[22m[2massets/[22m[36mindex-DW48STyt.js                                     [39m[1m[2m    0.16 kB[22m[1m[22m[2m │ gzip:   0.14 kB[22m
2026-08-14T13:16:50.3744243Z [2mpublic/build-inertia/[22m[2massets/[22m[36mSafeSelectItem-BFf8qLl9.js                            [39m[1m[2m    0.20 kB[22m[1m[22m[2m │ gzip:   0.17 kB[22m
2026-08-14T13:16:50.3746038Z [2mpublic/build-inertia/[22m[2massets/[22m[36mindex-C2G144On.js                                     [39m[1m[2m    0.20 kB[22m[1m[22m[2m │ gzip:   0.18 kB[22m
2026-08-14T13:16:50.3747997Z [2mpublic/build-inertia/[22m[2massets/[22m[36mskeleton-Bamy4jzw.js                                  [39m[1m[2m    0.23 kB[22m[1m[22m[2m │ gzip:   0.19 kB[22m
2026-08-14T13:16:50.3749800Z [2mpublic/build-inertia/[22m[2massets/[22m[36mindex-DVJ8pLIX.js                                     [39m[1m[2m    0.23 kB[22m[1m[22m[2m │ gzip:   0.17 kB[22m
2026-08-14T13:16:50.3751579Z [2mpublic/build-inertia/[22m[2massets/[22m[36mscroll-area-BSL9_Rmk.js                               [39m[1m[2m    0.24 kB[22m[1m[22m[2m │ gzip:   0.20 kB[22m
2026-08-14T13:16:50.3753376Z [2mpublic/build-inertia/[22m[2massets/[22m[36mindex-DFM3klRB.js                                     [39m[1m[2m    0.26 kB[22m[1m[22m[2m │ gzip:   0.22 kB[22m
2026-08-14T13:16:50.3755120Z [2mpublic/build-inertia/[22m[2massets/[22m[36mminus-DP-laQpQ.js                                     [39m[1m[2m    0.30 kB[22m[1m[22m[2m │ gzip:   0.24 kB[22m
2026-08-14T13:16:50.3757017Z [2mpublic/build-inertia/[22m[2massets/[22m[36mcheck-hExWJrMX.js                                     [39m[1m[2m    0.30 kB[22m[1m[22m[2m │ gzip:   0.25 kB[22m
2026-08-14T13:16:50.3758762Z [2mpublic/build-inertia/[22m[2massets/[22m[36mcircle-3nVxcueW.js                                    [39m[1m[2m    0.31 kB[22m[1m[22m[2m │ gzip:   0.24 kB[22m
2026-08-14T13:16:50.3760609Z [2mpublic/build-inertia/[22m[2massets/[22m[36mchevron-down-DvzXoYN2.js                              [39m[1m[2m    0.31 kB[22m[1m[22m[2m │ gzip:   0.25 kB[22m
2026-08-14T13:16:50.3762453Z [2mpublic/build-inertia/[22m[2massets/[22m[36mchevron-up-CX7sYizh.js                                [39m[1m[2m    0.31 kB[22m[1m[22m[2m │ gzip:   0.25 kB[22m
2026-08-14T13:16:50.3764317Z [2mpublic/build-inertia/[22m[2massets/[22m[36mchevron-right-SYyrK8eO.js                             [39m[1m[2m    0.31 kB[22m[1m[22m[2m │ gzip:   0.25 kB[22m
2026-08-14T13:16:50.3766151Z [2mpublic/build-inertia/[22m[2massets/[22m[36mchevron-left-C_T3dGt1.js                              [39m[1m[2m    0.31 kB[22m[1m[22m[2m │ gzip:   0.25 kB[22m
2026-08-14T13:16:50.3798618Z [2mpublic/build-inertia/[22m[2massets/[22m[36mplay-BlxF8CM8.js                                      [39m[1m[2m    0.31 kB[22m[1m[22m[2m │ gzip:   0.25 kB[22m
2026-08-14T13:16:50.3800488Z [2mpublic/build-inertia/[22m[2massets/[22m[36mloader-circle-nXVVyfsG.js                             [39m[1m[2m    0.32 kB[22m[1m[22m[2m │ gzip:   0.26 kB[22m
2026-08-14T13:16:50.3802340Z [2mpublic/build-inertia/[22m[2massets/[22m[36mmessage-circle-D61UCVmt.js                            [39m[1m[2m    0.33 kB[22m[1m[22m[2m │ gzip:   0.26 kB[22m
2026-08-14T13:16:50.3804126Z [2mpublic/build-inertia/[22m[2massets/[22m[36mindex-Cq2JNCnu.js                                     [39m[1m[2m    0.33 kB[22m[1m[22m[2m │ gzip:   0.25 kB[22m
2026-08-14T13:16:50.3805842Z [2mpublic/build-inertia/[22m[2massets/[22m[36mplus-B1AbDtd8.js                                      [39m[1m[2m    0.33 kB[22m[1m[22m[2m │ gzip:   0.26 kB[22m
2026-08-14T13:16:50.3807761Z [2mpublic/build-inertia/[22m[2massets/[22m[36mx-CgCyZxn8.js                                         [39m[1m[2m    0.33 kB[22m[1m[22m[2m │ gzip:   0.26 kB[22m
2026-08-14T13:16:50.3809481Z [2mpublic/build-inertia/[22m[2massets/[22m[36mfilter-CwcevEJO.js                                    [39m[1m[2m    0.34 kB[22m[1m[22m[2m │ gzip:   0.27 kB[22m
2026-08-14T13:16:50.3811601Z [2mpublic/build-inertia/[22m[2massets/[22m[36marrow-left-Bodr4jqH.js                                [39m[1m[2m    0.34 kB[22m[1m[22m[2m │ gzip:   0.27 kB[22m
2026-08-14T13:16:50.3813381Z [2mpublic/build-inertia/[22m[2massets/[22m[36marrow-down-B1I6iXdG.js                                [39m[1m[2m    0.34 kB[22m[1m[22m[2m │ gzip:   0.27 kB[22m
2026-08-14T13:16:50.3815171Z [2mpublic/build-inertia/[22m[2massets/[22m[36marrow-right-DwFsU1lw.js                               [39m[1m[2m    0.34 kB[22m[1m[22m[2m │ gzip:   0.27 kB[22m
2026-08-14T13:16:50.3817140Z [2mpublic/build-inertia/[22m[2massets/[22m[36marrow-up-right-DCMJGQev.js                            [39m[1m[2m    0.35 kB[22m[1m[22m[2m │ gzip:   0.27 kB[22m
2026-08-14T13:16:50.3818940Z [2mpublic/build-inertia/[22m[2massets/[22m[36msearch-CE2HVY3p.js                                    [39m[1m[2m    0.35 kB[22m[1m[22m[2m │ gzip:   0.27 kB[22m
2026-08-14T13:16:50.3820771Z [2mpublic/build-inertia/[22m[2massets/[22m[36mban-D4FkN8NT.js                                       [39m[1m[2m    0.35 kB[22m[1m[22m[2m │ gzip:   0.27 kB[22m
2026-08-14T13:16:50.3822521Z [2mpublic/build-inertia/[22m[2massets/[22m[36mcircle-check-ClFOcg6o.js                              [39m[1m[2m    0.35 kB[22m[1m[22m[2m │ gzip:   0.27 kB[22m
2026-08-14T13:16:50.3824297Z [2mpublic/build-inertia/[22m[2massets/[22m[36mchevrons-right-C6-XraNF.js                            [39m[1m[2m    0.35 kB[22m[1m[22m[2m │ gzip:   0.26 kB[22m
2026-08-14T13:16:50.3826126Z [2mpublic/build-inertia/[22m[2massets/[22m[36mchevrons-up-down-D1r_AE8h.js                          [39m[1m[2m    0.35 kB[22m[1m[22m[2m │ gzip:   0.27 kB[22m
2026-08-14T13:16:50.3858179Z [2mpublic/build-inertia/[22m[2massets/[22m[36mchevrons-left-CJuxzOL7.js                             [39m[1m[2m    0.35 kB[22m[1m[22m[2m │ gzip:   0.27 kB[22m
2026-08-14T13:16:50.3860006Z [2mpublic/build-inertia/[22m[2massets/[22m[36mpower-B0nICb5I.js                                     [39m[1m[2m    0.35 kB[22m[1m[22m[2m │ gzip:   0.27 kB[22m
2026-08-14T13:16:50.3861843Z [2mpublic/build-inertia/[22m[2massets/[22m[36muser-round-BTIkL-UJ.js                                [39m[1m[2m    0.36 kB[22m[1m[22m[2m │ gzip:   0.28 kB[22m
2026-08-14T13:16:50.3863692Z [2mpublic/build-inertia/[22m[2massets/[22m[36mmessage-square-DirsFLuR.js                            [39m[1m[2m    0.36 kB[22m[1m[22m[2m │ gzip:   0.27 kB[22m
2026-08-14T13:16:50.3865485Z [2mpublic/build-inertia/[22m[2massets/[22m[36mclock-DLa7ak8B.js                                     [39m[1m[2m    0.36 kB[22m[1m[22m[2m │ gzip:   0.27 kB[22m
2026-08-14T13:16:50.3867654Z [2mpublic/build-inertia/[22m[2massets/[22m[36mcheck-check-BNYGMp9j.js                               [39m[1m[2m    0.36 kB[22m[1m[22m[2m │ gzip:   0.28 kB[22m
2026-08-14T13:16:50.3869531Z [2mpublic/build-inertia/[22m[2massets/[22m[36mcircle-slash-BtVcBLCr.js                              [39m[1m[2m    0.36 kB[22m[1m[22m[2m │ gzip:   0.28 kB[22m
2026-08-14T13:16:50.3871403Z [2mpublic/build-inertia/[22m[2massets/[22m[36mcircle-play-BgvxXXJI.js                               [39m[1m[2m    0.37 kB[22m[1m[22m[2m │ gzip:   0.28 kB[22m
2026-08-14T13:16:50.3873213Z [2mpublic/build-inertia/[22m[2massets/[22m[36mpanel-right-BeOJB8E2.js                               [39m[1m[2m    0.37 kB[22m[1m[22m[2m │ gzip:   0.29 kB[22m
2026-08-14T13:16:50.3875042Z [2mpublic/build-inertia/[22m[2massets/[22m[36mcorner-down-left-CcafmS3L.js                          [39m[1m[2m    0.37 kB[22m[1m[22m[2m │ gzip:   0.29 kB[22m
2026-08-14T13:16:50.3877066Z [2mpublic/build-inertia/[22m[2massets/[22m[36mdatetime-br-BDEC9Hei.js                               [39m[1m[2m    0.38 kB[22m[1m[22m[2m │ gzip:   0.26 kB[22m
2026-08-14T13:16:50.3879066Z [2mpublic/build-inertia/[22m[2massets/[22m[36muser-CS001wd9.js                                      [39m[1m[2m    0.38 kB[22m[1m[22m[2m │ gzip:   0.29 kB[22m
2026-08-14T13:16:50.3880966Z [2mpublic/build-inertia/[22m[2massets/[22m[36mcorner-down-right-DuezMisX.js                         [39m[1m[2m    0.38 kB[22m[1m[22m[2m │ gzip:   0.29 kB[22m
2026-08-14T13:16:50.3882802Z [2mpublic/build-inertia/[22m[2massets/[22m[36minfo-DNnuu8bk.js                                      [39m[1m[2m    0.38 kB[22m[1m[22m[2m │ gzip:   0.28 kB[22m
2026-08-14T13:16:50.3884626Z [2mpublic/build-inertia/[22m[2massets/[22m[36mrotate-ccw-Bb6LQuWq.js                                [39m[1m[2m    0.38 kB[22m[1m[22m[2m │ gzip:   0.29 kB[22m
2026-08-14T13:16:50.3886445Z [2mpublic/build-inertia/[22m[2massets/[22m[36mrotate-cw-DS78GyuE.js                                 [39m[1m[2m    0.38 kB[22m[1m[22m[2m │ gzip:   0.29 kB[22m
2026-08-14T13:16:50.3918538Z [2mpublic/build-inertia/[22m[2massets/[22m[36mcircle-x-CsuzUb3t.js                                  [39m[1m[2m    0.38 kB[22m[1m[22m[2m │ gzip:   0.28 kB[22m
2026-08-14T13:16:50.3920354Z [2mpublic/build-inertia/[22m[2massets/[22m[36mtrending-up-C1yFMXvN.js                               [39m[1m[2m    0.38 kB[22m[1m[22m[2m │ gzip:   0.29 kB[22m
2026-08-14T13:16:50.3922133Z [2mpublic/build-inertia/[22m[2massets/[22m[36mcredit-card-Bjmi3ak8.js                               [39m[1m[2m    0.39 kB[22m[1m[22m[2m │ gzip:   0.30 kB[22m
2026-08-14T13:16:50.3923918Z [2mpublic/build-inertia/[22m[2massets/[22m[36mlock-B7GDLjHY.js                                      [39m[1m[2m    0.39 kB[22m[1m[22m[2m │ gzip:   0.30 kB[22m
2026-08-14T13:16:50.3925667Z [2mpublic/build-inertia/[22m[2massets/[22m[36mundo-2-CuamvoCK.js                                    [39m[1m[2m    0.39 kB[22m[1m[22m[2m │ gzip:   0.28 kB[22m
2026-08-14T13:16:50.3927953Z [2mpublic/build-inertia/[22m[2massets/[22m[36mtrending-down-DMygH7uN.js                             [39m[1m[2m    0.39 kB[22m[1m[22m[2m │ gzip:   0.28 kB[22m
2026-08-14T13:16:50.3929765Z [2mpublic/build-inertia/[22m[2massets/[22m[36mbell-C-OKvBjS.js                                      [39m[1m[2m    0.39 kB[22m[1m[22m[2m │ gzip:   0.29 kB[22m
2026-08-14T13:16:50.3931560Z [2mpublic/build-inertia/[22m[2massets/[22m[36mindex-CfTMbqYW.js                                     [39m[1m[2m    0.39 kB[22m[1m[22m[2m │ gzip:   0.31 kB[22m
2026-08-14T13:16:50.3933316Z [2mpublic/build-inertia/[22m[2massets/[22m[36mmail-D9HKgMrU.js                                      [39m[1m[2m    0.40 kB[22m[1m[22m[2m │ gzip:   0.31 kB[22m
2026-08-14T13:16:50.3935284Z [2mpublic/build-inertia/[22m[2massets/[22m[36mtable-2-BNRS_Nok.js                                   [39m[1m[2m    0.40 kB[22m[1m[22m[2m │ gzip:   0.29 kB[22m
2026-08-14T13:16:50.3937195Z [2mpublic/build-inertia/[22m[2massets/[22m[36mindex-7N-ePsF-.js                                     [39m[1m[2m    0.40 kB[22m[1m[22m[2m │ gzip:   0.27 kB[22m
2026-08-14T13:16:50.3938922Z [2mpublic/build-inertia/[22m[2massets/[22m[36mfile-_c4lo7Cq.js                                      [39m[1m[2m    0.40 kB[22m[1m[22m[2m │ gzip:   0.29 kB[22m
2026-08-14T13:16:50.3940647Z [2mpublic/build-inertia/[22m[2massets/[22m[36mtarget-BdGQFeZ8.js                                    [39m[1m[2m    0.40 kB[22m[1m[22m[2m │ gzip:   0.27 kB[22m
2026-08-14T13:16:50.3942320Z [2mpublic/build-inertia/[22m[2massets/[22m[36mellipsis-BpnZClHn.js                                  [39m[1m[2m    0.40 kB[22m[1m[22m[2m │ gzip:   0.27 kB[22m
2026-08-14T13:16:50.3944094Z [2mpublic/build-inertia/[22m[2massets/[22m[36mgit-merge-FPxVK9cX.js                                 [39m[1m[2m    0.40 kB[22m[1m[22m[2m │ gzip:   0.29 kB[22m
2026-08-14T13:16:50.3945863Z [2mpublic/build-inertia/[22m[2massets/[22m[36mpaperclip-DElE1rWC.js                                 [39m[1m[2m    0.40 kB[22m[1m[22m[2m │ gzip:   0.30 kB[22m
2026-08-14T13:16:50.3978166Z [2mpublic/build-inertia/[22m[2massets/[22m[36msticky-note-DFm7l9An.js                               [39m[1m[2m    0.40 kB[22m[1m[22m[2m │ gzip:   0.29 kB[22m
2026-08-14T13:16:50.3980068Z [2mpublic/build-inertia/[22m[2massets/[22m[36mellipsis-vertical-_uMGw07_.js                         [39m[1m[2m    0.41 kB[22m[1m[22m[2m │ gzip:   0.28 kB[22m
2026-08-14T13:16:50.3981954Z [2mpublic/build-inertia/[22m[2massets/[22m[36mcopy-ZPcn09gc.js                                      [39m[1m[2m    0.41 kB[22m[1m[22m[2m │ gzip:   0.31 kB[22m
2026-08-14T13:16:50.3983761Z [2mpublic/build-inertia/[22m[2massets/[22m[36mactivity-DqPmyG_8.js                                  [39m[1m[2m    0.41 kB[22m[1m[22m[2m │ gzip:   0.30 kB[22m
2026-08-14T13:16:50.3985546Z [2mpublic/build-inertia/[22m[2massets/[22m[36mhistory-B4IHCpyG.js                                   [39m[1m[2m    0.42 kB[22m[1m[22m[2m │ gzip:   0.30 kB[22m
2026-08-14T13:16:50.3987461Z [2mpublic/build-inertia/[22m[2massets/[22m[36mglobe-DUzc8CMC.js                                     [39m[1m[2m    0.42 kB[22m[1m[22m[2m │ gzip:   0.30 kB[22m
2026-08-14T13:16:50.3989280Z [2mpublic/build-inertia/[22m[2massets/[22m[36marrow-down-up-CHfxck_H.js                             [39m[1m[2m    0.42 kB[22m[1m[22m[2m │ gzip:   0.30 kB[22m
2026-08-14T13:16:50.3991002Z [2mpublic/build-inertia/[22m[2massets/[22m[36mbanknote-Dbbxi1_w.js                                  [39m[1m[2m    0.43 kB[22m[1m[22m[2m │ gzip:   0.31 kB[22m
2026-08-14T13:16:50.3992786Z [2mpublic/build-inertia/[22m[2massets/[22m[36msettings-2-B1nBZpik.js                                [39m[1m[2m    0.43 kB[22m[1m[22m[2m │ gzip:   0.30 kB[22m
2026-08-14T13:16:50.3994465Z [2mpublic/build-inertia/[22m[2massets/[22m[36mcamera-BAgy4T0G.js                                    [39m[1m[2m    0.43 kB[22m[1m[22m[2m │ gzip:   0.32 kB[22m
2026-08-14T13:16:50.3996249Z [2mpublic/build-inertia/[22m[2massets/[22m[36mcircle-alert-DDJRslmj.js                              [39m[1m[2m    0.43 kB[22m[1m[22m[2m │ gzip:   0.30 kB[22m
2026-08-14T13:16:50.3998392Z [2mpublic/build-inertia/[22m[2massets/[22m[36mcloud-upload-BVGv8w_y.js                              [39m[1m[2m    0.43 kB[22m[1m[22m[2m │ gzip:   0.32 kB[22m
2026-08-14T13:16:50.4000121Z [2mpublic/build-inertia/[22m[2massets/[22m[36mexternal-link-noG3ZzOG.js                             [39m[1m[2m    0.43 kB[22m[1m[22m[2m │ gzip:   0.31 kB[22m
2026-08-14T13:16:50.4001956Z [2mpublic/build-inertia/[22m[2massets/[22m[36mcompass-BuqRygDu.js                                   [39m[1m[2m    0.43 kB[22m[1m[22m[2m │ gzip:   0.31 kB[22m
2026-08-14T13:16:50.4003965Z [2mpublic/build-inertia/[22m[2massets/[22m[36meye-RbtC7uCK.js                                       [39m[1m[2m    0.43 kB[22m[1m[22m[2m │ gzip:   0.31 kB[22m
2026-08-14T13:16:50.4005729Z [2mpublic/build-inertia/[22m[2massets/[22m[36marchive-Da58CZxP.js                                   [39m[1m[2m    0.43 kB[22m[1m[22m[2m │ gzip:   0.31 kB[22m
2026-08-14T13:16:50.4007564Z [2mpublic/build-inertia/[22m[2massets/[22m[36mmap-pin-CZapL5g_.js                                   [39m[1m[2m    0.43 kB[22m[1m[22m[2m │ gzip:   0.33 kB[22m
2026-08-14T13:16:50.4009292Z [2mpublic/build-inertia/[22m[2massets/[22m[36muser-check-Col8p447.js                                [39m[1m[2m    0.43 kB[22m[1m[22m[2m │ gzip:   0.32 kB[22m
2026-08-14T13:16:50.4011083Z [2mpublic/build-inertia/[22m[2massets/[22m[36mmessage-square-plus-DEv_tYO1.js                       [39m[1m[2m    0.43 kB[22m[1m[22m[2m │ gzip:   0.31 kB[22m
2026-08-14T13:16:50.4012886Z [2mpublic/build-inertia/[22m[2massets/[22m[36mfile-check-2-1lSLCgDc.js                              [39m[1m[2m    0.44 kB[22m[1m[22m[2m │ gzip:   0.31 kB[22m
2026-08-14T13:16:50.4014801Z [2mpublic/build-inertia/[22m[2massets/[22m[36muser-minus-Dw4LpDIt.js                                [39m[1m[2m    0.44 kB[22m[1m[22m[2m │ gzip:   0.32 kB[22m
2026-08-14T13:16:50.4038183Z [2mpublic/build-inertia/[22m[2massets/[22m[36mlink-CUqqCxZF.js                                      [39m[1m[2m    0.44 kB[22m[1m[22m[2m │ gzip:   0.30 kB[22m
2026-08-14T13:16:50.4040031Z [2mpublic/build-inertia/[22m[2massets/[22m[36mcalendar-CU5CSC3P.js                                  [39m[1m[2m    0.44 kB[22m[1m[22m[2m │ gzip:   0.31 kB[22m
2026-08-14T13:16:50.4041843Z [2mpublic/build-inertia/[22m[2massets/[22m[36mupload-C7dLyOEr.js                                    [39m[1m[2m    0.44 kB[22m[1m[22m[2m │ gzip:   0.32 kB[22m
2026-08-14T13:16:50.4043682Z [2mpublic/build-inertia/[22m[2massets/[22m[36mlog-out-D-kew3UU.js                                   [39m[1m[2m    0.44 kB[22m[1m[22m[2m │ gzip:   0.33 kB[22m
2026-08-14T13:16:50.4045464Z [2mpublic/build-inertia/[22m[2massets/[22m[36mlog-in-3b6fMXLM.js                                    [39m[1m[2m    0.44 kB[22m[1m[22m[2m │ gzip:   0.32 kB[22m
2026-08-14T13:16:50.4077469Z [2mpublic/build-inertia/[22m[2massets/[22m[36mzap-DPqumYAP.js                                       [39m[1m[2m    0.44 kB[22m[1m[22m[2m │ gzip:   0.31 kB[22m
2026-08-14T13:16:50.4079371Z [2mpublic/build-inertia/[22m[2massets/[22m[36mwrench-Bu8sHtUW.js                                    [39m[1m[2m    0.44 kB[22m[1m[22m[2m │ gzip:   0.31 kB[22m
2026-08-14T13:16:50.4081284Z [2mpublic/build-inertia/[22m[2massets/[22m[36mdownload-okHfqu3p.js                                  [39m[1m[2m    0.44 kB[22m[1m[22m[2m │ gzip:   0.32 kB[22m
2026-08-14T13:16:50.4083123Z [2mpublic/build-inertia/[22m[2massets/[22m[36mghost-C0fb5Nxq.js                                     [39m[1m[2m    0.44 kB[22m[1m[22m[2m │ gzip:   0.31 kB[22m
2026-08-14T13:16:50.4084953Z [2mpublic/build-inertia/[22m[2massets/[22m[36mtriangle-alert-BFiVh03x.js                            [39m[1m[2m    0.44 kB[22m[1m[22m[2m │ gzip:   0.32 kB[22m
2026-08-14T13:16:50.4086913Z [2mpublic/build-inertia/[22m[2massets/[22m[36mworkflow-_u6MRAsZ.js                                  [39m[1m[2m    0.45 kB[22m[1m[22m[2m │ gzip:   0.31 kB[22m
2026-08-14T13:16:50.4088717Z [2mpublic/build-inertia/[22m[2massets/[22m[36meraser-BcN26hMM.js                                    [39m[1m[2m    0.45 kB[22m[1m[22m[2m │ gzip:   0.32 kB[22m
2026-08-14T13:16:50.4090490Z [2mpublic/build-inertia/[22m[2massets/[22m[36mimage-Cdk1xbet.js                                     [39m[1m[2m    0.45 kB[22m[1m[22m[2m │ gzip:   0.33 kB[22m
2026-08-14T13:16:50.4092560Z [2mpublic/build-inertia/[22m[2massets/[22m[36mmic-F_FmRNwr.js                                       [39m[1m[2m    0.45 kB[22m[1m[22m[2m │ gzip:   0.32 kB[22m
2026-08-14T13:16:50.4094333Z [2mpublic/build-inertia/[22m[2massets/[22m[36mrepeat-BZFwH_0c.js                                    [39m[1m[2m    0.45 kB[22m[1m[22m[2m │ gzip:   0.31 kB[22m
2026-08-14T13:16:50.4096115Z [2mpublic/build-inertia/[22m[2massets/[22m[36mshield-DTuCS4zA.js                                    [39m[1m[2m    0.45 kB[22m[1m[22m[2m │ gzip:   0.33 kB[22m
2026-08-14T13:16:50.4098081Z [2mpublic/build-inertia/[22m[2massets/[22m[36mgit-branch-DgoXgF-t.js                                [39m[1m[2m    0.45 kB[22m[1m[22m[2m │ gzip:   0.32 kB[22m
2026-08-14T13:16:50.4099894Z [2mpublic/build-inertia/[22m[2massets/[22m[36mKpiGrid-B1d120wX.js                                   [39m[1m[2m    0.45 kB[22m[1m[22m[2m │ gzip:   0.25 kB[22m
2026-08-14T13:16:50.4101725Z [2mpublic/build-inertia/[22m[2massets/[22m[36mpencil-Du20cg6r.js                                    [39m[1m[2m    0.46 kB[22m[1m[22m[2m │ gzip:   0.33 kB[22m
2026-08-14T13:16:50.4103504Z [2mpublic/build-inertia/[22m[2massets/[22m[36mpen-line-7WR8bhER.js                                  [39m[1m[2m    0.46 kB[22m[1m[22m[2m │ gzip:   0.33 kB[22m
2026-08-14T13:16:50.4105503Z [2mpublic/build-inertia/[22m[2massets/[22m[36mlist-checks-QerHYesq.js                               [39m[1m[2m    0.46 kB[22m[1m[22m[2m │ gzip:   0.30 kB[22m
2026-08-14T13:16:50.4137633Z [2mpublic/build-inertia/[22m[2massets/[22m[36museInboxFavs-HZwedw-W.js                              [39m[1m[2m    0.46 kB[22m[1m[22m[2m │ gzip:   0.32 kB[22m
2026-08-14T13:16:50.4139561Z [2mpublic/build-inertia/[22m[2massets/[22m[36minbox-CMbRq4hX.js                                     [39m[1m[2m    0.47 kB[22m[1m[22m[2m │ gzip:   0.34 kB[22m
2026-08-14T13:16:50.4141389Z [2mpublic/build-inertia/[22m[2massets/[22m[36mwallet-BSmBSnK8.js                                    [39m[1m[2m    0.47 kB[22m[1m[22m[2m │ gzip:   0.31 kB[22m
2026-08-14T13:16:50.4143216Z [2mpublic/build-inertia/[22m[2massets/[22m[36mshopping-cart-JJgNIjzO.js                             [39m[1m[2m    0.47 kB[22m[1m[22m[2m │ gzip:   0.33 kB[22m
2026-08-14T13:16:50.4145039Z [2mpublic/build-inertia/[22m[2massets/[22m[36msend-CgngI9D4.js                                      [39m[1m[2m    0.47 kB[22m[1m[22m[2m │ gzip:   0.34 kB[22m
2026-08-14T13:16:50.4146990Z [2mpublic/build-inertia/[22m[2massets/[22m[36mfolder-open-CiMEyCuI.js                               [39m[1m[2m    0.47 kB[22m[1m[22m[2m │ gzip:   0.33 kB[22m
2026-08-14T13:16:50.4148851Z [2mpublic/build-inertia/[22m[2massets/[22m[36mreceipt-B_WjgJpk.js                                   [39m[1m[2m    0.47 kB[22m[1m[22m[2m │ gzip:   0.32 kB[22m
2026-08-14T13:16:50.4150669Z [2mpublic/build-inertia/[22m[2massets/[22m[36mreceipt-text-D4psyUwP.js                              [39m[1m[2m    0.48 kB[22m[1m[22m[2m │ gzip:   0.31 kB[22m
2026-08-14T13:16:50.4152469Z [2mpublic/build-inertia/[22m[2massets/[22m[36mmaximize-2-BORlD5CZ.js                                [39m[1m[2m    0.48 kB[22m[1m[22m[2m │ gzip:   0.32 kB[22m
2026-08-14T13:16:50.4154270Z [2mpublic/build-inertia/[22m[2massets/[22m[36mlist-5NLT_nnF.js                                      [39m[1m[2m    0.48 kB[22m[1m[22m[2m │ gzip:   0.29 kB[22m
2026-08-14T13:16:50.4156090Z [2mpublic/build-inertia/[22m[2massets/[22m[36mclipboard-check-DqmM63MB.js                           [39m[1m[2m    0.48 kB[22m[1m[22m[2m │ gzip:   0.34 kB[22m
2026-08-14T13:16:50.4158036Z [2mpublic/build-inertia/[22m[2massets/[22m[36musers-Bwx_Fnuy.js                                     [39m[1m[2m    0.48 kB[22m[1m[22m[2m │ gzip:   0.33 kB[22m
2026-08-14T13:16:50.4160009Z [2mpublic/build-inertia/[22m[2massets/[22m[36mcoffee-DOg8XP76.js                                    [39m[1m[2m    0.48 kB[22m[1m[22m[2m │ gzip:   0.32 kB[22m
2026-08-14T13:16:50.4161811Z [2mpublic/build-inertia/[22m[2massets/[22m[36muser-x-CQbkL578.js                                    [39m[1m[2m    0.49 kB[22m[1m[22m[2m │ gzip:   0.34 kB[22m
2026-08-14T13:16:50.4163613Z [2mpublic/build-inertia/[22m[2massets/[22m[36muser-plus-Spghqy9t.js                                 [39m[1m[2m    0.49 kB[22m[1m[22m[2m │ gzip:   0.34 kB[22m
2026-08-14T13:16:50.4165431Z [2mpublic/build-inertia/[22m[2massets/[22m[36mshield-half-D_Z5S6WW.js                               [39m[1m[2m    0.49 kB[22m[1m[22m[2m │ gzip:   0.35 kB[22m
2026-08-14T13:16:50.4197494Z [2mpublic/build-inertia/[22m[2massets/[22m[36mbadge-check-BExWjgap.js                               [39m[1m[2m    0.50 kB[22m[1m[22m[2m │ gzip:   0.32 kB[22m
2026-08-14T13:16:50.4199421Z [2mpublic/build-inertia/[22m[2massets/[22m[36mshield-check-DInBy5tp.js                              [39m[1m[2m    0.50 kB[22m[1m[22m[2m │ gzip:   0.36 kB[22m
2026-08-14T13:16:50.4201266Z [2mpublic/build-inertia/[22m[2massets/[22m[36msquare-pen-BTZRHvq6.js                                [39m[1m[2m    0.50 kB[22m[1m[22m[2m │ gzip:   0.35 kB[22m
2026-08-14T13:16:50.4203311Z [2mpublic/build-inertia/[22m[2massets/[22m[36mprinter-CesNBqQ0.js                                   [39m[1m[2m    0.50 kB[22m[1m[22m[2m │ gzip:   0.34 kB[22m
2026-08-14T13:16:50.4205100Z [2mpublic/build-inertia/[22m[2massets/[22m[36mrefresh-cw-C1E3zCXK.js                                [39m[1m[2m    0.50 kB[22m[1m[22m[2m │ gzip:   0.33 kB[22m
2026-08-14T13:16:50.4207043Z [2mpublic/build-inertia/[22m[2massets/[22m[36mpiggy-bank-DJs6EQFA.js                                [39m[1m[2m    0.50 kB[22m[1m[22m[2m │ gzip:   0.36 kB[22m
2026-08-14T13:16:50.4208751Z [2mpublic/build-inertia/[22m[2massets/[22m[36mfile-search-D9NlFOA7.js                               [39m[1m[2m    0.50 kB[22m[1m[22m[2m │ gzip:   0.35 kB[22m
2026-08-14T13:16:50.4210633Z [2mpublic/build-inertia/[22m[2massets/[22m[36mcontact-round-BS9cyVNR.js                             [39m[1m[2m    0.51 kB[22m[1m[22m[2m │ gzip:   0.35 kB[22m
2026-08-14T13:16:50.4212459Z [2mpublic/build-inertia/[22m[2massets/[22m[36mtag-BYxOdaGp.js                                       [39m[1m[2m    0.51 kB[22m[1m[22m[2m │ gzip:   0.36 kB[22m
2026-08-14T13:16:50.4214208Z [2mpublic/build-inertia/[22m[2massets/[22m[36msave-CWt9ZUXm.js                                      [39m[1m[2m    0.51 kB[22m[1m[22m[2m │ gzip:   0.33 kB[22m
2026-08-14T13:16:50.4215925Z [2mpublic/build-inertia/[22m[2massets/[22m[36mbot-BU7I58RJ.js                                       [39m[1m[2m    0.51 kB[22m[1m[22m[2m │ gzip:   0.33 kB[22m
2026-08-14T13:16:50.4217886Z [2mpublic/build-inertia/[22m[2massets/[22m[36mscan-line-Ai5hQV4J.js                                 [39m[1m[2m    0.51 kB[22m[1m[22m[2m │ gzip:   0.32 kB[22m
2026-08-14T13:16:50.4219750Z [2mpublic/build-inertia/[22m[2massets/[22m[36mgraduation-cap-ClzGHJSk.js                            [39m[1m[2m    0.51 kB[22m[1m[22m[2m │ gzip:   0.35 kB[22m
2026-08-14T13:16:50.4221609Z [2mpublic/build-inertia/[22m[2massets/[22m[36mlist-ordered-CHDGYZEn.js                              [39m[1m[2m    0.51 kB[22m[1m[22m[2m │ gzip:   0.32 kB[22m
2026-08-14T13:16:50.4223364Z [2mpublic/build-inertia/[22m[2massets/[22m[36mfile-text-BSl5ZYNg.js                                 [39m[1m[2m    0.51 kB[22m[1m[22m[2m │ gzip:   0.32 kB[22m
2026-08-14T13:16:50.4225150Z [2mpublic/build-inertia/[22m[2massets/[22m[36mlayout-grid-Dbjempqi.js                               [39m[1m[2m    0.53 kB[22m[1m[22m[2m │ gzip:   0.30 kB[22m
2026-08-14T13:16:50.4257287Z [2mpublic/build-inertia/[22m[2massets/[22m[36mcontainer-DpUdj2h_.js                                 [39m[1m[2m    0.53 kB[22m[1m[22m[2m │ gzip:   0.35 kB[22m
2026-08-14T13:16:50.4259401Z [2mpublic/build-inertia/[22m[2massets/[22m[36mpin-DB3aeGts.js                                       [39m[1m[2m    0.53 kB[22m[1m[22m[2m │ gzip:   0.34 kB[22m
2026-08-14T13:16:50.4261176Z [2mpublic/build-inertia/[22m[2massets/[22m[36mAvatar-hP2wPMi8.js                                    [39m[1m[2m    0.53 kB[22m[1m[22m[2m │ gzip:   0.37 kB[22m
2026-08-14T13:16:50.4262950Z [2mpublic/build-inertia/[22m[2massets/[22m[36mshield-alert-DtiQyY_a.js                              [39m[1m[2m    0.53 kB[22m[1m[22m[2m │ gzip:   0.37 kB[22m
2026-08-14T13:16:50.4264751Z [2mpublic/build-inertia/[22m[2massets/[22m[36mwebhook-CQfDy4K_.js                                   [39m[1m[2m    0.53 kB[22m[1m[22m[2m │ gzip:   0.38 kB[22m
2026-08-14T13:16:50.4266580Z [2mpublic/build-inertia/[22m[2massets/[22m[36mmonitor-play-9d71Quvg.js                              [39m[1m[2m    0.54 kB[22m[1m[22m[2m │ gzip:   0.36 kB[22m
2026-08-14T13:16:50.4268571Z [2mpublic/build-inertia/[22m[2massets/[22m[36mgift-BLnriKtY.js                                      [39m[1m[2m    0.54 kB[22m[1m[22m[2m │ gzip:   0.36 kB[22m
2026-08-14T13:16:50.4270346Z [2mpublic/build-inertia/[22m[2massets/[22m[36mtrash-2-CE-lrMp2.js                                   [39m[1m[2m    0.54 kB[22m[1m[22m[2m │ gzip:   0.35 kB[22m
2026-08-14T13:16:50.4272588Z [2mpublic/build-inertia/[22m[2massets/[22m[36mhourglass-C8oGp60x.js                                 [39m[1m[2m    0.54 kB[22m[1m[22m[2m │ gzip:   0.34 kB[22m
2026-08-14T13:16:50.4274410Z [2mpublic/build-inertia/[22m[2massets/[22m[36mlayout-list-CBP7IXAT.js                               [39m[1m[2m    0.54 kB[22m[1m[22m[2m │ gzip:   0.33 kB[22m
2026-08-14T13:16:50.4276246Z [2mpublic/build-inertia/[22m[2massets/[22m[36mwarehouse-C62fd3j0.js                                 [39m[1m[2m    0.54 kB[22m[1m[22m[2m │ gzip:   0.36 kB[22m
2026-08-14T13:16:50.4278479Z [2mpublic/build-inertia/[22m[2massets/[22m[36mimage-plus-8fwcEiIc.js                                [39m[1m[2m    0.54 kB[22m[1m[22m[2m │ gzip:   0.36 kB[22m
2026-08-14T13:16:50.4280270Z [2mpublic/build-inertia/[22m[2massets/[22m[36mindex-U10WYtap.js                                     [39m[1m[2m    0.54 kB[22m[1m[22m[2m │ gzip:   0.35 kB[22m
2026-08-14T13:16:50.4282112Z [2mpublic/build-inertia/[22m[2massets/[22m[36mfuel-Cz2zHqZT.js                                      [39m[1m[2m    0.55 kB[22m[1m[22m[2m │ gzip:   0.35 kB[22m
2026-08-14T13:16:50.4283874Z [2mpublic/build-inertia/[22m[2massets/[22m[36mlife-buoy-TR42paEV.js                                 [39m[1m[2m    0.56 kB[22m[1m[22m[2m │ gzip:   0.33 kB[22m
2026-08-14T13:16:50.4285683Z [2mpublic/build-inertia/[22m[2massets/[22m[36mpackage-cfM6ObbP.js                                   [39m[1m[2m    0.57 kB[22m[1m[22m[2m │ gzip:   0.36 kB[22m
2026-08-14T13:16:50.4317744Z [2mpublic/build-inertia/[22m[2massets/[22m[36mphone-DH6NHCAj.js                                     [39m[1m[2m    0.57 kB[22m[1m[22m[2m │ gzip:   0.36 kB[22m
2026-08-14T13:16:50.4319615Z [2mpublic/build-inertia/[22m[2massets/[22m[36mtruck-D9gvPz2p.js                                     [39m[1m[2m    0.58 kB[22m[1m[22m[2m │ gzip:   0.37 kB[22m
2026-08-14T13:16:50.4321430Z [2mpublic/build-inertia/[22m[2massets/[22m[36mcar-C2JB1QVF.js                                       [39m[1m[2m    0.58 kB[22m[1m[22m[2m │ gzip:   0.39 kB[22m
2026-08-14T13:16:50.4323212Z [2mpublic/build-inertia/[22m[2massets/[22m[36mlandmark-BpiXmZhq.js                                  [39m[1m[2m    0.59 kB[22m[1m[22m[2m │ gzip:   0.34 kB[22m
2026-08-14T13:16:50.4325034Z [2mpublic/build-inertia/[22m[2massets/[22m[36mcalendar-range-0mEiQBLq.js                            [39m[1m[2m    0.59 kB[22m[1m[22m[2m │ gzip:   0.36 kB[22m
2026-08-14T13:16:50.4327265Z [2mpublic/build-inertia/[22m[2massets/[22m[36msquare-C05_ZDwr.js                                    [39m[1m[2m    0.61 kB[22m[1m[22m[2m │ gzip:   0.33 kB[22m
2026-08-14T13:16:50.4329051Z [2mpublic/build-inertia/[22m[2massets/[22m[36meye-off-CJ54zT1k.js                                   [39m[1m[2m    0.61 kB[22m[1m[22m[2m │ gzip:   0.38 kB[22m
2026-08-14T13:16:50.4330847Z [2mpublic/build-inertia/[22m[2massets/[22m[36mbuilding-2-BBGW1Lmv.js                                [39m[1m[2m    0.62 kB[22m[1m[22m[2m │ gzip:   0.35 kB[22m
2026-08-14T13:16:50.4332662Z [2mpublic/build-inertia/[22m[2massets/[22m[36mkeyboard-BorX7dOK.js                                  [39m[1m[2m    0.63 kB[22m[1m[22m[2m │ gzip:   0.36 kB[22m
2026-08-14T13:16:50.4334450Z [2mpublic/build-inertia/[22m[2massets/[22m[36mVdSource-Be_fG9WX.js                                  [39m[1m[2m    0.64 kB[22m[1m[22m[2m │ gzip:   0.42 kB[22m
2026-08-14T13:16:50.4336311Z [2mpublic/build-inertia/[22m[2massets/[22m[36mmessage-square-dashed-D-BScd6H.js                     [39m[1m[2m    0.64 kB[22m[1m[22m[2m │ gzip:   0.36 kB[22m
2026-08-14T13:16:50.4338294Z [2mpublic/build-inertia/[22m[2massets/[22m[36mstar-BhwAFofQ.js                                      [39m[1m[2m    0.65 kB[22m[1m[22m[2m │ gzip:   0.41 kB[22m
2026-08-14T13:16:50.4340300Z [2mpublic/build-inertia/[22m[2massets/[22m[36mFinPillContaIndefinida-Ce4Pq97F.js                    [39m[1m[2m    0.65 kB[22m[1m[22m[2m │ gzip:   0.45 kB[22m
2026-08-14T13:16:50.4342174Z [2mpublic/build-inertia/[22m[2massets/[22m[36mFabJana-D_RimvpP.js                                   [39m[1m[2m    0.67 kB[22m[1m[22m[2m │ gzip:   0.44 kB[22m
2026-08-14T13:16:50.4344003Z [2mpublic/build-inertia/[22m[2massets/[22m[36mcalendar-days-B0HOxqvW.js                             [39m[1m[2m    0.67 kB[22m[1m[22m[2m │ gzip:   0.37 kB[22m
2026-08-14T13:16:50.4391095Z [2mpublic/build-inertia/[22m[2massets/[22m[36msparkles-BUMsXQEy.js                                  [39m[1m[2m    0.69 kB[22m[1m[22m[2m │ gzip:   0.41 kB[22m
2026-08-14T13:16:50.4393267Z [2mpublic/build-inertia/[22m[2massets/[22m[36mwand-sparkles-DbkikDOB.js                             [39m[1m[2m    0.69 kB[22m[1m[22m[2m │ gzip:   0.40 kB[22m
2026-08-14T13:16:50.4395179Z [2mpublic/build-inertia/[22m[2massets/[22m[36mnumberPtBR-DvieJ5FY.js                                [39m[1m[2m    0.70 kB[22m[1m[22m[2m │ gzip:   0.41 kB[22m
2026-08-14T13:16:50.4397411Z [2mpublic/build-inertia/[22m[2massets/[22m[36mlink-2-C2UL0uLx.js                                    [39m[1m[2m    0.71 kB[22m[1m[22m[2m │ gzip:   0.36 kB[22m
2026-08-14T13:16:50.4399238Z [2mpublic/build-inertia/[22m[2massets/[22m[36munlink-Pt-NmvV7.js                                    [39m[1m[2m    0.71 kB[22m[1m[22m[2m │ gzip:   0.41 kB[22m
2026-08-14T13:16:50.4401063Z [2mpublic/build-inertia/[22m[2massets/[22m[36mcalculator-d9Lh_zMa.js                                [39m[1m[2m    0.71 kB[22m[1m[22m[2m │ gzip:   0.39 kB[22m
2026-08-14T13:16:50.4402926Z [2mpublic/build-inertia/[22m[2massets/[22m[36mcircle-arrow-up-Bl9wI_79.js                           [39m[1m[2m    0.73 kB[22m[1m[22m[2m │ gzip:   0.34 kB[22m
2026-08-14T13:16:50.4404734Z [2mpublic/build-inertia/[22m[2massets/[22m[36mcolumns-3-Bs_m1saw.js                                 [39m[1m[2m    0.73 kB[22m[1m[22m[2m │ gzip:   0.36 kB[22m
2026-08-14T13:16:50.4406516Z [2mpublic/build-inertia/[22m[2massets/[22m[36museJanaAsk-BYz_XawO.js                                [39m[1m[2m    0.76 kB[22m[1m[22m[2m │ gzip:   0.49 kB[22m
2026-08-14T13:16:50.4479159Z [2mpublic/build-inertia/[22m[2massets/[22m[36muser-cog-Bd7Q9uEt.js                                  [39m[1m[2m    0.76 kB[22m[1m[22m[2m │ gzip:   0.43 kB[22m
2026-08-14T13:16:50.4481208Z [2mpublic/build-inertia/[22m[2massets/[22m[36mvideo-Cbud_0x2.js                                     [39m[1m[2m    0.76 kB[22m[1m[22m[2m │ gzip:   0.40 kB[22m
2026-08-14T13:16:50.4483501Z [2mpublic/build-inertia/[22m[2massets/[22m[36mrecycle-T7O6X12D.js                                   [39m[1m[2m    0.76 kB[22m[1m[22m[2m │ gzip:   0.46 kB[22m
2026-08-14T13:16:50.4485398Z [2mpublic/build-inertia/[22m[2massets/[22m[36msliders-horizontal-DOCZhpdc.js                        [39m[1m[2m    0.76 kB[22m[1m[22m[2m │ gzip:   0.37 kB[22m
2026-08-14T13:16:50.4487533Z [2mpublic/build-inertia/[22m[2massets/[22m[36mtextarea-UTJJ9pGR.js                                  [39m[1m[2m    0.77 kB[22m[1m[22m[2m │ gzip:   0.44 kB[22m
2026-08-14T13:16:50.4489394Z [2mpublic/build-inertia/[22m[2massets/[22m[36mgrid-eZzz_528.js                                      [39m[1m[2m    0.77 kB[22m[1m[22m[2m │ gzip:   0.42 kB[22m
2026-08-14T13:16:50.4491263Z [2mpublic/build-inertia/[22m[2massets/[22m[36mfiscal-helpers-C_jT_Lnd.js                            [39m[1m[2m    0.77 kB[22m[1m[22m[2m │ gzip:   0.44 kB[22m
2026-08-14T13:16:50.4493160Z [2mpublic/build-inertia/[22m[2massets/[22m[36mbr-mask-Cad2JdwR.js                                   [39m[1m[2m    0.79 kB[22m[1m[22m[2m │ gzip:   0.31 kB[22m
2026-08-14T13:16:50.4495005Z [2mpublic/build-inertia/[22m[2massets/[22m[36mlabel-DmjsRWHN.js                                     [39m[1m[2m    0.79 kB[22m[1m[22m[2m │ gzip:   0.48 kB[22m
2026-08-14T13:16:50.4497148Z [2mpublic/build-inertia/[22m[2massets/[22m[36mstack-C-g4_bsR.js                                     [39m[1m[2m    0.82 kB[22m[1m[22m[2m │ gzip:   0.45 kB[22m
2026-08-14T13:16:50.4498975Z [2mpublic/build-inertia/[22m[2massets/[22m[36mField-BDNBRyCB.js                                     [39m[1m[2m    0.83 kB[22m[1m[22m[2m │ gzip:   0.51 kB[22m
2026-08-14T13:16:50.4500818Z [2mpublic/build-inertia/[22m[2massets/[22m[36mqr-code-D4z-fkZa.js                                   [39m[1m[2m    0.83 kB[22m[1m[22m[2m │ gzip:   0.42 kB[22m
2026-08-14T13:16:50.4502717Z [2mpublic/build-inertia/[22m[2massets/[22m[36mSavedViewsChips-BKqMAoGm.js                           [39m[1m[2m    0.83 kB[22m[1m[22m[2m │ gzip:   0.46 kB[22m
2026-08-14T13:16:50.4504662Z [2mpublic/build-inertia/[22m[2massets/[22m[36mrefresh-ccw-BkrWB7L4.js                               [39m[1m[2m    0.83 kB[22m[1m[22m[2m │ gzip:   0.40 kB[22m
2026-08-14T13:16:50.4506577Z [2mpublic/build-inertia/[22m[2massets/[22m[36mKbFavStar-TScGxfbH.js                                 [39m[1m[2m    0.84 kB[22m[1m[22m[2m │ gzip:   0.52 kB[22m
2026-08-14T13:16:50.4548772Z [2mpublic/build-inertia/[22m[2massets/[22m[36mzoom-out-CKpJuQOS.js                                  [39m[1m[2m    0.85 kB[22m[1m[22m[2m │ gzip:   0.34 kB[22m
2026-08-14T13:16:50.4550576Z [2mpublic/build-inertia/[22m[2massets/[22m[36mPageHeader-Mv7i1NHc.js                                [39m[1m[2m    0.85 kB[22m[1m[22m[2m │ gzip:   0.46 kB[22m
2026-08-14T13:16:50.4552393Z [2mpublic/build-inertia/[22m[2massets/[22m[36mplug-_3w7lkP5.js                                      [39m[1m[2m    0.86 kB[22m[1m[22m[2m │ gzip:   0.41 kB[22m
2026-08-14T13:16:50.4554156Z [2mpublic/build-inertia/[22m[2massets/[22m[36mcog-BiUHZ7mP.js                                       [39m[1m[2m    0.89 kB[22m[1m[22m[2m │ gzip:   0.45 kB[22m
2026-08-14T13:16:50.4555909Z [2mpublic/build-inertia/[22m[2massets/[22m[36minline-CulQnO-k.js                                    [39m[1m[2m    0.89 kB[22m[1m[22m[2m │ gzip:   0.47 kB[22m
2026-08-14T13:16:50.4557906Z [2mpublic/build-inertia/[22m[2massets/[22m[36mbr-validate-DFNA67Uj.js                               [39m[1m[2m    0.90 kB[22m[1m[22m[2m │ gzip:   0.40 kB[22m
2026-08-14T13:16:50.4559785Z [2mpublic/build-inertia/[22m[2massets/[22m[36mforma-pagamento-C37LBiwF.js                           [39m[1m[2m    0.90 kB[22m[1m[22m[2m │ gzip:   0.48 kB[22m
2026-08-14T13:16:50.4561917Z [2mpublic/build-inertia/[22m[2massets/[22m[36mos-Di65-Nqx.js                                        [39m[1m[2m    0.90 kB[22m[1m[22m[2m │ gzip:   0.36 kB[22m
2026-08-14T13:16:50.4563683Z [2mpublic/build-inertia/[22m[2massets/[22m[36msettings-DmVF1GsZ.js                                  [39m[1m[2m    0.91 kB[22m[1m[22m[2m │ gzip:   0.45 kB[22m
2026-08-14T13:16:50.4565499Z [2mpublic/build-inertia/[22m[2massets/[22m[36mprintExtractStyles-BLkwRNsM.js                        [39m[1m[2m    0.91 kB[22m[1m[22m[2m │ gzip:   0.40 kB[22m
2026-08-14T13:16:50.4567516Z [2mpublic/build-inertia/[22m[2massets/[22m[36mformat-br-HhfhvDpY.js                                 [39m[1m[2m    0.93 kB[22m[1m[22m[2m │ gzip:   0.40 kB[22m
2026-08-14T13:16:50.4569355Z [2mpublic/build-inertia/[22m[2massets/[22m[36mOsStageBadge-CCR9SwWS.js                              [39m[1m[2m    0.93 kB[22m[1m[22m[2m │ gzip:   0.52 kB[22m
2026-08-14T13:16:50.4571147Z [2mpublic/build-inertia/[22m[2massets/[22m[36minput-DE4Haa-g.js                                     [39m[1m[2m    0.94 kB[22m[1m[22m[2m │ gzip:   0.50 kB[22m
2026-08-14T13:16:50.4572972Z [2mpublic/build-inertia/[22m[2massets/[22m[36mshield-off-BktXSRxi.js                                [39m[1m[2m    0.94 kB[22m[1m[22m[2m │ gzip:   0.49 kB[22m
2026-08-14T13:16:50.4575059Z [2mpublic/build-inertia/[22m[2massets/[22m[36mSparkline-CEpap4I5.js                                 [39m[1m[2m    0.94 kB[22m[1m[22m[2m │ gzip:   0.58 kB[22m
2026-08-14T13:16:50.4607115Z [2mpublic/build-inertia/[22m[2massets/[22m[36museFinFavs-Cvx7r0Ik.js                                [39m[1m[2m    0.96 kB[22m[1m[22m[2m │ gzip:   0.58 kB[22m
2026-08-14T13:16:50.4609055Z [2mpublic/build-inertia/[22m[2massets/[22m[36mshare-2-DQM5eY10.js                                   [39m[1m[2m    0.97 kB[22m[1m[22m[2m │ gzip:   0.47 kB[22m
2026-08-14T13:16:50.4610913Z [2mpublic/build-inertia/[22m[2massets/[22m[36mMercosulPlate-Dq7oZUfu.js                             [39m[1m[2m    0.97 kB[22m[1m[22m[2m │ gzip:   0.56 kB[22m
2026-08-14T13:16:50.4612807Z [2mpublic/build-inertia/[22m[2massets/[22m[36mActiveChip-qF4kqzkw.js                                [39m[1m[2m    0.97 kB[22m[1m[22m[2m │ gzip:   0.57 kB[22m
2026-08-14T13:16:50.4614653Z [2mpublic/build-inertia/[22m[2massets/[22m[36mscroll-text-z9wZ5WhE.js                               [39m[1m[2m    1.00 kB[22m[1m[22m[2m │ gzip:   0.48 kB[22m
2026-08-14T13:16:50.4616481Z [2mpublic/build-inertia/[22m[2massets/[22m[36mslash-CyJraavX.js                                     [39m[1m[2m    1.00 kB[22m[1m[22m[2m │ gzip:   0.42 kB[22m
2026-08-14T13:16:50.4618444Z [2mpublic/build-inertia/[22m[2massets/[22m[36mbox-ChulZAiv.js                                       [39m[1m[2m    1.01 kB[22m[1m[22m[2m │ gzip:   0.50 kB[22m
2026-08-14T13:16:50.4620185Z [2mpublic/build-inertia/[22m[2massets/[22m[36mBoardKpiCard-CeauTIfa.js                              [39m[1m[2m    1.03 kB[22m[1m[22m[2m │ gzip:   0.59 kB[22m
2026-08-14T13:16:50.4622015Z [2mpublic/build-inertia/[22m[2massets/[22m[36mEmptyState-CllGjPHq.js                                [39m[1m[2m    1.04 kB[22m[1m[22m[2m │ gzip:   0.53 kB[22m
2026-08-14T13:16:50.4623836Z [2mpublic/build-inertia/[22m[2massets/[22m[36mlinkify-Bfi_jtKR.js                                   [39m[1m[2m    1.05 kB[22m[1m[22m[2m │ gzip:   0.51 kB[22m
2026-08-14T13:16:50.4625648Z [2mpublic/build-inertia/[22m[2massets/[22m[36mfield-state-DZlORr86.js                               [39m[1m[2m    1.05 kB[22m[1m[22m[2m │ gzip:   0.40 kB[22m
2026-08-14T13:16:50.4627603Z [2mpublic/build-inertia/[22m[2massets/[22m[36mcard-D-8RymlE.js                                      [39m[1m[2m    1.07 kB[22m[1m[22m[2m │ gzip:   0.43 kB[22m
2026-08-14T13:16:50.4629375Z [2mpublic/build-inertia/[22m[2massets/[22m[36malert-BLKvVbqC.js                                     [39m[1m[2m    1.09 kB[22m[1m[22m[2m │ gzip:   0.54 kB[22m
2026-08-14T13:16:50.4631499Z [2mpublic/build-inertia/[22m[2massets/[22m[36mBulkActionBar-4tp-Ou_0.js                             [39m[1m[2m    1.09 kB[22m[1m[22m[2m │ gzip:   0.64 kB[22m
2026-08-14T13:16:50.4633350Z [2mpublic/build-inertia/[22m[2massets/[22m[36mwifi-off-9n4lsQ4U.js                                  [39m[1m[2m    1.11 kB[22m[1m[22m[2m │ gzip:   0.50 kB[22m
2026-08-14T13:16:50.4635212Z [2mpublic/build-inertia/[22m[2massets/[22m[36mLinkedFornecedor-4cvYy8Dd.js                          [39m[1m[2m    1.13 kB[22m[1m[22m[2m │ gzip:   0.55 kB[22m
2026-08-14T13:16:50.4667382Z [2mpublic/build-inertia/[22m[2massets/[22m[36mfactory-CXKuicIJ.js                                   [39m[1m[2m    1.16 kB[22m[1m[22m[2m │ gzip:   0.47 kB[22m
2026-08-14T13:16:50.4669440Z [2mpublic/build-inertia/[22m[2massets/[22m[36mPageHeaderPrimary-CaNLZbJL.js                         [39m[1m[2m    1.18 kB[22m[1m[22m[2m │ gzip:   0.63 kB[22m
2026-08-14T13:16:50.4671374Z [2mpublic/build-inertia/[22m[2massets/[22m[36minput-group-C7uLYsic.js                               [39m[1m[2m    1.19 kB[22m[1m[22m[2m │ gzip:   0.50 kB[22m
2026-08-14T13:16:50.4673161Z [2mpublic/build-inertia/[22m[2massets/[22m[36mshopping-bag-CsY15KoD.js                              [39m[1m[2m    1.20 kB[22m[1m[22m[2m │ gzip:   0.49 kB[22m
2026-08-14T13:16:50.4675354Z [2mpublic/build-inertia/[22m[2massets/[22m[36mvalidacoesFiscaisBr-CTbtiYKy.js                       [39m[1m[2m    1.22 kB[22m[1m[22m[2m │ gzip:   0.66 kB[22m
2026-08-14T13:16:50.4677352Z [2mpublic/build-inertia/[22m[2massets/[22m[36mFinPillFrescor-Bcj3EOKA.js                            [39m[1m[2m    1.26 kB[22m[1m[22m[2m │ gzip:   0.64 kB[22m
2026-08-14T13:16:50.4679140Z [2mpublic/build-inertia/[22m[2massets/[22m[36mshared-tVcyAcKH.js                                    [39m[1m[2m    1.27 kB[22m[1m[22m[2m │ gzip:   0.71 kB[22m
2026-08-14T13:16:50.4681036Z [2mpublic/build-inertia/[22m[2massets/[22m[36mKanbanDndProvider-BMrlVpgK.js                         [39m[1m[2m    1.29 kB[22m[1m[22m[2m │ gzip:   0.66 kB[22m
2026-08-14T13:16:50.4682851Z [2mpublic/build-inertia/[22m[2massets/[22m[36mscale-xIyEAHPa.js                                     [39m[1m[2m    1.30 kB[22m[1m[22m[2m │ gzip:   0.49 kB[22m
2026-08-14T13:16:50.4684693Z [2mpublic/build-inertia/[22m[2massets/[22m[36mVehicleStatusBadge-pcOPiE3A.js                        [39m[1m[2m    1.32 kB[22m[1m[22m[2m │ gzip:   0.61 kB[22m
2026-08-14T13:16:50.4686563Z [2mpublic/build-inertia/[22m[2massets/[22m[36mSaleLinkifier-Cg1P-kIe.js                             [39m[1m[2m    1.34 kB[22m[1m[22m[2m │ gzip:   0.73 kB[22m
2026-08-14T13:16:50.4688599Z [2mpublic/build-inertia/[22m[2massets/[22m[36mPageFilters-CZ9qmagB.js                               [39m[1m[2m    1.35 kB[22m[1m[22m[2m │ gzip:   0.70 kB[22m
2026-08-14T13:16:50.4690640Z [2mpublic/build-inertia/[22m[2massets/[22m[36mthumbs-up-CYbtgkic.js                                 [39m[1m[2m    1.36 kB[22m[1m[22m[2m │ gzip:   0.60 kB[22m
2026-08-14T13:16:50.4692525Z [2mpublic/build-inertia/[22m[2massets/[22m[36mServiceOrderStatusBadge-aZRYA-cR.js                   [39m[1m[2m    1.40 kB[22m[1m[22m[2m │ gzip:   0.55 kB[22m
2026-08-14T13:16:50.4694442Z [2mpublic/build-inertia/[22m[2massets/[22m[36mbadges-_LYSrN7j.js                                    [39m[1m[2m    1.42 kB[22m[1m[22m[2m │ gzip:   0.49 kB[22m
2026-08-14T13:16:50.4696246Z [2mpublic/build-inertia/[22m[2massets/[22m[36mOsPipeline-CBCO6qQN.js                                [39m[1m[2m    1.43 kB[22m[1m[22m[2m │ gzip:   0.74 kB[22m
2026-08-14T13:16:50.4728520Z [2mpublic/build-inertia/[22m[2massets/[22m[36mradio-BW9i5YXn.js                                     [39m[1m[2m    1.44 kB[22m[1m[22m[2m │ gzip:   0.58 kB[22m
2026-08-14T13:16:50.4730384Z [2mpublic/build-inertia/[22m[2massets/[22m[36mFinCrossLinkify-CykbhJoa.js                           [39m[1m[2m    1.44 kB[22m[1m[22m[2m │ gzip:   0.72 kB[22m
2026-08-14T13:16:50.4732265Z [2mpublic/build-inertia/[22m[2massets/[22m[36mFinStatStrip-RnJDicNl.js                              [39m[1m[2m    1.45 kB[22m[1m[22m[2m │ gzip:   0.76 kB[22m
2026-08-14T13:16:50.4734090Z [2mpublic/build-inertia/[22m[2massets/[22m[36mtext-DFOon49G.js                                      [39m[1m[2m    1.48 kB[22m[1m[22m[2m │ gzip:   0.62 kB[22m
2026-08-14T13:16:50.4735891Z [2mpublic/build-inertia/[22m[2massets/[22m[36mMicrosoftIcon-DGfdwbNm.js                             [39m[1m[2m    1.49 kB[22m[1m[22m[2m │ gzip:   0.66 kB[22m
2026-08-14T13:16:50.4737858Z [2mpublic/build-inertia/[22m[2massets/[22m[36mSellsTabsVisao-CxD9uykK.js                            [39m[1m[2m    1.53 kB[22m[1m[22m[2m │ gzip:   0.80 kB[22m
2026-08-14T13:16:50.4739768Z [2mpublic/build-inertia/[22m[2massets/[22m[36mSaleJourneyStepper-BfG5W2pk.js                        [39m[1m[2m    1.56 kB[22m[1m[22m[2m │ gzip:   0.72 kB[22m
2026-08-14T13:16:50.4741672Z [2mpublic/build-inertia/[22m[2massets/[22m[36mFinAnomalyDetector-BFJMcCFu.js                        [39m[1m[2m    1.56 kB[22m[1m[22m[2m │ gzip:   0.74 kB[22m
2026-08-14T13:16:50.4743807Z [2mpublic/build-inertia/[22m[2massets/[22m[36mCheatSheetSettings-IQ1YhYfn.js                        [39m[1m[2m    1.57 kB[22m[1m[22m[2m │ gzip:   0.83 kB[22m
2026-08-14T13:16:50.4745689Z [2mpublic/build-inertia/[22m[2massets/[22m[36mCheatSheet-WvYOQYdY.js                                [39m[1m[2m    1.57 kB[22m[1m[22m[2m │ gzip:   0.84 kB[22m
2026-08-14T13:16:50.4747670Z [2mpublic/build-inertia/[22m[2massets/[22m[36mcreateLucideIcon-D0yow7Cy.js                          [39m[1m[2m    1.58 kB[22m[1m[22m[2m │ gzip:   0.66 kB[22m
2026-08-14T13:16:50.4749526Z [2mpublic/build-inertia/[22m[2massets/[22m[36mFinAgeing-CB-SiJNj.js                                 [39m[1m[2m    1.59 kB[22m[1m[22m[2m │ gzip:   0.76 kB[22m
2026-08-14T13:16:50.4751368Z [2mpublic/build-inertia/[22m[2massets/[22m[36mInboxMobileTabs-BweSBgBR.js                           [39m[1m[2m    1.60 kB[22m[1m[22m[2m │ gzip:   0.86 kB[22m
2026-08-14T13:16:50.4753246Z [2mpublic/build-inertia/[22m[2massets/[22m[36mVisibilidadeColunas-DrhmWq6f.js                       [39m[1m[2m    1.61 kB[22m[1m[22m[2m │ gzip:   0.89 kB[22m
2026-08-14T13:16:50.4755078Z [2mpublic/build-inertia/[22m[2massets/[22m[36mbadge-BVWg0dmA.js                                     [39m[1m[2m    1.63 kB[22m[1m[22m[2m │ gzip:   0.72 kB[22m
2026-08-14T13:16:50.4787121Z [2mpublic/build-inertia/[22m[2massets/[22m[36mGraphCanvas-oMGyAY8E.js                               [39m[1m[2m    1.66 kB[22m[1m[22m[2m │ gzip:   0.95 kB[22m
2026-08-14T13:16:50.4789113Z [2mpublic/build-inertia/[22m[2massets/[22m[36mAvatar-DDCCZN17.js                                    [39m[1m[2m    1.68 kB[22m[1m[22m[2m │ gzip:   0.68 kB[22m
2026-08-14T13:16:50.4791217Z [2mpublic/build-inertia/[22m[2massets/[22m[36mGraphLegend-D93wLYhl.js                               [39m[1m[2m    1.69 kB[22m[1m[22m[2m │ gzip:   0.73 kB[22m
2026-08-14T13:16:50.4793099Z [2mpublic/build-inertia/[22m[2massets/[22m[36mInboxCheatSheet-DRO98CMA.js                           [39m[1m[2m    1.73 kB[22m[1m[22m[2m │ gzip:   0.89 kB[22m
2026-08-14T13:16:50.4794919Z [2mpublic/build-inertia/[22m[2massets/[22m[36mPage-396zGlEi.js                                      [39m[1m[2m    1.73 kB[22m[1m[22m[2m │ gzip:   0.85 kB[22m
2026-08-14T13:16:50.4796760Z [2mpublic/build-inertia/[22m[2massets/[22m[36mWriteOffAuditoriaCard-CDhEUmbU.js                     [39m[1m[2m    1.76 kB[22m[1m[22m[2m │ gzip:   0.90 kB[22m
2026-08-14T13:16:50.4798843Z [2mpublic/build-inertia/[22m[2massets/[22m[36mFinConferidoToggle-CNMEIWPl.js                        [39m[1m[2m    1.78 kB[22m[1m[22m[2m │ gzip:   0.81 kB[22m
2026-08-14T13:16:50.4800748Z [2mpublic/build-inertia/[22m[2massets/[22m[36mLinkedHistorico-D_8aZ4R_.js                           [39m[1m[2m    1.80 kB[22m[1m[22m[2m │ gzip:   0.88 kB[22m
2026-08-14T13:16:50.4802539Z [2mpublic/build-inertia/[22m[2massets/[22m[36mTaskBadges-BjBBoUC-.js                                [39m[1m[2m    1.80 kB[22m[1m[22m[2m │ gzip:   0.84 kB[22m
2026-08-14T13:16:50.4804388Z [2mpublic/build-inertia/[22m[2massets/[22m[36mLinkedItens-CbwOx0L9.js                               [39m[1m[2m    1.84 kB[22m[1m[22m[2m │ gzip:   0.87 kB[22m
2026-08-14T13:16:50.4806224Z [2mpublic/build-inertia/[22m[2massets/[22m[36mMediaPreviewCard-ZFNqq5-z.js                          [39m[1m[2m    1.87 kB[22m[1m[22m[2m │ gzip:   0.93 kB[22m
2026-08-14T13:16:50.4808268Z [2mpublic/build-inertia/[22m[2massets/[22m[36mFunnelStrip-CQOFcCG2.js                               [39m[1m[2m    1.87 kB[22m[1m[22m[2m │ gzip:   0.82 kB[22m
2026-08-14T13:16:50.4810231Z [2mpublic/build-inertia/[22m[2massets/[22m[36mInboxPresenterMode-BRNcgXAJ.js                        [39m[1m[2m    1.89 kB[22m[1m[22m[2m │ gzip:   1.04 kB[22m
2026-08-14T13:16:50.4812299Z [2mpublic/build-inertia/[22m[2massets/[22m[36mindex-CiZYtKw5.js                                     [39m[1m[2m    1.93 kB[22m[1m[22m[2m │ gzip:   0.95 kB[22m
2026-08-14T13:16:50.4814092Z [2mpublic/build-inertia/[22m[2massets/[22m[36mbutton-pjqvyqSr.js                                    [39m[1m[2m    1.96 kB[22m[1m[22m[2m │ gzip:   0.84 kB[22m
2026-08-14T13:16:50.4816014Z [2mpublic/build-inertia/[22m[2massets/[22m[36mprintServiceOrder-iVkJ9fQ8.js                         [39m[1m[2m    1.98 kB[22m[1m[22m[2m │ gzip:   0.99 kB[22m
2026-08-14T13:16:50.4848225Z [2mpublic/build-inertia/[22m[2massets/[22m[36msefaz-codes-TA7w3gHx.js                               [39m[1m[2m    2.03 kB[22m[1m[22m[2m │ gzip:   0.91 kB[22m
2026-08-14T13:16:50.4850166Z [2mpublic/build-inertia/[22m[2massets/[22m[36mFiscalSplitCard-Q887Q9dy.js                           [39m[1m[2m    2.10 kB[22m[1m[22m[2m │ gzip:   0.79 kB[22m
2026-08-14T13:16:50.4852027Z [2mpublic/build-inertia/[22m[2massets/[22m[36mBlogPost-yXFk_3Wz.js                                  [39m[1m[2m    2.13 kB[22m[1m[22m[2m │ gzip:   1.06 kB[22m
2026-08-14T13:16:50.4853869Z [2mpublic/build-inertia/[22m[2massets/[22m[36mCheatSheet-zHxIODM6.js                                [39m[1m[2m    2.16 kB[22m[1m[22m[2m │ gzip:   1.02 kB[22m
2026-08-14T13:16:50.4855710Z [2mpublic/build-inertia/[22m[2massets/[22m[36mindex-B-8U2a2s.js                                     [39m[1m[2m    2.17 kB[22m[1m[22m[2m │ gzip:   0.96 kB[22m
2026-08-14T13:16:50.4857733Z [2mpublic/build-inertia/[22m[2massets/[22m[36mShortcutsOverlay-HFqZDxtr.js                          [39m[1m[2m    2.24 kB[22m[1m[22m[2m │ gzip:   1.05 kB[22m
2026-08-14T13:16:50.4859847Z [2mpublic/build-inertia/[22m[2massets/[22m[36mindex-ojnLwcYJ.js                                     [39m[1m[2m    2.31 kB[22m[1m[22m[2m │ gzip:   1.07 kB[22m
2026-08-14T13:16:50.4861649Z [2mpublic/build-inertia/[22m[2massets/[22m[36mNFSeDrawer-DfB--HVo.js                                [39m[1m[2m    2.34 kB[22m[1m[22m[2m │ gzip:   0.89 kB[22m
2026-08-14T13:16:50.4863507Z [2mpublic/build-inertia/[22m[2massets/[22m[36mApprovalGateCard-DXQN0oXC.js                          [39m[1m[2m    2.35 kB[22m[1m[22m[2m │ gzip:   0.92 kB[22m
2026-08-14T13:16:50.4865411Z [2mpublic/build-inertia/[22m[2massets/[22m[36mCobrancaChip-fETMzVC4.js                              [39m[1m[2m    2.35 kB[22m[1m[22m[2m │ gzip:   0.96 kB[22m
2026-08-14T13:16:50.4867377Z [2mpublic/build-inertia/[22m[2massets/[22m[36mBlockRenderer-BeH537Nq.js                             [39m[1m[2m    2.37 kB[22m[1m[22m[2m │ gzip:   1.08 kB[22m
2026-08-14T13:16:50.4869283Z [2mpublic/build-inertia/[22m[2massets/[22m[36mhelpers-DXyt_WOg.js                                   [39m[1m[2m    2.41 kB[22m[1m[22m[2m │ gzip:   1.12 kB[22m
2026-08-14T13:16:50.4871183Z [2mpublic/build-inertia/[22m[2massets/[22m[36mTaskCard-jYtfsbLS.js                                  [39m[1m[2m    2.41 kB[22m[1m[22m[2m │ gzip:   1.02 kB[22m
2026-08-14T13:16:50.4873045Z [2mpublic/build-inertia/[22m[2massets/[22m[36mForjaQuadro-CermpGnY.js                               [39m[1m[2m    2.41 kB[22m[1m[22m[2m │ gzip:   0.94 kB[22m
2026-08-14T13:16:50.4874895Z [2mpublic/build-inertia/[22m[2massets/[22m[36mDrawerBase-BmKTs33F.js                                [39m[1m[2m    2.41 kB[22m[1m[22m[2m │ gzip:   1.12 kB[22m
2026-08-14T13:16:50.4876657Z [2mpublic/build-inertia/[22m[2massets/[22m[36mServiceOrderItemRow-DL5pJL4j.js                       [39m[1m[2m    2.42 kB[22m[1m[22m[2m │ gzip:   1.11 kB[22m
2026-08-14T13:16:50.4908893Z [2mpublic/build-inertia/[22m[2massets/[22m[36msheet-D226kiG_.js                                     [39m[1m[2m    2.44 kB[22m[1m[22m[2m │ gzip:   0.87 kB[22m
2026-08-14T13:16:50.4910730Z [2mpublic/build-inertia/[22m[2massets/[22m[36mdialog-_IXiXzfz.js                                    [39m[1m[2m    2.44 kB[22m[1m[22m[2m │ gzip:   0.94 kB[22m
2026-08-14T13:16:50.4912768Z [2mpublic/build-inertia/[22m[2massets/[22m[36mMsgComments-DT7Ii_4f.js                               [39m[1m[2m    2.47 kB[22m[1m[22m[2m │ gzip:   1.18 kB[22m
2026-08-14T13:16:50.4914564Z [2mpublic/build-inertia/[22m[2massets/[22m[36mindex-CPdgsIm0.js                                     [39m[1m[2m    2.47 kB[22m[1m[22m[2m │ gzip:   1.13 kB[22m
2026-08-14T13:16:50.4916367Z [2mpublic/build-inertia/[22m[2massets/[22m[36mOsResultCard-B3htL39b.js                              [39m[1m[2m    2.48 kB[22m[1m[22m[2m │ gzip:   0.87 kB[22m
2026-08-14T13:16:50.4918464Z [2mpublic/build-inertia/[22m[2massets/[22m[36mServiceOrderKanbanColumn-Bm9GTqSo.js                  [39m[1m[2m    2.59 kB[22m[1m[22m[2m │ gzip:   1.31 kB[22m
2026-08-14T13:16:50.4920372Z [2mpublic/build-inertia/[22m[2massets/[22m[36mForjaChangelog-BxkfKO7L.js                            [39m[1m[2m    2.64 kB[22m[1m[22m[2m │ gzip:   1.13 kB[22m
2026-08-14T13:16:50.4922804Z [2mpublic/build-inertia/[22m[2massets/[22m[36mCriarOsButton-bvFOjyAb.js                             [39m[1m[2m    2.67 kB[22m[1m[22m[2m │ gzip:   1.34 kB[22m
2026-08-14T13:16:50.4924758Z [2mpublic/build-inertia/[22m[2massets/[22m[36mConfirmToggleModal-Y-muR0Va.js                        [39m[1m[2m    2.69 kB[22m[1m[22m[2m │ gzip:   1.24 kB[22m
2026-08-14T13:16:50.4927071Z [2mpublic/build-inertia/[22m[2massets/[22m[36mFinCommentsThread-CochiduM.js                         [39m[1m[2m    2.72 kB[22m[1m[22m[2m │ gzip:   1.31 kB[22m
2026-08-14T13:16:50.4928937Z [2mpublic/build-inertia/[22m[2massets/[22m[36mhelpers-DRCcTdzv.js                                   [39m[1m[2m    2.72 kB[22m[1m[22m[2m │ gzip:   1.30 kB[22m
2026-08-14T13:16:50.4930927Z [2mpublic/build-inertia/[22m[2massets/[22m[36mindex-D9WxMPt5.js                                     [39m[1m[2m    2.74 kB[22m[1m[22m[2m │ gzip:   1.23 kB[22m
2026-08-14T13:16:50.4932773Z [2mpublic/build-inertia/[22m[2massets/[22m[36mboardTone-BZYf6apc.js                                 [39m[1m[2m    2.74 kB[22m[1m[22m[2m │ gzip:   0.76 kB[22m
2026-08-14T13:16:50.4934630Z [2mpublic/build-inertia/[22m[2massets/[22m[36mBlogs-Dp-xfEdv.js                                     [39m[1m[2m    2.75 kB[22m[1m[22m[2m │ gzip:   1.30 kB[22m
2026-08-14T13:16:50.4936410Z [2mpublic/build-inertia/[22m[2massets/[22m[36mPageHeader-eFyWbUuc.js                                [39m[1m[2m    2.77 kB[22m[1m[22m[2m │ gzip:   1.26 kB[22m
2026-08-14T13:16:50.4968522Z [2mpublic/build-inertia/[22m[2massets/[22m[36mAlertInbox-DtS1gzhf.js                                [39m[1m[2m    2.78 kB[22m[1m[22m[2m │ gzip:   1.12 kB[22m
2026-08-14T13:16:50.4970450Z [2mpublic/build-inertia/[22m[2massets/[22m[36mActivityFeed-EXpxJwe_.js                              [39m[1m[2m    2.79 kB[22m[1m[22m[2m │ gzip:   1.13 kB[22m
2026-08-14T13:16:50.4972298Z [2mpublic/build-inertia/[22m[2massets/[22m[36mFinAuditTrail-DaFrXKEr.js                             [39m[1m[2m    2.81 kB[22m[1m[22m[2m │ gzip:   1.31 kB[22m
2026-08-14T13:16:50.4974099Z [2mpublic/build-inertia/[22m[2massets/[22m[36mKpiCard-Dc7wUsYR.js                                   [39m[1m[2m    2.83 kB[22m[1m[22m[2m │ gzip:   1.19 kB[22m
2026-08-14T13:16:50.4975898Z [2mpublic/build-inertia/[22m[2massets/[22m[36mOsLookupForm-BwVQJNr2.js                              [39m[1m[2m    2.85 kB[22m[1m[22m[2m │ gzip:   1.26 kB[22m
2026-08-14T13:16:50.4977886Z [2mpublic/build-inertia/[22m[2massets/[22m[36mEventosDrawer-NvsifkSl.js                             [39m[1m[2m    2.87 kB[22m[1m[22m[2m │ gzip:   1.19 kB[22m
2026-08-14T13:16:50.4979744Z [2mpublic/build-inertia/[22m[2massets/[22m[36mKpiStripClickable-uHCw_7NE.js                         [39m[1m[2m    2.88 kB[22m[1m[22m[2m │ gzip:   1.26 kB[22m
2026-08-14T13:16:50.4981923Z [2mpublic/build-inertia/[22m[2massets/[22m[36mTrabalhoQuadro-DyulS9k8.js                            [39m[1m[2m    2.88 kB[22m[1m[22m[2m │ gzip:   1.33 kB[22m
2026-08-14T13:16:50.4983816Z [2mpublic/build-inertia/[22m[2massets/[22m[36mprintSaleReceipt-CiZNAntA.js                          [39m[1m[2m    2.92 kB[22m[1m[22m[2m │ gzip:   1.46 kB[22m
2026-08-14T13:16:50.4985685Z [2mpublic/build-inertia/[22m[2massets/[22m[36mInboxAiDialog-CbgxiHFQ.js                             [39m[1m[2m    2.95 kB[22m[1m[22m[2m │ gzip:   1.52 kB[22m
2026-08-14T13:16:50.4987744Z [2mpublic/build-inertia/[22m[2massets/[22m[36mPessoasContatoTab-DA8X24wo.js                         [39m[1m[2m    2.98 kB[22m[1m[22m[2m │ gzip:   0.91 kB[22m
2026-08-14T13:16:50.4989656Z [2mpublic/build-inertia/[22m[2massets/[22m[36mSalePresentationMode-fHfg1Owh.js                      [39m[1m[2m    2.98 kB[22m[1m[22m[2m │ gzip:   1.21 kB[22m
2026-08-14T13:16:50.4991561Z [2mpublic/build-inertia/[22m[2massets/[22m[36mProductLineCard-BWSIHuax.js                           [39m[1m[2m    2.98 kB[22m[1m[22m[2m │ gzip:   1.10 kB[22m
2026-08-14T13:16:50.4993504Z [2mpublic/build-inertia/[22m[2massets/[22m[36mDragConfirmDialog-DUrcC2CM.js                         [39m[1m[2m    3.03 kB[22m[1m[22m[2m │ gzip:   1.21 kB[22m
2026-08-14T13:16:50.4995338Z [2mpublic/build-inertia/[22m[2massets/[22m[36msegmented-BmgMXvqA.js                                 [39m[1m[2m    3.03 kB[22m[1m[22m[2m │ gzip:   1.22 kB[22m
2026-08-14T13:16:50.5027461Z [2mpublic/build-inertia/[22m[2massets/[22m[36mActivitiesTab-CaMdt72m.js                             [39m[1m[2m    3.05 kB[22m[1m[22m[2m │ gzip:   1.03 kB[22m
2026-08-14T13:16:50.5029654Z [2mpublic/build-inertia/[22m[2massets/[22m[36mSubNav-CViuaA4k.js                                    [39m[1m[2m    3.08 kB[22m[1m[22m[2m │ gzip:   0.98 kB[22m
2026-08-14T13:16:50.5031541Z [2mpublic/build-inertia/[22m[2massets/[22m[36mSaleItemComments-BU0ntVBY.js                          [39m[1m[2m    3.10 kB[22m[1m[22m[2m │ gzip:   1.47 kB[22m
2026-08-14T13:16:50.5033483Z [2mpublic/build-inertia/[22m[2massets/[22m[36mEntryCheckinFields-CVWVxwli.js                        [39m[1m[2m    3.10 kB[22m[1m[22m[2m │ gzip:   1.41 kB[22m
2026-08-14T13:16:50.5035323Z [2mpublic/build-inertia/[22m[2massets/[22m[36mswitch-hxwZJKUX.js                                    [39m[1m[2m    3.13 kB[22m[1m[22m[2m │ gzip:   1.43 kB[22m
2026-08-14T13:16:50.5037282Z [2mpublic/build-inertia/[22m[2massets/[22m[36mTourOnboarding-D_mMS_dd.js                            [39m[1m[2m    3.15 kB[22m[1m[22m[2m │ gzip:   1.39 kB[22m
2026-08-14T13:16:50.5039234Z [2mpublic/build-inertia/[22m[2massets/[22m[36mInboxTranscriptDialog-q8PRhSCI.js                     [39m[1m[2m    3.16 kB[22m[1m[22m[2m │ gzip:   1.45 kB[22m
2026-08-14T13:16:50.5041176Z [2mpublic/build-inertia/[22m[2massets/[22m[36mMediaFullscreenModal-CO29TDof.js                      [39m[1m[2m    3.21 kB[22m[1m[22m[2m │ gzip:   1.22 kB[22m
2026-08-14T13:16:50.5043064Z [2mpublic/build-inertia/[22m[2massets/[22m[36mJanaPanel-D9yUaP-K.js                                 [39m[1m[2m    3.22 kB[22m[1m[22m[2m │ gzip:   1.51 kB[22m
2026-08-14T13:16:50.5044924Z [2mpublic/build-inertia/[22m[2massets/[22m[36mFxShell-CzxHO1FE.js                                   [39m[1m[2m    3.23 kB[22m[1m[22m[2m │ gzip:   1.44 kB[22m
2026-08-14T13:16:50.5046722Z [2mpublic/build-inertia/[22m[2massets/[22m[36matoms-settings-YrI44agn.js                            [39m[1m[2m    3.23 kB[22m[1m[22m[2m │ gzip:   1.41 kB[22m
2026-08-14T13:16:50.5048766Z [2mpublic/build-inertia/[22m[2massets/[22m[36mDviBudgetSection-Dj3JJ3xR.js                          [39m[1m[2m    3.28 kB[22m[1m[22m[2m │ gzip:   1.58 kB[22m
2026-08-14T13:16:50.5050724Z [2mpublic/build-inertia/[22m[2massets/[22m[36mGradeProductCombobox-CHm30YJ9.js                      [39m[1m[2m    3.29 kB[22m[1m[22m[2m │ gzip:   1.67 kB[22m
2026-08-14T13:16:50.5052884Z [2mpublic/build-inertia/[22m[2massets/[22m[36mSaleMessagePreview-CnxN4_CH.js                        [39m[1m[2m    3.32 kB[22m[1m[22m[2m │ gzip:   1.57 kB[22m
2026-08-14T13:16:50.5054731Z [2mpublic/build-inertia/[22m[2massets/[22m[36mhelpers-l-n7oVmr.js                                   [39m[1m[2m    3.32 kB[22m[1m[22m[2m │ gzip:   1.39 kB[22m
2026-08-14T13:16:50.5056562Z [2mpublic/build-inertia/[22m[2massets/[22m[36mFinMonthDigest-BGBSxPwB.js                            [39m[1m[2m    3.37 kB[22m[1m[22m[2m │ gzip:   1.26 kB[22m
2026-08-14T13:16:50.5088796Z [2mpublic/build-inertia/[22m[2massets/[22m[36mSheetRemessaRetorno-Duk-5JLy.js                       [39m[1m[2m    3.44 kB[22m[1m[22m[2m │ gzip:   1.44 kB[22m
2026-08-14T13:16:50.5090765Z [2mpublic/build-inertia/[22m[2massets/[22m[36mKbCommandPalette-aitfNhUg.js                          [39m[1m[2m    3.48 kB[22m[1m[22m[2m │ gzip:   1.58 kB[22m
2026-08-14T13:16:50.5092707Z [2mpublic/build-inertia/[22m[2massets/[22m[36mClienteCombobox-Bunzp1F0.js                           [39m[1m[2m    3.54 kB[22m[1m[22m[2m │ gzip:   1.62 kB[22m
2026-08-14T13:16:50.5094727Z [2mpublic/build-inertia/[22m[2massets/[22m[36mServiceOrderTimeline-KS0uA5CM.js                      [39m[1m[2m    3.57 kB[22m[1m[22m[2m │ gzip:   1.60 kB[22m
2026-08-14T13:16:50.5096669Z [2mpublic/build-inertia/[22m[2massets/[22m[36mFinPartyHistory-YbGSpCH0.js                           [39m[1m[2m    3.61 kB[22m[1m[22m[2m │ gzip:   1.31 kB[22m
2026-08-14T13:16:50.5098660Z [2mpublic/build-inertia/[22m[2massets/[22m[36mContactPicker-V20RpfRb.js                             [39m[1m[2m    3.62 kB[22m[1m[22m[2m │ gzip:   1.44 kB[22m
2026-08-14T13:16:50.5100686Z [2mpublic/build-inertia/[22m[2massets/[22m[36mindex-3u_UrIoX.js                                     [39m[1m[2m    3.68 kB[22m[1m[22m[2m │ gzip:   1.64 kB[22m
2026-08-14T13:16:50.5102531Z [2mpublic/build-inertia/[22m[2massets/[22m[36mAcoesDropdown-BQ3RNpDy.js                             [39m[1m[2m    3.69 kB[22m[1m[22m[2m │ gzip:   1.68 kB[22m
2026-08-14T13:16:50.5104419Z [2mpublic/build-inertia/[22m[2massets/[22m[36mJanaDrillDrawer-DPTbood0.js                           [39m[1m[2m    3.74 kB[22m[1m[22m[2m │ gzip:   1.55 kB[22m
2026-08-14T13:16:50.5106233Z [2mpublic/build-inertia/[22m[2massets/[22m[36mLogin-BJmZUa4i.js                                     [39m[1m[2m    3.81 kB[22m[1m[22m[2m │ gzip:   1.56 kB[22m
2026-08-14T13:16:50.5108251Z [2mpublic/build-inertia/[22m[2massets/[22m[36mPageHeaderTabs-71e2jSGD.js                            [39m[1m[2m    3.82 kB[22m[1m[22m[2m │ gzip:   1.73 kB[22m
2026-08-14T13:16:50.5110124Z [2mpublic/build-inertia/[22m[2massets/[22m[36mFinPeriodBar-D-IPLBxL.js                              [39m[1m[2m    3.82 kB[22m[1m[22m[2m │ gzip:   1.51 kB[22m
2026-08-14T13:16:50.5112058Z [2mpublic/build-inertia/[22m[2massets/[22m[36mPresentationMode-CjjnizZf.js                          [39m[1m[2m    3.87 kB[22m[1m[22m[2m │ gzip:   1.58 kB[22m
2026-08-14T13:16:50.5113959Z [2mpublic/build-inertia/[22m[2massets/[22m[36matoms-Dg4rEd85.js                                     [39m[1m[2m    3.89 kB[22m[1m[22m[2m │ gzip:   1.41 kB[22m
2026-08-14T13:16:50.5115679Z [2mpublic/build-inertia/[22m[2massets/[22m[36mForjaBacklog-C94DB6IA.js                              [39m[1m[2m    3.89 kB[22m[1m[22m[2m │ gzip:   1.43 kB[22m
2026-08-14T13:16:50.5147841Z [2mpublic/build-inertia/[22m[2massets/[22m[36mFinAnexosPanel-Brq6AgWv.js                            [39m[1m[2m    3.90 kB[22m[1m[22m[2m │ gzip:   1.87 kB[22m
2026-08-14T13:16:50.5149786Z [2mpublic/build-inertia/[22m[2massets/[22m[36mSiteLayout-ClzgJSBE.js                                [39m[1m[2m    3.91 kB[22m[1m[22m[2m │ gzip:   1.43 kB[22m
2026-08-14T13:16:50.5151896Z [2mpublic/build-inertia/[22m[2massets/[22m[36mPlanoContaCombobox-BCHW2n0S.js                        [39m[1m[2m    3.91 kB[22m[1m[22m[2m │ gzip:   1.65 kB[22m
2026-08-14T13:16:50.5153804Z [2mpublic/build-inertia/[22m[2massets/[22m[36mVdBulkEmitModal-B6O6dewC.js                           [39m[1m[2m    3.96 kB[22m[1m[22m[2m │ gzip:   1.64 kB[22m
2026-08-14T13:16:50.5154921Z [33m
2026-08-14T13:16:50.5155481Z (!) Some chunks are larger than 500 kB after minification. Consider:
2026-08-14T13:16:50.5156220Z - Using dynamic import() to code-split the application
2026-08-14T13:16:50.5157570Z - Use build.rollupOptions.output.manualChunks to improve chunking: https://rollupjs.org/configuration-options/#output-manualchunks
2026-08-14T13:16:50.5158956Z - Adjust chunk size limit for this warning via build.chunkSizeWarningLimit.[39m
2026-08-14T13:16:50.5160548Z [2mpublic/build-inertia/[22m[2massets/[22m[36mPresenceStrip-C21Ag8Gs.js                             [39m[1m[2m    3.97 kB[22m[1m[22m[2m │ gzip:   1.36 kB[22m
2026-08-14T13:16:50.5162510Z [2mpublic/build-inertia/[22m[2massets/[22m[36mSellsCheatSheet-BRk1Rz23.js                           [39m[1m[2m    4.00 kB[22m[1m[22m[2m │ gzip:   1.50 kB[22m
2026-08-14T13:16:50.5164365Z [2mpublic/build-inertia/[22m[2massets/[22m[36mindex-B_Tu30yh.js                                     [39m[1m[2m    4.01 kB[22m[1m[22m[2m │ gzip:   1.48 kB[22m
2026-08-14T13:16:50.5166146Z [2mpublic/build-inertia/[22m[2massets/[22m[36mChannelsDrawer-k5bdlWhU.js                            [39m[1m[2m    4.02 kB[22m[1m[22m[2m │ gzip:   1.59 kB[22m
2026-08-14T13:16:50.5168201Z [2mpublic/build-inertia/[22m[2massets/[22m[36mRiscoClienteCard-zb0onV3U.js                          [39m[1m[2m    4.10 kB[22m[1m[22m[2m │ gzip:   1.82 kB[22m
2026-08-14T13:16:50.5170277Z [2mpublic/build-inertia/[22m[2massets/[22m[36mcheckbox-BG5JaTpD.js                                  [39m[1m[2m    4.13 kB[22m[1m[22m[2m │ gzip:   1.80 kB[22m
2026-08-14T13:16:50.5172123Z [2mpublic/build-inertia/[22m[2massets/[22m[36mSaleAuditTrail-B0YfhK6j.js                            [39m[1m[2m    4.19 kB[22m[1m[22m[2m │ gzip:   1.69 kB[22m
2026-08-14T13:16:50.5173980Z [2mpublic/build-inertia/[22m[2massets/[22m[36mClienteRail-zSDp82pK.js                               [39m[1m[2m    4.21 kB[22m[1m[22m[2m │ gzip:   1.47 kB[22m
2026-08-14T13:16:50.5175810Z [2mpublic/build-inertia/[22m[2massets/[22m[36mIndex-63WDGboC.js                                     [39m[1m[2m    4.24 kB[22m[1m[22m[2m │ gzip:   1.76 kB[22m
2026-08-14T13:16:50.5207883Z [2mpublic/build-inertia/[22m[2massets/[22m[36mradio-group-Srvi4V1N.js                               [39m[1m[2m    4.31 kB[22m[1m[22m[2m │ gzip:   1.90 kB[22m
2026-08-14T13:16:50.5209881Z [2mpublic/build-inertia/[22m[2massets/[22m[36mFinChecklistFechamento-5J1IyDDJ.js                    [39m[1m[2m    4.32 kB[22m[1m[22m[2m │ gzip:   1.94 kB[22m
2026-08-14T13:16:50.5211874Z [2mpublic/build-inertia/[22m[2massets/[22m[36mServiceOrderStagePipeline-BmX2gF6-.js                 [39m[1m[2m    4.32 kB[22m[1m[22m[2m │ gzip:   1.69 kB[22m
2026-08-14T13:16:50.5213819Z [2mpublic/build-inertia/[22m[2massets/[22m[36mTemplatePicker-Bephr7BL.js                            [39m[1m[2m    4.33 kB[22m[1m[22m[2m │ gzip:   1.85 kB[22m
2026-08-14T13:16:50.5215703Z [2mpublic/build-inertia/[22m[2massets/[22m[36mOssTab-DOd3L3MY.js                                    [39m[1m[2m    4.37 kB[22m[1m[22m[2m │ gzip:   1.96 kB[22m
2026-08-14T13:16:50.5217704Z [2mpublic/build-inertia/[22m[2massets/[22m[36mCockpit-BWSF6a_U.js                                   [39m[1m[2m    4.40 kB[22m[1m[22m[2m │ gzip:   1.95 kB[22m
2026-08-14T13:16:50.5219583Z [2mpublic/build-inertia/[22m[2massets/[22m[36mFinTranscriptPDF-BYoRX9M8.js                          [39m[1m[2m    4.40 kB[22m[1m[22m[2m │ gzip:   1.50 kB[22m
2026-08-14T13:16:50.5221727Z [2mpublic/build-inertia/[22m[2massets/[22m[36mMicRecorder-DwW3L4e6.js                               [39m[1m[2m    4.41 kB[22m[1m[22m[2m │ gzip:   1.95 kB[22m
2026-08-14T13:16:50.5223647Z [2mpublic/build-inertia/[22m[2massets/[22m[36mAuditoriaTab-pgDKdMNJ.js                              [39m[1m[2m    4.45 kB[22m[1m[22m[2m │ gzip:   1.76 kB[22m
2026-08-14T13:16:50.5225487Z [2mpublic/build-inertia/[22m[2massets/[22m[36mFinMonthResume-BoMSL-Sf.js                            [39m[1m[2m    4.55 kB[22m[1m[22m[2m │ gzip:   2.07 kB[22m
2026-08-14T13:16:50.5227504Z [2mpublic/build-inertia/[22m[2massets/[22m[36mFeedbackPublico-C84fTrhV.js                           [39m[1m[2m    4.58 kB[22m[1m[22m[2m │ gzip:   1.88 kB[22m
2026-08-14T13:16:50.5229423Z [2mpublic/build-inertia/[22m[2massets/[22m[36mgraphLayout-6pJUBs9q.js                               [39m[1m[2m    4.59 kB[22m[1m[22m[2m │ gzip:   1.82 kB[22m
2026-08-14T13:16:50.5231188Z [2mpublic/build-inertia/[22m[2massets/[22m[36mEmpresas-XCLCejUU.js                                  [39m[1m[2m    4.61 kB[22m[1m[22m[2m │ gzip:   1.96 kB[22m
2026-08-14T13:16:50.5233052Z [2mpublic/build-inertia/[22m[2massets/[22m[36mBalanceteView-D4QM4SGZ.js                             [39m[1m[2m    4.66 kB[22m[1m[22m[2m │ gzip:   1.59 kB[22m
2026-08-14T13:16:50.5234920Z [2mpublic/build-inertia/[22m[2massets/[22m[36mPills-7GHEgcqv.js                                     [39m[1m[2m    4.71 kB[22m[1m[22m[2m │ gzip:   1.64 kB[22m
2026-08-14T13:16:50.5236749Z [2mpublic/build-inertia/[22m[2massets/[22m[36mSubscriptionsTab-C0igRD-z.js                          [39m[1m[2m    4.75 kB[22m[1m[22m[2m │ gzip:   1.52 kB[22m
2026-08-14T13:16:50.5269266Z [2mpublic/build-inertia/[22m[2massets/[22m[36mForjaTriage-sZRaqnE4.js                               [39m[1m[2m    4.75 kB[22m[1m[22m[2m │ gzip:   2.08 kB[22m
2026-08-14T13:16:50.5271094Z [2mpublic/build-inertia/[22m[2massets/[22m[36mHealthPanel-CTbLwBg_.js                               [39m[1m[2m    4.75 kB[22m[1m[22m[2m │ gzip:   1.82 kB[22m
2026-08-14T13:16:50.5273170Z [2mpublic/build-inertia/[22m[2massets/[22m[36mCmdPalette-Br5nVyEL.js                                [39m[1m[2m    4.77 kB[22m[1m[22m[2m │ gzip:   1.97 kB[22m
2026-08-14T13:16:50.5275049Z [2mpublic/build-inertia/[22m[2massets/[22m[36mQuickPaymentDialog-BefkqXoJ.js                        [39m[1m[2m    4.77 kB[22m[1m[22m[2m │ gzip:   2.08 kB[22m
2026-08-14T13:16:50.5277066Z [2mpublic/build-inertia/[22m[2massets/[22m[36mSaleTranscriptPDF-BPYX2CXx.js                         [39m[1m[2m    4.77 kB[22m[1m[22m[2m │ gzip:   1.77 kB[22m
2026-08-14T13:16:50.5279200Z [2mpublic/build-inertia/[22m[2massets/[22m[36mSaleReciboPrint80mm-BX2LU8sf.js                       [39m[1m[2m    4.77 kB[22m[1m[22m[2m │ gzip:   1.59 kB[22m
2026-08-14T13:16:50.5281157Z [2mpublic/build-inertia/[22m[2massets/[22m[36mSaleAiPanel-CoviIalm.js                               [39m[1m[2m    4.78 kB[22m[1m[22m[2m │ gzip:   1.95 kB[22m
2026-08-14T13:16:50.5283026Z [2mpublic/build-inertia/[22m[2massets/[22m[36mVehiclesTab-TdUiZzii.js                               [39m[1m[2m    4.80 kB[22m[1m[22m[2m │ gzip:   1.74 kB[22m
2026-08-14T13:16:50.5284855Z [2mpublic/build-inertia/[22m[2massets/[22m[36mCategoriaSheet-567Yb3wM.js                            [39m[1m[2m    4.92 kB[22m[1m[22m[2m │ gzip:   1.90 kB[22m
2026-08-14T13:16:50.5286683Z [2mpublic/build-inertia/[22m[2massets/[22m[36mChannelHealthBanner-CKIMPsDp.js                       [39m[1m[2m    4.93 kB[22m[1m[22m[2m │ gzip:   2.08 kB[22m
2026-08-14T13:16:50.5288715Z [2mpublic/build-inertia/[22m[2massets/[22m[36mQuickPaymentPopover-21rnhb5g.js                       [39m[1m[2m    4.94 kB[22m[1m[22m[2m │ gzip:   2.14 kB[22m
2026-08-14T13:16:50.5290576Z [2mpublic/build-inertia/[22m[2massets/[22m[36mStatusBadge-Dz_KeIBu.js                               [39m[1m[2m    5.08 kB[22m[1m[22m[2m │ gzip:   1.17 kB[22m
2026-08-14T13:16:50.5292652Z [2mpublic/build-inertia/[22m[2massets/[22m[36mAddDiscountModal-DK0lEJ7x.js                          [39m[1m[2m    5.11 kB[22m[1m[22m[2m │ gzip:   2.04 kB[22m
2026-08-14T13:16:50.5312425Z [2mpublic/build-inertia/[22m[2massets/[22m[36mActionsMenu-K4ZbptSt.js                               [39m[1m[2m    5.14 kB[22m[1m[22m[2m │ gzip:   2.00 kB[22m
2026-08-14T13:16:50.5314453Z [2mpublic/build-inertia/[22m[2massets/[22m[36mMonthHeatmap-Ch5dgJDD.js                              [39m[1m[2m    5.15 kB[22m[1m[22m[2m │ gzip:   2.10 kB[22m
2026-08-14T13:16:50.5316215Z [2mpublic/build-inertia/[22m[2massets/[22m[36mLogin-DZM2dDIy.js                                     [39m[1m[2m    5.16 kB[22m[1m[22m[2m │ gzip:   2.01 kB[22m
2026-08-14T13:16:50.5326679Z [2mpublic/build-inertia/[22m[2massets/[22m[36mForjaHub-B9GliHBJ.js                                  [39m[1m[2m    5.20 kB[22m[1m[22m[2m │ gzip:   2.12 kB[22m
2026-08-14T13:16:50.5328996Z [2mpublic/build-inertia/[22m[2massets/[22m[36mInutilizacaoModal-DWmhei31.js                         [39m[1m[2m    5.21 kB[22m[1m[22m[2m │ gzip:   2.08 kB[22m
2026-08-14T13:16:50.5347304Z [2mpublic/build-inertia/[22m[2massets/[22m[36mFinPresentationMode-BfHuRWBB.js                       [39m[1m[2m    5.23 kB[22m[1m[22m[2m │ gzip:   1.53 kB[22m
2026-08-14T13:16:50.5349422Z [2mpublic/build-inertia/[22m[2massets/[22m[36mContactPickerModal-CW7ge25k.js                        [39m[1m[2m    5.25 kB[22m[1m[22m[2m │ gzip:   2.26 kB[22m
2026-08-14T13:16:50.5351383Z [2mpublic/build-inertia/[22m[2massets/[22m[36mAiResumoMes-D19-ioyL.js                               [39m[1m[2m    5.26 kB[22m[1m[22m[2m │ gzip:   2.04 kB[22m
2026-08-14T13:16:50.5353554Z [2mpublic/build-inertia/[22m[2massets/[22m[36mRewardPointsTab-DPpqQkra.js                           [39m[1m[2m    5.26 kB[22m[1m[22m[2m │ gzip:   1.69 kB[22m
2026-08-14T13:16:50.5355402Z [2mpublic/build-inertia/[22m[2massets/[22m[36mRegister-BVVOMTLt.js                                  [39m[1m[2m    5.32 kB[22m[1m[22m[2m │ gzip:   1.99 kB[22m
2026-08-14T13:16:50.5357382Z [2mpublic/build-inertia/[22m[2massets/[22m[36mCreate-BjR6XiEt.js                                    [39m[1m[2m    5.38 kB[22m[1m[22m[2m │ gzip:   2.45 kB[22m
2026-08-14T13:16:50.5359254Z [2mpublic/build-inertia/[22m[2massets/[22m[36mNewConversationDialog-Dm7TqVlJ.js                     [39m[1m[2m    5.39 kB[22m[1m[22m[2m │ gzip:   2.18 kB[22m
2026-08-14T13:16:50.5361129Z [2mpublic/build-inertia/[22m[2massets/[22m[36mChannelUsersTab-BZo6NcIY.js                           [39m[1m[2m    5.45 kB[22m[1m[22m[2m │ gzip:   2.02 kB[22m
2026-08-14T13:16:50.5362963Z [2mpublic/build-inertia/[22m[2massets/[22m[36mNodeList-CFHrzGpg.js                                  [39m[1m[2m    5.50 kB[22m[1m[22m[2m │ gzip:   2.12 kB[22m
2026-08-14T13:16:50.5364780Z [2mpublic/build-inertia/[22m[2massets/[22m[36mPlacasMainTab-uNTzY3wW.js                             [39m[1m[2m    5.52 kB[22m[1m[22m[2m │ gzip:   2.13 kB[22m
2026-08-14T13:16:50.5366664Z [2mpublic/build-inertia/[22m[2massets/[22m[36mReconnectModal-7ZM9865J.js                            [39m[1m[2m    5.59 kB[22m[1m[22m[2m │ gzip:   2.24 kB[22m
2026-08-14T13:16:50.5368841Z [2mpublic/build-inertia/[22m[2massets/[22m[36mDadosFiscaisBRSection-HE1rv4Gu.js                     [39m[1m[2m    5.64 kB[22m[1m[22m[2m │ gzip:   2.12 kB[22m
2026-08-14T13:16:50.5370792Z [2mpublic/build-inertia/[22m[2massets/[22m[36mCustomerSearchAutocomplete-ByAdb-Wy.js                [39m[1m[2m    5.67 kB[22m[1m[22m[2m │ gzip:   2.47 kB[22m
2026-08-14T13:16:50.5380164Z [2mpublic/build-inertia/[22m[2massets/[22m[36mGradeMatrixInput-1i0PVK28.js                          [39m[1m[2m    5.67 kB[22m[1m[22m[2m │ gzip:   2.23 kB[22m
2026-08-14T13:16:50.5382402Z [2mpublic/build-inertia/[22m[2massets/[22m[36mEdit-Bkd7-WXE.js                                      [39m[1m[2m    5.68 kB[22m[1m[22m[2m │ gzip:   2.51 kB[22m
2026-08-14T13:16:50.5384293Z [2mpublic/build-inertia/[22m[2massets/[22m[36mCommissionSplitEditor-Dyntq5R9.js                     [39m[1m[2m    5.71 kB[22m[1m[22m[2m │ gzip:   2.27 kB[22m
2026-08-14T13:16:50.5386170Z [2mpublic/build-inertia/[22m[2massets/[22m[36mColunasModal-C3WtevKz.js                              [39m[1m[2m    5.78 kB[22m[1m[22m[2m │ gzip:   2.23 kB[22m
2026-08-14T13:16:50.5418494Z [2mpublic/build-inertia/[22m[2massets/[22m[36mDviPhotoGrid-B10MzdsM.js                              [39m[1m[2m    5.81 kB[22m[1m[22m[2m │ gzip:   2.58 kB[22m
2026-08-14T13:16:50.5420438Z [2mpublic/build-inertia/[22m[2massets/[22m[36mAprovacaoPublica-DhmeBWQ0.js                          [39m[1m[2m    5.82 kB[22m[1m[22m[2m │ gzip:   2.07 kB[22m
2026-08-14T13:16:50.5422400Z [2mpublic/build-inertia/[22m[2massets/[22m[36mGraphNodeDetail-BKK9zoHD.js                           [39m[1m[2m    5.82 kB[22m[1m[22m[2m │ gzip:   2.08 kB[22m
2026-08-14T13:16:50.5424288Z [2mpublic/build-inertia/[22m[2massets/[22m[36mFinEditPanel-Dc-udgD8.js                              [39m[1m[2m    5.87 kB[22m[1m[22m[2m │ gzip:   1.97 kB[22m
2026-08-14T13:16:50.5426088Z [2mpublic/build-inertia/[22m[2massets/[22m[36mOndaF-C3q6oSuT.js                                     [39m[1m[2m    5.87 kB[22m[1m[22m[2m │ gzip:   2.25 kB[22m
2026-08-14T13:16:50.5478523Z [2mpublic/build-inertia/[22m[2massets/[22m[36malert-dialog-_4nxtHLA.js                              [39m[1m[2m    5.92 kB[22m[1m[22m[2m │ gzip:   2.04 kB[22m
2026-08-14T13:16:50.5480823Z [2mpublic/build-inertia/[22m[2massets/[22m[36mPathsDialog-BBnte_qL.js                               [39m[1m[2m    5.95 kB[22m[1m[22m[2m │ gzip:   2.23 kB[22m
2026-08-14T13:16:50.5482838Z [2mpublic/build-inertia/[22m[2massets/[22m[36mTroubleshooterOverlay-DApjwmgH.js                     [39m[1m[2m    6.05 kB[22m[1m[22m[2m │ gzip:   2.54 kB[22m
2026-08-14T13:16:50.5484747Z [2mpublic/build-inertia/[22m[2massets/[22m[36mPaymentsTab-B1isSpZM.js                               [39m[1m[2m    6.12 kB[22m[1m[22m[2m │ gzip:   2.30 kB[22m
2026-08-14T13:16:50.5486606Z [2mpublic/build-inertia/[22m[2massets/[22m[36mClienteForm-CD4CEKJc.js                               [39m[1m[2m    6.28 kB[22m[1m[22m[2m │ gzip:   2.19 kB[22m
2026-08-14T13:16:50.5488613Z [2mpublic/build-inertia/[22m[2massets/[22m[36mEventos-0aps_zps.js                                   [39m[1m[2m    6.28 kB[22m[1m[22m[2m │ gzip:   2.54 kB[22m
2026-08-14T13:16:50.5490464Z [2mpublic/build-inertia/[22m[2massets/[22m[36mCreate-CPqJpJl5.js                                    [39m[1m[2m    6.30 kB[22m[1m[22m[2m │ gzip:   2.64 kB[22m
2026-08-14T13:16:50.5492318Z [2mpublic/build-inertia/[22m[2massets/[22m[36mVdNextActionPanel-BipzHGrk.js                         [39m[1m[2m    6.32 kB[22m[1m[22m[2m │ gzip:   2.30 kB[22m
2026-08-14T13:16:50.5494157Z [2mpublic/build-inertia/[22m[2massets/[22m[36mShow-1o65WS_s.js                                      [39m[1m[2m    6.34 kB[22m[1m[22m[2m │ gzip:   2.44 kB[22m
2026-08-14T13:16:50.5495979Z [2mpublic/build-inertia/[22m[2massets/[22m[36mSendToContabilDrawer-BkhwITo5.js                      [39m[1m[2m    6.37 kB[22m[1m[22m[2m │ gzip:   2.28 kB[22m
2026-08-14T13:16:50.5528303Z [2mpublic/build-inertia/[22m[2massets/[22m[36mServiceOrderStageGate-CNxR4tOQ.js                     [39m[1m[2m    6.43 kB[22m[1m[22m[2m │ gzip:   2.56 kB[22m
2026-08-14T13:16:50.5530225Z [2mpublic/build-inertia/[22m[2massets/[22m[36mGraphFilters-H2KhfR__.js                              [39m[1m[2m    6.47 kB[22m[1m[22m[2m │ gzip:   2.20 kB[22m
2026-08-14T13:16:50.5531990Z [2mpublic/build-inertia/[22m[2massets/[22m[36mEdit-Br9Kef1d.js                                      [39m[1m[2m    6.47 kB[22m[1m[22m[2m │ gzip:   2.68 kB[22m
2026-08-14T13:16:50.5533997Z [2mpublic/build-inertia/[22m[2massets/[22m[36mConsultaCliente-D9flEYEM.js                           [39m[1m[2m    6.58 kB[22m[1m[22m[2m │ gzip:   2.54 kB[22m
2026-08-14T13:16:50.5535799Z [2mpublic/build-inertia/[22m[2massets/[22m[36mCategorySidebar-hn6oT9OG.js                           [39m[1m[2m    6.59 kB[22m[1m[22m[2m │ gzip:   1.99 kB[22m
2026-08-14T13:16:50.5537748Z [2mpublic/build-inertia/[22m[2massets/[22m[36mSessionDrawer-ClBMeQ4D.js                             [39m[1m[2m    6.62 kB[22m[1m[22m[2m │ gzip:   2.59 kB[22m
2026-08-14T13:16:50.5539588Z [2mpublic/build-inertia/[22m[2massets/[22m[36mBalancoView-Cby3VqDa.js                               [39m[1m[2m    6.68 kB[22m[1m[22m[2m │ gzip:   1.74 kB[22m
2026-08-14T13:16:50.5541487Z [2mpublic/build-inertia/[22m[2massets/[22m[36mQuickAddCustomerSheet-CYtw91ih.js                     [39m[1m[2m    6.68 kB[22m[1m[22m[2m │ gzip:   2.51 kB[22m
2026-08-14T13:16:50.5543431Z [2mpublic/build-inertia/[22m[2massets/[22m[36mSaleOrcamentoA4-BUVf0KJW.js                           [39m[1m[2m    6.69 kB[22m[1m[22m[2m │ gzip:   2.21 kB[22m
2026-08-14T13:16:50.5545322Z [2mpublic/build-inertia/[22m[2massets/[22m[36mBroadcastSheet-DwgxdqrT.js                            [39m[1m[2m    6.71 kB[22m[1m[22m[2m │ gzip:   2.51 kB[22m
2026-08-14T13:16:50.5547321Z [2mpublic/build-inertia/[22m[2massets/[22m[36mJanaSubNav-HV3gP1Ph.js                                [39m[1m[2m    6.73 kB[22m[1m[22m[2m │ gzip:   2.76 kB[22m
2026-08-14T13:16:50.5549154Z [2mpublic/build-inertia/[22m[2massets/[22m[36mIATab-CKxiIvUO.js                                     [39m[1m[2m    6.74 kB[22m[1m[22m[2m │ gzip:   2.34 kB[22m
2026-08-14T13:16:50.5551131Z [2mpublic/build-inertia/[22m[2massets/[22m[36mGovernancaSubNav-DXzQS8it.js                          [39m[1m[2m    6.76 kB[22m[1m[22m[2m │ gzip:   2.79 kB[22m
2026-08-14T13:16:50.5552882Z [2mpublic/build-inertia/[22m[2massets/[22m[36mPontoSubNav-3h2I_OcS.js                               [39m[1m[2m    6.78 kB[22m[1m[22m[2m │ gzip:   2.77 kB[22m
2026-08-14T13:16:50.5554573Z [2mpublic/build-inertia/[22m[2massets/[22m[36mCreate-Cbv8Nbtv.js                                    [39m[1m[2m    6.82 kB[22m[1m[22m[2m │ gzip:   2.83 kB[22m
2026-08-14T13:16:50.5556273Z [2mpublic/build-inertia/[22m[2massets/[22m[36mindex-wsru97Ov.js                                     [39m[1m[2m    6.89 kB[22m[1m[22m[2m │ gzip:   2.62 kB[22m
2026-08-14T13:16:50.5588402Z [2mpublic/build-inertia/[22m[2massets/[22m[36mprimitivos-DZCw7GDs.js                                [39m[1m[2m    6.91 kB[22m[1m[22m[2m │ gzip:   2.41 kB[22m
2026-08-14T13:16:50.5590259Z [2mpublic/build-inertia/[22m[2massets/[22m[36mTroubleshooterDialog-fm8wbnXt.js                      [39m[1m[2m    6.96 kB[22m[1m[22m[2m │ gzip:   2.33 kB[22m
2026-08-14T13:16:50.5592073Z [2mpublic/build-inertia/[22m[2massets/[22m[36mFinBaixaSheet-BlvWk1FI.js                             [39m[1m[2m    6.99 kB[22m[1m[22m[2m │ gzip:   2.48 kB[22m
2026-08-14T13:16:50.5593796Z [2mpublic/build-inertia/[22m[2massets/[22m[36mMap-DgZWfSa5.js                                       [39m[1m[2m    7.00 kB[22m[1m[22m[2m │ gzip:   2.77 kB[22m
2026-08-14T13:16:50.5595548Z [2mpublic/build-inertia/[22m[2massets/[22m[36mQuickAddVehicleSheet-DSriYfQW.js                      [39m[1m[2m    7.08 kB[22m[1m[22m[2m │ gzip:   2.70 kB[22m
2026-08-14T13:16:50.5597474Z [2mpublic/build-inertia/[22m[2massets/[22m[36mNfse-Cd473mbt.js                                      [39m[1m[2m    7.10 kB[22m[1m[22m[2m │ gzip:   2.77 kB[22m
2026-08-14T13:16:50.5599193Z [2mpublic/build-inertia/[22m[2massets/[22m[36mCmdKPalette-BhXNovbJ.js                               [39m[1m[2m    7.11 kB[22m[1m[22m[2m │ gzip:   2.84 kB[22m
2026-08-14T13:16:50.5601321Z [2mpublic/build-inertia/[22m[2massets/[22m[36mFinOcrBoletoSheet-BqAtOW7a.js                         [39m[1m[2m    7.16 kB[22m[1m[22m[2m │ gzip:   2.74 kB[22m
2026-08-14T13:16:50.5603148Z [2mpublic/build-inertia/[22m[2massets/[22m[36mpopover-Wj4UlSQ1.js                                   [39m[1m[2m    7.18 kB[22m[1m[22m[2m │ gzip:   2.60 kB[22m
2026-08-14T13:16:50.5604893Z [2mpublic/build-inertia/[22m[2massets/[22m[36mEdit-NZI_z8Xx.js                                      [39m[1m[2m    7.20 kB[22m[1m[22m[2m │ gzip:   2.72 kB[22m
2026-08-14T13:16:50.5606693Z [2mpublic/build-inertia/[22m[2massets/[22m[36mComissaoDrawer-D8djXtRT.js                            [39m[1m[2m    7.21 kB[22m[1m[22m[2m │ gzip:   2.91 kB[22m
2026-08-14T13:16:50.5608713Z [2mpublic/build-inertia/[22m[2massets/[22m[36mEdit-BsK-Iid5.js                                      [39m[1m[2m    7.49 kB[22m[1m[22m[2m │ gzip:   2.79 kB[22m
2026-08-14T13:16:50.5610593Z [2mpublic/build-inertia/[22m[2massets/[22m[36mServiceOrderItemFormSheet-BhIqEpXl.js                 [39m[1m[2m    7.51 kB[22m[1m[22m[2m │ gzip:   2.93 kB[22m
2026-08-14T13:16:50.5612512Z [2mpublic/build-inertia/[22m[2massets/[22m[36mFsmActionPanel-fZCm5SJ7.js                            [39m[1m[2m    7.65 kB[22m[1m[22m[2m │ gzip:   2.88 kB[22m
2026-08-14T13:16:50.5614343Z [2mpublic/build-inertia/[22m[2massets/[22m[36mCreate-Bwnqf3WJ.js                                    [39m[1m[2m    7.67 kB[22m[1m[22m[2m │ gzip:   2.90 kB[22m
2026-08-14T13:16:50.5616128Z [2mpublic/build-inertia/[22m[2massets/[22m[36mImport-CDMCuLMa.js                                    [39m[1m[2m    7.72 kB[22m[1m[22m[2m │ gzip:   2.89 kB[22m
2026-08-14T13:16:50.5648524Z [2mpublic/build-inertia/[22m[2massets/[22m[36mForjaMcp-te1wZHgG.js                                  [39m[1m[2m    7.72 kB[22m[1m[22m[2m │ gzip:   2.18 kB[22m
2026-08-14T13:16:50.5650403Z [2mpublic/build-inertia/[22m[2massets/[22m[36mFinTroubleshooter-5rT_G6Q5.js                         [39m[1m[2m    7.73 kB[22m[1m[22m[2m │ gzip:   3.09 kB[22m
2026-08-14T13:16:50.5652342Z [2mpublic/build-inertia/[22m[2massets/[22m[36mLaudoPhotoSection-BdTpSQSj.js                         [39m[1m[2m    7.77 kB[22m[1m[22m[2m │ gzip:   3.21 kB[22m
2026-08-14T13:16:50.5654233Z [2mpublic/build-inertia/[22m[2massets/[22m[36mJanaAreaHeader-Bp5SDzKr.js                            [39m[1m[2m    7.81 kB[22m[1m[22m[2m │ gzip:   3.33 kB[22m
2026-08-14T13:16:50.5656103Z [2mpublic/build-inertia/[22m[2massets/[22m[36mIndex-Cy5QGK8E.js                                     [39m[1m[2m    7.93 kB[22m[1m[22m[2m │ gzip:   2.68 kB[22m
2026-08-14T13:16:50.5658139Z [2mpublic/build-inertia/[22m[2massets/[22m[36mCustomerMemoryBlock-Duvo-ody.js                       [39m[1m[2m    7.94 kB[22m[1m[22m[2m │ gzip:   2.59 kB[22m
2026-08-14T13:16:50.5660033Z [2mpublic/build-inertia/[22m[2massets/[22m[36mNovo-Dns0vTbc.js                                      [39m[1m[2m    7.97 kB[22m[1m[22m[2m │ gzip:   3.34 kB[22m
2026-08-14T13:16:50.5662012Z [2mpublic/build-inertia/[22m[2massets/[22m[36mVisao-De-1u1Uz.js                                     [39m[1m[2m    8.04 kB[22m[1m[22m[2m │ gzip:   2.97 kB[22m
2026-08-14T13:16:50.5663848Z [2mpublic/build-inertia/[22m[2massets/[22m[36mDocumentsTab-DR2cPCU5.js                              [39m[1m[2m    8.08 kB[22m[1m[22m[2m │ gzip:   3.03 kB[22m
2026-08-14T13:16:50.5665645Z [2mpublic/build-inertia/[22m[2massets/[22m[36mWelcome-Cagu1tJZ.js                                   [39m[1m[2m    8.10 kB[22m[1m[22m[2m │ gzip:   3.43 kB[22m
2026-08-14T13:16:50.5667583Z [2mpublic/build-inertia/[22m[2massets/[22m[36mIndex-DH8BFD4c.js                                     [39m[1m[2m    8.13 kB[22m[1m[22m[2m │ gzip:   3.58 kB[22m
2026-08-14T13:16:50.5669391Z [2mpublic/build-inertia/[22m[2massets/[22m[36mIndex-BUSQsmUw.js                                     [39m[1m[2m    8.16 kB[22m[1m[22m[2m │ gzip:   3.14 kB[22m
2026-08-14T13:16:50.5671178Z [2mpublic/build-inertia/[22m[2massets/[22m[36mShow-C4EtRzia.js                                      [39m[1m[2m    8.18 kB[22m[1m[22m[2m │ gzip:   2.83 kB[22m
2026-08-14T13:16:50.5672990Z [2mpublic/build-inertia/[22m[2massets/[22m[36mFinanceiroSubNav-BLIvXhnV.js                          [39m[1m[2m    8.29 kB[22m[1m[22m[2m │ gzip:   3.27 kB[22m
2026-08-14T13:16:50.5674880Z [2mpublic/build-inertia/[22m[2massets/[22m[36mQueuesSheet-B4_l6cD_.js                               [39m[1m[2m    8.39 kB[22m[1m[22m[2m │ gzip:   2.98 kB[22m
2026-08-14T13:16:50.5676731Z [2mpublic/build-inertia/[22m[2massets/[22m[36mForm-CsJBGwZY.js                                      [39m[1m[2m    8.39 kB[22m[1m[22m[2m │ gzip:   3.14 kB[22m
2026-08-14T13:16:50.5708942Z [2mpublic/build-inertia/[22m[2massets/[22m[36mIndex-DavXPDAr.js                                     [39m[1m[2m    8.42 kB[22m[1m[22m[2m │ gzip:   2.94 kB[22m
2026-08-14T13:16:50.5710823Z [2mpublic/build-inertia/[22m[2massets/[22m[36mVdNfseEmitModal-CIT41xm0.js                           [39m[1m[2m    8.42 kB[22m[1m[22m[2m │ gzip:   2.98 kB[22m
2026-08-14T13:16:50.5712776Z [2mpublic/build-inertia/[22m[2massets/[22m[36mServiceOrderFsmActionPanel-A97dWzuD.js                [39m[1m[2m    8.46 kB[22m[1m[22m[2m │ gzip:   3.19 kB[22m
2026-08-14T13:16:50.5714783Z [2mpublic/build-inertia/[22m[2massets/[22m[36mVendaDerivadaCard-CA9ZHaKN.js                         [39m[1m[2m    8.47 kB[22m[1m[22m[2m │ gzip:   2.37 kB[22m
2026-08-14T13:16:50.5716672Z [2mpublic/build-inertia/[22m[2massets/[22m[36mComercialTab-B-p-dN31.js                              [39m[1m[2m    8.50 kB[22m[1m[22m[2m │ gzip:   2.87 kB[22m
2026-08-14T13:16:50.5718955Z [2mpublic/build-inertia/[22m[2massets/[22m[36mTituloCreateSheet-C9EdtkB2.js                         [39m[1m[2m    8.59 kB[22m[1m[22m[2m │ gzip:   2.89 kB[22m
2026-08-14T13:16:50.5720873Z [2mpublic/build-inertia/[22m[2massets/[22m[36mSaleTimeline-Ck4JEcOO.js                              [39m[1m[2m    8.60 kB[22m[1m[22m[2m │ gzip:   3.07 kB[22m
2026-08-14T13:16:50.5722815Z [2mpublic/build-inertia/[22m[2massets/[22m[36mAssinaturaAtualizar-BXO2dRov.js                       [39m[1m[2m    8.67 kB[22m[1m[22m[2m │ gzip:   3.30 kB[22m
2026-08-14T13:16:50.5724704Z [2mpublic/build-inertia/[22m[2massets/[22m[36mVdNfeEmitModal-C0nKYSuP.js                            [39m[1m[2m    8.71 kB[22m[1m[22m[2m │ gzip:   3.08 kB[22m
2026-08-14T13:16:50.5726551Z [2mpublic/build-inertia/[22m[2massets/[22m[36mIndex-DDjzvvIx.js                                     [39m[1m[2m    8.74 kB[22m[1m[22m[2m │ gzip:   3.49 kB[22m
2026-08-14T13:16:50.5728518Z [2mpublic/build-inertia/[22m[2massets/[22m[36mBulkEdit-Dmg-7wZP.js                                  [39m[1m[2m    8.95 kB[22m[1m[22m[2m │ gzip:   3.17 kB[22m
2026-08-14T13:16:50.5730576Z [2mpublic/build-inertia/[22m[2massets/[22m[36mServiceOrderKanbanCard-Bk20_sNi.js                    [39m[1m[2m    8.96 kB[22m[1m[22m[2m │ gzip:   3.23 kB[22m
2026-08-14T13:16:50.5732515Z [2mpublic/build-inertia/[22m[2massets/[22m[36mSheetNovaCobranca-Di8vKwxR.js                         [39m[1m[2m    8.97 kB[22m[1m[22m[2m │ gzip:   3.35 kB[22m
2026-08-14T13:16:50.5734411Z [2mpublic/build-inertia/[22m[2massets/[22m[36mCobrancaDrawer-Ba7-GpnL.js                            [39m[1m[2m    9.02 kB[22m[1m[22m[2m │ gzip:   3.14 kB[22m
2026-08-14T13:16:50.5736267Z [2mpublic/build-inertia/[22m[2massets/[22m[36mtooltip-BIyVPR_f.js                                   [39m[1m[2m    9.03 kB[22m[1m[22m[2m │ gzip:   3.28 kB[22m
2026-08-14T13:16:50.5768424Z [2mpublic/build-inertia/[22m[2massets/[22m[36mTituloEditSheet-DsxrfNQJ.js                           [39m[1m[2m    9.10 kB[22m[1m[22m[2m │ gzip:   2.68 kB[22m
2026-08-14T13:16:50.5770274Z [2mpublic/build-inertia/[22m[2massets/[22m[36mJanaTemplates-D03CCvpO.js                             [39m[1m[2m    9.11 kB[22m[1m[22m[2m │ gzip:   3.69 kB[22m
2026-08-14T13:16:50.5772136Z [2mpublic/build-inertia/[22m[2massets/[22m[36mConfigurarBoletoSheet-DEMI8rZc.js                     [39m[1m[2m    9.16 kB[22m[1m[22m[2m │ gzip:   2.87 kB[22m
2026-08-14T13:16:50.5773990Z [2mpublic/build-inertia/[22m[2massets/[22m[36mPolicies-BeVbnI8V.js                                  [39m[1m[2m    9.19 kB[22m[1m[22m[2m │ gzip:   3.93 kB[22m
2026-08-14T13:16:50.5775695Z [2mpublic/build-inertia/[22m[2massets/[22m[36mContatoTab-Dwo_2VGN.js                                [39m[1m[2m    9.23 kB[22m[1m[22m[2m │ gzip:   2.87 kB[22m
2026-08-14T13:16:50.5777535Z [2mpublic/build-inertia/[22m[2massets/[22m[36mIndex-CtC3lfSt.js                                     [39m[1m[2m    9.25 kB[22m[1m[22m[2m │ gzip:   3.24 kB[22m
2026-08-14T13:16:50.5779316Z [2mpublic/build-inertia/[22m[2massets/[22m[36mEdit-BoCCTc-P.js                                      [39m[1m[2m    9.26 kB[22m[1m[22m[2m │ gzip:   3.19 kB[22m
2026-08-14T13:16:50.5781052Z [2mpublic/build-inertia/[22m[2massets/[22m[36mNfe-D97vpQee.js                                       [39m[1m[2m    9.27 kB[22m[1m[22m[2m │ gzip:   3.56 kB[22m
2026-08-14T13:16:50.5782789Z [2mpublic/build-inertia/[22m[2massets/[22m[36mLedger-DYMcp2jp.js                                    [39m[1m[2m    9.32 kB[22m[1m[22m[2m │ gzip:   3.16 kB[22m
2026-08-14T13:16:50.5784497Z [2mpublic/build-inertia/[22m[2massets/[22m[36mRegraForm-BZ2OtvMO.js                                 [39m[1m[2m    9.37 kB[22m[1m[22m[2m │ gzip:   3.29 kB[22m
2026-08-14T13:16:50.5786531Z [2mpublic/build-inertia/[22m[2massets/[22m[36mIndex-7AhsnPq-.js                                     [39m[1m[2m    9.39 kB[22m[1m[22m[2m │ gzip:   3.27 kB[22m
2026-08-14T13:16:50.5788452Z [2mpublic/build-inertia/[22m[2massets/[22m[36mSped-D_UyQaQT.js                                      [39m[1m[2m    9.45 kB[22m[1m[22m[2m │ gzip:   3.35 kB[22m
2026-08-14T13:16:50.5790189Z [2mpublic/build-inertia/[22m[2massets/[22m[36mIndex-D5A3yL7O.js                                     [39m[1m[2m    9.59 kB[22m[1m[22m[2m │ gzip:   3.53 kB[22m
2026-08-14T13:16:50.5791956Z [2mpublic/build-inertia/[22m[2massets/[22m[36mCreate-DktfbV-W.js                                    [39m[1m[2m    9.62 kB[22m[1m[22m[2m │ gzip:   3.78 kB[22m
2026-08-14T13:16:50.5793706Z [2mpublic/build-inertia/[22m[2massets/[22m[36mEdit-BHLtvazC.js                                      [39m[1m[2m    9.64 kB[22m[1m[22m[2m │ gzip:   3.79 kB[22m
2026-08-14T13:16:50.5795471Z [2mpublic/build-inertia/[22m[2massets/[22m[36mDashboard-NCg5ibN8.js                                 [39m[1m[2m    9.70 kB[22m[1m[22m[2m │ gzip:   3.81 kB[22m
2026-08-14T13:16:50.5827522Z [2mpublic/build-inertia/[22m[2massets/[22m[36mShow-CfpA9GzQ.js                                      [39m[1m[2m    9.73 kB[22m[1m[22m[2m │ gzip:   3.88 kB[22m
2026-08-14T13:16:50.5829685Z [2mpublic/build-inertia/[22m[2massets/[22m[36mSellingPrices-DrwyRXID.js                             [39m[1m[2m    9.77 kB[22m[1m[22m[2m │ gzip:   3.78 kB[22m
2026-08-14T13:16:50.5831489Z [2mpublic/build-inertia/[22m[2massets/[22m[36mConfigDefault-BuQ91-Ku.js                             [39m[1m[2m    9.79 kB[22m[1m[22m[2m │ gzip:   3.55 kB[22m
2026-08-14T13:16:50.5833283Z [2mpublic/build-inertia/[22m[2massets/[22m[36mEnderecosEntregaList-RYMcgxun.js                      [39m[1m[2m    9.80 kB[22m[1m[22m[2m │ gzip:   3.18 kB[22m
2026-08-14T13:16:50.5835071Z [2mpublic/build-inertia/[22m[2massets/[22m[36mShow-Cc-v0szK.js                                      [39m[1m[2m    9.80 kB[22m[1m[22m[2m │ gzip:   3.06 kB[22m
2026-08-14T13:16:50.5836764Z [2mpublic/build-inertia/[22m[2massets/[22m[36mImportCsv-CrPYODGY.js                                 [39m[1m[2m    9.83 kB[22m[1m[22m[2m │ gzip:   3.45 kB[22m
2026-08-14T13:16:50.5838672Z [2mpublic/build-inertia/[22m[2massets/[22m[36mTaskDrawer-D3DfoAYA.js                                [39m[1m[2m    9.83 kB[22m[1m[22m[2m │ gzip:   3.20 kB[22m
2026-08-14T13:16:50.5840440Z [2mpublic/build-inertia/[22m[2massets/[22m[36mEnderecoTab-VtO0F-lO.js                               [39m[1m[2m    9.93 kB[22m[1m[22m[2m │ gzip:   3.46 kB[22m
2026-08-14T13:16:50.5842172Z [2mpublic/build-inertia/[22m[2massets/[22m[36mEdit-6CcojE73.js                                      [39m[1m[2m   10.00 kB[22m[1m[22m[2m │ gzip:   3.96 kB[22m
2026-08-14T13:16:50.5843940Z [2mpublic/build-inertia/[22m[2massets/[22m[36mForjaHandoffs-DN5M94kU.js                             [39m[1m[2m   10.01 kB[22m[1m[22m[2m │ gzip:   3.53 kB[22m
2026-08-14T13:16:50.5845730Z [2mpublic/build-inertia/[22m[2massets/[22m[36mFiscalSection-B39y6PWy.js                             [39m[1m[2m   10.02 kB[22m[1m[22m[2m │ gzip:   3.61 kB[22m
2026-08-14T13:16:50.5847691Z [2mpublic/build-inertia/[22m[2massets/[22m[36mIndex-CfkW2qPJ.js                                     [39m[1m[2m   10.13 kB[22m[1m[22m[2m │ gzip:   3.95 kB[22m
2026-08-14T13:16:50.5849491Z [2mpublic/build-inertia/[22m[2massets/[22m[36mShow-MMmjsfxz.js                                      [39m[1m[2m   10.14 kB[22m[1m[22m[2m │ gzip:   4.00 kB[22m
2026-08-14T13:16:50.5851309Z [2mpublic/build-inertia/[22m[2massets/[22m[36mCreate-CecZXDK8.js                                    [39m[1m[2m   10.22 kB[22m[1m[22m[2m │ gzip:   3.73 kB[22m
2026-08-14T13:16:50.5853102Z [2mpublic/build-inertia/[22m[2massets/[22m[36mEdit-Bg4P9mXH.js                                      [39m[1m[2m   10.29 kB[22m[1m[22m[2m │ gzip:   3.34 kB[22m
2026-08-14T13:16:50.5855074Z [2mpublic/build-inertia/[22m[2massets/[22m[36mIndex-m0Q6lgKL.js                                     [39m[1m[2m   10.35 kB[22m[1m[22m[2m │ gzip:   4.04 kB[22m
2026-08-14T13:16:50.5877920Z [2mpublic/build-inertia/[22m[2massets/[22m[36mIndex-Cj6WUp4_.js                                     [39m[1m[2m   10.35 kB[22m[1m[22m[2m │ gzip:   4.31 kB[22m
2026-08-14T13:16:50.5879922Z [2mpublic/build-inertia/[22m[2massets/[22m[36museQuery-BGNADLyf.js                                  [39m[1m[2m   10.47 kB[22m[1m[22m[2m │ gzip:   3.71 kB[22m
2026-08-14T13:16:50.5881747Z [2mpublic/build-inertia/[22m[2massets/[22m[36mIndex-CxeoQEOB.js                                     [39m[1m[2m   10.47 kB[22m[1m[22m[2m │ gzip:   4.17 kB[22m
2026-08-14T13:16:50.5883572Z [2mpublic/build-inertia/[22m[2massets/[22m[36mIndex-BmbLiA8q.js                                     [39m[1m[2m   10.49 kB[22m[1m[22m[2m │ gzip:   4.16 kB[22m
2026-08-14T13:16:50.5885382Z [2mpublic/build-inertia/[22m[2massets/[22m[36mDetail-CfCbtzBQ.js                                    [39m[1m[2m   10.53 kB[22m[1m[22m[2m │ gzip:   4.06 kB[22m
2026-08-14T13:16:50.5887586Z [2mpublic/build-inertia/[22m[2massets/[22m[36mIndex-Bfb5SBIW.js                                     [39m[1m[2m   10.53 kB[22m[1m[22m[2m │ gzip:   4.16 kB[22m
2026-08-14T13:16:50.5889453Z [2mpublic/build-inertia/[22m[2massets/[22m[36mIndex-l2UWR4B_.js                                     [39m[1m[2m   10.68 kB[22m[1m[22m[2m │ gzip:   3.71 kB[22m
2026-08-14T13:16:50.5891316Z [2mpublic/build-inertia/[22m[2massets/[22m[36mSalesTab-C8MzFzZh.js                                  [39m[1m[2m   10.70 kB[22m[1m[22m[2m │ gzip:   3.67 kB[22m
2026-08-14T13:16:50.5893176Z [2mpublic/build-inertia/[22m[2massets/[22m[36mLedgerTab-CdplbKLq.js                                 [39m[1m[2m   10.71 kB[22m[1m[22m[2m │ gzip:   3.50 kB[22m
2026-08-14T13:16:50.5895025Z [2mpublic/build-inertia/[22m[2massets/[22m[36mShow-BXBlhdms.js                                      [39m[1m[2m   10.75 kB[22m[1m[22m[2m │ gzip:   4.22 kB[22m
2026-08-14T13:16:50.5896980Z [2mpublic/build-inertia/[22m[2massets/[22m[36mIndex-CKlNT4oO.js                                     [39m[1m[2m   10.75 kB[22m[1m[22m[2m │ gzip:   4.32 kB[22m
2026-08-14T13:16:50.5898786Z [2mpublic/build-inertia/[22m[2massets/[22m[36mIndex-DHp0_R5T.js                                     [39m[1m[2m   10.82 kB[22m[1m[22m[2m │ gzip:   4.29 kB[22m
2026-08-14T13:16:50.5900646Z [2mpublic/build-inertia/[22m[2massets/[22m[36mIndex-Ddt8nLQH.js                                     [39m[1m[2m   10.86 kB[22m[1m[22m[2m │ gzip:   4.32 kB[22m
2026-08-14T13:16:50.5902504Z [2mpublic/build-inertia/[22m[2massets/[22m[36mIndex-B0-N-Fmy.js                                     [39m[1m[2m   10.93 kB[22m[1m[22m[2m │ gzip:   4.56 kB[22m
2026-08-14T13:16:50.5904392Z [2mpublic/build-inertia/[22m[2massets/[22m[36mIndex-Up9CGdv9.js                                     [39m[1m[2m   11.08 kB[22m[1m[22m[2m │ gzip:   4.20 kB[22m
2026-08-14T13:16:50.5906301Z [2mpublic/build-inertia/[22m[2massets/[22m[36mTriageDossier-ISEb_2-_.js                             [39m[1m[2m   11.12 kB[22m[1m[22m[2m │ gzip:   3.55 kB[22m
2026-08-14T13:16:50.5948596Z [2mpublic/build-inertia/[22m[2massets/[22m[36mEntregaFrete-CC7keTRk.js                              [39m[1m[2m   11.13 kB[22m[1m[22m[2m │ gzip:   3.84 kB[22m
2026-08-14T13:16:50.5950528Z [2mpublic/build-inertia/[22m[2massets/[22m[36mIndex-BODudBGH.js                                     [39m[1m[2m   11.17 kB[22m[1m[22m[2m │ gzip:   4.28 kB[22m
2026-08-14T13:16:50.5952435Z [2mpublic/build-inertia/[22m[2massets/[22m[36mPaymentRow-C3kx5H0d.js                                [39m[1m[2m   11.17 kB[22m[1m[22m[2m │ gzip:   2.95 kB[22m
2026-08-14T13:16:50.5954651Z [2mpublic/build-inertia/[22m[2massets/[22m[36mItemDetalhe-Dzjtxtrx.js                               [39m[1m[2m   11.23 kB[22m[1m[22m[2m │ gzip:   4.15 kB[22m
2026-08-14T13:16:50.5956579Z [2mpublic/build-inertia/[22m[2massets/[22m[36mDriftAlerts-BqoWIcsc.js                               [39m[1m[2m   11.24 kB[22m[1m[22m[2m │ gzip:   4.35 kB[22m
2026-08-14T13:16:50.5958684Z [2mpublic/build-inertia/[22m[2massets/[22m[36mForjaDossier-D7UVDz8o.js                              [39m[1m[2m   11.24 kB[22m[1m[22m[2m │ gzip:   3.57 kB[22m
2026-08-14T13:16:50.5960587Z [2mpublic/build-inertia/[22m[2massets/[22m[36mGraph-BAAiXJEN.js                                     [39m[1m[2m   11.25 kB[22m[1m[22m[2m │ gzip:   4.57 kB[22m
2026-08-14T13:16:50.5962552Z [2mpublic/build-inertia/[22m[2massets/[22m[36mIndex-D-Qp0_s_.js                                     [39m[1m[2m   11.27 kB[22m[1m[22m[2m │ gzip:   4.44 kB[22m
2026-08-14T13:16:50.5964709Z [2mpublic/build-inertia/[22m[2massets/[22m[36mLancarItem-CeHoiBfX.js                                [39m[1m[2m   11.27 kB[22m[1m[22m[2m │ gzip:   3.80 kB[22m
2026-08-14T13:16:50.5967030Z [2mpublic/build-inertia/[22m[2massets/[22m[36mNfceStatus-fAHsH_Ks.js                                [39m[1m[2m   11.27 kB[22m[1m[22m[2m │ gzip:   4.58 kB[22m
2026-08-14T13:16:50.5969411Z [2mpublic/build-inertia/[22m[2massets/[22m[36mProjects-C6m8OS7G.js                                  [39m[1m[2m   11.29 kB[22m[1m[22m[2m │ gzip:   4.67 kB[22m
2026-08-14T13:16:50.5971562Z [2mpublic/build-inertia/[22m[2massets/[22m[36mIndex-Nfs_NzEw.js                                     [39m[1m[2m   11.33 kB[22m[1m[22m[2m │ gzip:   4.51 kB[22m
2026-08-14T13:16:50.5973695Z [2mpublic/build-inertia/[22m[2massets/[22m[36mCreate-Mjq_rof0.js                                    [39m[1m[2m   11.37 kB[22m[1m[22m[2m │ gzip:   3.49 kB[22m
2026-08-14T13:16:50.5975543Z [2mpublic/build-inertia/[22m[2massets/[22m[36mIndex-B_uhI_M3.js                                     [39m[1m[2m   11.43 kB[22m[1m[22m[2m │ gzip:   3.83 kB[22m
2026-08-14T13:16:50.6007782Z [2mpublic/build-inertia/[22m[2massets/[22m[36mCreate-hkuIVAkt.js                                    [39m[1m[2m   11.44 kB[22m[1m[22m[2m │ gzip:   4.26 kB[22m
2026-08-14T13:16:50.6009677Z [2mpublic/build-inertia/[22m[2massets/[22m[36mCreate-ltRd1z8Y.js                                    [39m[1m[2m   11.45 kB[22m[1m[22m[2m │ gzip:   3.66 kB[22m
2026-08-14T13:16:50.6011424Z [2mpublic/build-inertia/[22m[2massets/[22m[36mEdit-zaQCZKg4.js                                      [39m[1m[2m   11.47 kB[22m[1m[22m[2m │ gzip:   3.65 kB[22m
2026-08-14T13:16:50.6013161Z [2mpublic/build-inertia/[22m[2massets/[22m[36mAudit-Bsii7TZy.js                                     [39m[1m[2m   11.52 kB[22m[1m[22m[2m │ gzip:   4.30 kB[22m
2026-08-14T13:16:50.6014906Z [2mpublic/build-inertia/[22m[2massets/[22m[36mReps-CvwonnIA.js                                      [39m[1m[2m   11.53 kB[22m[1m[22m[2m │ gzip:   4.40 kB[22m
2026-08-14T13:16:50.6016717Z [2mpublic/build-inertia/[22m[2massets/[22m[36mCaptureFeedbackSheet-DE8ksvUn.js                      [39m[1m[2m   11.58 kB[22m[1m[22m[2m │ gzip:   4.12 kB[22m
2026-08-14T13:16:50.6018740Z [2mpublic/build-inertia/[22m[2massets/[22m[36mClassificacaoTab-CYVm_ZFh.js                          [39m[1m[2m   11.63 kB[22m[1m[22m[2m │ gzip:   3.63 kB[22m
2026-08-14T13:16:50.6020527Z [2mpublic/build-inertia/[22m[2massets/[22m[36mDrawer-QbpB2O0H.js                                    [39m[1m[2m   11.69 kB[22m[1m[22m[2m │ gzip:   3.12 kB[22m
2026-08-14T13:16:50.6022284Z [2mpublic/build-inertia/[22m[2massets/[22m[36mIndex-DL0Eq0U-.js                                     [39m[1m[2m   11.69 kB[22m[1m[22m[2m │ gzip:   4.72 kB[22m
2026-08-14T13:16:50.6024143Z [2mpublic/build-inertia/[22m[2massets/[22m[36mIndex-DDeMJ2ZU.js                                     [39m[1m[2m   11.83 kB[22m[1m[22m[2m │ gzip:   4.64 kB[22m
2026-08-14T13:16:50.6025904Z [2mpublic/build-inertia/[22m[2massets/[22m[36mQuotations-TcYR-iGq.js                                [39m[1m[2m   11.84 kB[22m[1m[22m[2m │ gzip:   4.75 kB[22m
2026-08-14T13:16:50.6027899Z [2mpublic/build-inertia/[22m[2massets/[22m[36mIndex-Dd-nbbcg.js                                     [39m[1m[2m   11.84 kB[22m[1m[22m[2m │ gzip:   4.54 kB[22m
2026-08-14T13:16:50.6029665Z [2mpublic/build-inertia/[22m[2massets/[22m[36mIndex-DGvC6nGD.js                                     [39m[1m[2m   11.85 kB[22m[1m[22m[2m │ gzip:   4.87 kB[22m
2026-08-14T13:16:50.6031481Z [2mpublic/build-inertia/[22m[2massets/[22m[36mPricing-9CLIlONH.js                                   [39m[1m[2m   11.86 kB[22m[1m[22m[2m │ gzip:   4.47 kB[22m
2026-08-14T13:16:50.6033393Z [2mpublic/build-inertia/[22m[2massets/[22m[36mDrawerCobranca-CupA6yP4.js                            [39m[1m[2m   11.88 kB[22m[1m[22m[2m │ gzip:   3.48 kB[22m
2026-08-14T13:16:50.6035457Z [2mpublic/build-inertia/[22m[2massets/[22m[36mProductSearchAutocomplete-D60Q8G0L.js                 [39m[1m[2m   11.93 kB[22m[1m[22m[2m │ gzip:   4.08 kB[22m
2026-08-14T13:16:50.6038324Z [2mpublic/build-inertia/[22m[2massets/[22m[36mIndex-CWowL8tH.js                                     [39m[1m[2m   11.99 kB[22m[1m[22m[2m │ gzip:   4.70 kB[22m
2026-08-14T13:16:50.6040318Z [2mpublic/build-inertia/[22m[2massets/[22m[36mShow-DqfZQNDk.js                                      [39m[1m[2m   12.02 kB[22m[1m[22m[2m │ gzip:   4.80 kB[22m
2026-08-14T13:16:50.6042274Z [2mpublic/build-inertia/[22m[2massets/[22m[36mDrafts-CNa2I1vP.js                                    [39m[1m[2m   12.09 kB[22m[1m[22m[2m │ gzip:   4.85 kB[22m
2026-08-14T13:16:50.6044247Z [2mpublic/build-inertia/[22m[2massets/[22m[36mInboxGuiaDialog-BKOAYqLy.js                           [39m[1m[2m   12.09 kB[22m[1m[22m[2m │ gzip:   4.21 kB[22m
2026-08-14T13:16:50.6046205Z [2mpublic/build-inertia/[22m[2massets/[22m[36mIndex-Ci-q6VvL.js                                     [39m[1m[2m   12.12 kB[22m[1m[22m[2m │ gzip:   4.60 kB[22m
2026-08-14T13:16:50.6048369Z [2mpublic/build-inertia/[22m[2massets/[22m[36mIndex-CjMnZ0az.js                                     [39m[1m[2m   12.13 kB[22m[1m[22m[2m │ gzip:   4.87 kB[22m
2026-08-14T13:16:50.6050283Z [2mpublic/build-inertia/[22m[2massets/[22m[36mIndex-K7YJMY34.js                                     [39m[1m[2m   12.17 kB[22m[1m[22m[2m │ gzip:   5.12 kB[22m
2026-08-14T13:16:50.6052206Z [2mpublic/build-inertia/[22m[2massets/[22m[36mIndex-BUeoMgR7.js                                     [39m[1m[2m   12.26 kB[22m[1m[22m[2m │ gzip:   4.85 kB[22m
2026-08-14T13:16:50.6054161Z [2mpublic/build-inertia/[22m[2massets/[22m[36mStockHistory-DYn8wFk9.js                              [39m[1m[2m   12.40 kB[22m[1m[22m[2m │ gzip:   4.88 kB[22m
2026-08-14T13:16:50.6056399Z [2mpublic/build-inertia/[22m[2massets/[22m[36mIndex-Bw8_oRCh.js                                     [39m[1m[2m   12.45 kB[22m[1m[22m[2m │ gzip:   4.69 kB[22m
2026-08-14T13:16:50.6057849Z [2mpublic/build-inertia/[22m[2massets/[22m[36mNotaDrawer-CUIqt8JP.js                                [39m[1m[2m   12.50 kB[22m[1m[22m[2m │ gzip:   4.11 kB[22m
2026-08-14T13:16:50.6059010Z [2mpublic/build-inertia/[22m[2massets/[22m[36mProjectShow-DZ89LTg_.js                               [39m[1m[2m   12.57 kB[22m[1m[22m[2m │ gzip:   4.90 kB[22m
2026-08-14T13:16:50.6060245Z [2mpublic/build-inertia/[22m[2massets/[22m[36mIndex-D2BEzgTC.js                                     [39m[1m[2m   12.66 kB[22m[1m[22m[2m │ gzip:   4.55 kB[22m
2026-08-14T13:16:50.6061380Z [2mpublic/build-inertia/[22m[2massets/[22m[36mIndex-CNW2YxML.js                                     [39m[1m[2m   12.66 kB[22m[1m[22m[2m │ gzip:   4.95 kB[22m
2026-08-14T13:16:50.6062767Z [2mpublic/build-inertia/[22m[2massets/[22m[36mIndex-DlqhWDxj.js                                     [39m[1m[2m   12.71 kB[22m[1m[22m[2m │ gzip:   4.14 kB[22m
2026-08-14T13:16:50.6063900Z [2mpublic/build-inertia/[22m[2massets/[22m[36mIndex-moUPejjW.js                                     [39m[1m[2m   12.77 kB[22m[1m[22m[2m │ gzip:   4.96 kB[22m
2026-08-14T13:16:50.6065004Z [2mpublic/build-inertia/[22m[2massets/[22m[36mShow-BGVDsW-C.js                                      [39m[1m[2m   12.78 kB[22m[1m[22m[2m │ gzip:   4.48 kB[22m
2026-08-14T13:16:50.6066090Z [2mpublic/build-inertia/[22m[2massets/[22m[36mIndex-BgF296tl.js                                     [39m[1m[2m   12.94 kB[22m[1m[22m[2m │ gzip:   4.33 kB[22m
2026-08-14T13:16:50.6067432Z [2mpublic/build-inertia/[22m[2massets/[22m[36mEdit-CNd8JFYa.js                                      [39m[1m[2m   12.96 kB[22m[1m[22m[2m │ gzip:   4.43 kB[22m
2026-08-14T13:16:50.6068547Z [2mpublic/build-inertia/[22m[2massets/[22m[36mShow-D6OhcdTD.js                                      [39m[1m[2m   13.02 kB[22m[1m[22m[2m │ gzip:   5.12 kB[22m
2026-08-14T13:16:50.6069663Z [2mpublic/build-inertia/[22m[2massets/[22m[36mSubscriptions-DjzI92nj.js                             [39m[1m[2m   13.08 kB[22m[1m[22m[2m │ gzip:   5.23 kB[22m
2026-08-14T13:16:50.6070939Z [2mpublic/build-inertia/[22m[2massets/[22m[36mIndex-_J5Q_gFp.js                                     [39m[1m[2m   13.15 kB[22m[1m[22m[2m │ gzip:   4.88 kB[22m
2026-08-14T13:16:50.6072057Z [2mpublic/build-inertia/[22m[2massets/[22m[36mMemoria-DoPcx6ez.js                                   [39m[1m[2m   13.20 kB[22m[1m[22m[2m │ gzip:   5.22 kB[22m
2026-08-14T13:16:50.6073149Z [2mpublic/build-inertia/[22m[2massets/[22m[36mShow-C8XpIP1C.js                                      [39m[1m[2m   13.23 kB[22m[1m[22m[2m │ gzip:   4.82 kB[22m
2026-08-14T13:16:50.6074245Z [2mpublic/build-inertia/[22m[2massets/[22m[36mIndex-DMAe5ZM-.js                                     [39m[1m[2m   13.26 kB[22m[1m[22m[2m │ gzip:   5.03 kB[22m
2026-08-14T13:16:50.6075313Z [2mpublic/build-inertia/[22m[2massets/[22m[36mTools-CSgxaG-k.js                                     [39m[1m[2m   13.28 kB[22m[1m[22m[2m │ gzip:   5.32 kB[22m
2026-08-14T13:16:50.6076659Z [2mpublic/build-inertia/[22m[2massets/[22m[36mIndex-DY7Qkgs2.js                                     [39m[1m[2m   13.33 kB[22m[1m[22m[2m │ gzip:   5.08 kB[22m
2026-08-14T13:16:50.6078314Z [2mpublic/build-inertia/[22m[2massets/[22m[36mvault-By86GUUe.js                                     [39m[1m[2m   13.33 kB[22m[1m[22m[2m │ gzip:   3.04 kB[22m
2026-08-14T13:16:50.6080106Z [2mpublic/build-inertia/[22m[2massets/[22m[36mNotaDrawerV2-CWqUpqCz.js                              [39m[1m[2m   13.38 kB[22m[1m[22m[2m │ gzip:   4.50 kB[22m
2026-08-14T13:16:50.6081945Z [2mpublic/build-inertia/[22m[2massets/[22m[36mIndex-gLRVMKsE.js                                     [39m[1m[2m   13.40 kB[22m[1m[22m[2m │ gzip:   4.28 kB[22m
2026-08-14T13:16:50.6083757Z [2mpublic/build-inertia/[22m[2massets/[22m[36mTeamScopes-TX18t_wu.js                                [39m[1m[2m   13.46 kB[22m[1m[22m[2m │ gzip:   5.06 kB[22m
2026-08-14T13:16:50.6085680Z [2mpublic/build-inertia/[22m[2massets/[22m[36mConversationThreadV4-CsRieuhZ.js                      [39m[1m[2m   13.55 kB[22m[1m[22m[2m │ gzip:   4.90 kB[22m
2026-08-14T13:16:50.6087806Z [2mpublic/build-inertia/[22m[2massets/[22m[36mConversationSidebar-BWC4lnkK.js                       [39m[1m[2m   13.67 kB[22m[1m[22m[2m │ gzip:   4.17 kB[22m
2026-08-14T13:16:50.6089686Z [2mpublic/build-inertia/[22m[2massets/[22m[36mShow-CQLIXS9N.js                                      [39m[1m[2m   13.80 kB[22m[1m[22m[2m │ gzip:   4.83 kB[22m
2026-08-14T13:16:50.6091873Z [2mpublic/build-inertia/[22m[2massets/[22m[36mIndex-IYW0BukV.js                                     [39m[1m[2m   13.83 kB[22m[1m[22m[2m │ gzip:   5.34 kB[22m
2026-08-14T13:16:50.6093108Z [2mpublic/build-inertia/[22m[2massets/[22m[36mSettings-DE9uNTeZ.js                                  [39m[1m[2m   13.83 kB[22m[1m[22m[2m │ gzip:   5.55 kB[22m
2026-08-14T13:16:50.6094264Z [2mpublic/build-inertia/[22m[2massets/[22m[36mIndex-pWXrfknJ.js                                     [39m[1m[2m   13.91 kB[22m[1m[22m[2m │ gzip:   4.90 kB[22m
2026-08-14T13:16:50.6095390Z [2mpublic/build-inertia/[22m[2massets/[22m[36mIndex-DTibMKnm.js                                     [39m[1m[2m   13.92 kB[22m[1m[22m[2m │ gzip:   5.20 kB[22m
2026-08-14T13:16:50.6096541Z [2mpublic/build-inertia/[22m[2massets/[22m[36mInteractiveMessageDialog-Cz65lf9g.js                  [39m[1m[2m   13.93 kB[22m[1m[22m[2m │ gzip:   4.11 kB[22m
2026-08-14T13:16:50.6097944Z [2mpublic/build-inertia/[22m[2massets/[22m[36mDviInlineEditor-CPLlmygN.js                           [39m[1m[2m   13.99 kB[22m[1m[22m[2m │ gzip:   4.73 kB[22m
2026-08-14T13:16:50.6099133Z [2mpublic/build-inertia/[22m[2massets/[22m[36mConversationList-BhyBXUCR.js                          [39m[1m[2m   14.10 kB[22m[1m[22m[2m │ gzip:   4.57 kB[22m
2026-08-14T13:16:50.6100416Z [2mpublic/build-inertia/[22m[2massets/[22m[36mCustos-BWFBmNM3.js                                    [39m[1m[2m   14.10 kB[22m[1m[22m[2m │ gzip:   5.37 kB[22m
2026-08-14T13:16:50.6101516Z [2mpublic/build-inertia/[22m[2massets/[22m[36mIndex-BJlJNAVh.js                                     [39m[1m[2m   14.13 kB[22m[1m[22m[2m │ gzip:   4.87 kB[22m
2026-08-14T13:16:50.6102602Z [2mpublic/build-inertia/[22m[2massets/[22m[36mIndex-C1K1LQRF.js                                     [39m[1m[2m   14.16 kB[22m[1m[22m[2m │ gzip:   5.04 kB[22m
2026-08-14T13:16:50.6103701Z [2mpublic/build-inertia/[22m[2massets/[22m[36mContador-ld4wkF8k.js                                  [39m[1m[2m   14.21 kB[22m[1m[22m[2m │ gzip:   5.19 kB[22m
2026-08-14T13:16:50.6104803Z [2mpublic/build-inertia/[22m[2massets/[22m[36mVariants-5BgbZT5Z.js                                  [39m[1m[2m   14.29 kB[22m[1m[22m[2m │ gzip:   5.21 kB[22m
2026-08-14T13:16:50.6105885Z [2mpublic/build-inertia/[22m[2massets/[22m[36mShow-hhYgltGz.js                                      [39m[1m[2m   14.30 kB[22m[1m[22m[2m │ gzip:   5.40 kB[22m
2026-08-14T13:16:50.6107214Z [2mpublic/build-inertia/[22m[2massets/[22m[36mServiceOrderRichSheet-DnaiJhcz.js                     [39m[1m[2m   14.37 kB[22m[1m[22m[2m │ gzip:   5.23 kB[22m
2026-08-14T13:16:50.6108355Z [2mpublic/build-inertia/[22m[2massets/[22m[36mIndex-C6Nv3Zrq.js                                     [39m[1m[2m   14.41 kB[22m[1m[22m[2m │ gzip:   5.18 kB[22m
2026-08-14T13:16:50.6109435Z [2mpublic/build-inertia/[22m[2massets/[22m[36mIndex-C7gfQKFe.js                                     [39m[1m[2m   14.43 kB[22m[1m[22m[2m │ gzip:   5.48 kB[22m
2026-08-14T13:16:50.6110525Z [2mpublic/build-inertia/[22m[2massets/[22m[36mIndex-DKD-ZdM8.js                                     [39m[1m[2m   14.47 kB[22m[1m[22m[2m │ gzip:   5.89 kB[22m
2026-08-14T13:16:50.6111631Z [2mpublic/build-inertia/[22m[2massets/[22m[36mParcelasDrawer-BKK-aF0Q.js                            [39m[1m[2m   14.48 kB[22m[1m[22m[2m │ gzip:   5.64 kB[22m
2026-08-14T13:16:50.6112741Z [2mpublic/build-inertia/[22m[2massets/[22m[36mCreate-BNgF6eU-.js                                    [39m[1m[2m   14.48 kB[22m[1m[22m[2m │ gzip:   5.20 kB[22m
2026-08-14T13:16:50.6113839Z [2mpublic/build-inertia/[22m[2massets/[22m[36mCnabRetorno-Dbs8aiil.js                               [39m[1m[2m   14.53 kB[22m[1m[22m[2m │ gzip:   5.38 kB[22m
2026-08-14T13:16:50.6114925Z [2mpublic/build-inertia/[22m[2massets/[22m[36mEdit-CRQtWw0C.js                                      [39m[1m[2m   14.58 kB[22m[1m[22m[2m │ gzip:   4.95 kB[22m
2026-08-14T13:16:50.6116193Z [2mpublic/build-inertia/[22m[2massets/[22m[36mCreate-Dd-QTcGf.js                                    [39m[1m[2m   14.62 kB[22m[1m[22m[2m │ gzip:   5.11 kB[22m
2026-08-14T13:16:50.6117389Z [2mpublic/build-inertia/[22m[2massets/[22m[36mIndex-CfdfqeIt.js                                     [39m[1m[2m   14.62 kB[22m[1m[22m[2m │ gzip:   4.84 kB[22m
2026-08-14T13:16:50.6118471Z [2mpublic/build-inertia/[22m[2massets/[22m[36mIndex-ClLUKDU0.js                                     [39m[1m[2m   14.65 kB[22m[1m[22m[2m │ gzip:   5.09 kB[22m
2026-08-14T13:16:50.6119563Z [2mpublic/build-inertia/[22m[2massets/[22m[36mIndex-C3ADOXyc.js                                     [39m[1m[2m   14.80 kB[22m[1m[22m[2m │ gzip:   5.45 kB[22m
2026-08-14T13:16:50.6120644Z [2mpublic/build-inertia/[22m[2massets/[22m[36mcommand-Cs7s6tQT.js                                   [39m[1m[2m   14.97 kB[22m[1m[22m[2m │ gzip:   5.58 kB[22m
2026-08-14T13:16:50.6121730Z [2mpublic/build-inertia/[22m[2massets/[22m[36mIndex-CnRUBtCd.js                                     [39m[1m[2m   14.97 kB[22m[1m[22m[2m │ gzip:   5.23 kB[22m
2026-08-14T13:16:50.6122805Z [2mpublic/build-inertia/[22m[2massets/[22m[36mCreate-DDiydNpD.js                                    [39m[1m[2m   15.17 kB[22m[1m[22m[2m │ gzip:   5.32 kB[22m
2026-08-14T13:16:50.6124034Z [2mpublic/build-inertia/[22m[2massets/[22m[36mPro-Cor8IWLO.js                                       [39m[1m[2m   15.52 kB[22m[1m[22m[2m │ gzip:   4.95 kB[22m
2026-08-14T13:16:50.6125131Z [2mpublic/build-inertia/[22m[2massets/[22m[36mAddParts-DhtdNtCm.js                                  [39m[1m[2m   15.56 kB[22m[1m[22m[2m │ gzip:   6.07 kB[22m
2026-08-14T13:16:50.6126259Z [2mpublic/build-inertia/[22m[2massets/[22m[36mConversationListV4-CukLAkS8.js                        [39m[1m[2m   15.63 kB[22m[1m[22m[2m │ gzip:   5.05 kB[22m
2026-08-14T13:16:50.6127635Z [2mpublic/build-inertia/[22m[2massets/[22m[36mIndex-DHMmaTam.js                                     [39m[1m[2m   15.66 kB[22m[1m[22m[2m │ gzip:   6.12 kB[22m
2026-08-14T13:16:50.6128724Z [2mpublic/build-inertia/[22m[2massets/[22m[36mIndex-D3_q3x_Y.js                                     [39m[1m[2m   15.74 kB[22m[1m[22m[2m │ gzip:   5.15 kB[22m
2026-08-14T13:16:50.6129812Z [2mpublic/build-inertia/[22m[2massets/[22m[36mCreate-BU6VXMd0.js                                    [39m[1m[2m   15.83 kB[22m[1m[22m[2m │ gzip:   5.30 kB[22m
2026-08-14T13:16:50.6130925Z [2mpublic/build-inertia/[22m[2massets/[22m[36mIndex-CVZLhqFh.js                                     [39m[1m[2m   15.93 kB[22m[1m[22m[2m │ gzip:   5.77 kB[22m
2026-08-14T13:16:50.6132034Z [2mpublic/build-inertia/[22m[2massets/[22m[36mcobranca-shared-Cn4_Z8wD.js                           [39m[1m[2m   16.03 kB[22m[1m[22m[2m │ gzip:   4.85 kB[22m
2026-08-14T13:16:50.6133137Z [2mpublic/build-inertia/[22m[2massets/[22m[36mIndex-BSU_hNNv.js                                     [39m[1m[2m   16.07 kB[22m[1m[22m[2m │ gzip:   5.41 kB[22m
2026-08-14T13:16:50.6134209Z [2mpublic/build-inertia/[22m[2massets/[22m[36mIndex-CVAj7o22.js                                     [39m[1m[2m   16.29 kB[22m[1m[22m[2m │ gzip:   5.55 kB[22m
2026-08-14T13:16:50.6135340Z [2mpublic/build-inertia/[22m[2massets/[22m[36mIdentificacaoTab-CxDrMBVT.js                          [39m[1m[2m   16.35 kB[22m[1m[22m[2m │ gzip:   5.23 kB[22m
2026-08-14T13:16:50.6136473Z [2mpublic/build-inertia/[22m[2massets/[22m[36mNodeReader-DDIpXKNN.js                                [39m[1m[2m   16.35 kB[22m[1m[22m[2m │ gzip:   4.84 kB[22m
2026-08-14T13:16:50.6137678Z [2mpublic/build-inertia/[22m[2massets/[22m[36mIndex-BfSw7M7m.js                                     [39m[1m[2m   16.44 kB[22m[1m[22m[2m │ gzip:   5.69 kB[22m
2026-08-14T13:16:50.6164049Z [2mpublic/build-inertia/[22m[2massets/[22m[36mDfe-DhMWe1p6.js                                       [39m[1m[2m   16.47 kB[22m[1m[22m[2m │ gzip:   5.97 kB[22m
2026-08-14T13:16:50.6165941Z [2mpublic/build-inertia/[22m[2massets/[22m[36mIndex-D3h7l-_A.js                                     [39m[1m[2m   16.66 kB[22m[1m[22m[2m │ gzip:   5.51 kB[22m
2026-08-14T13:16:50.6167448Z [2mpublic/build-inertia/[22m[2massets/[22m[36mindex-Cd-Ld2c6.js                                     [39m[1m[2m   16.68 kB[22m[1m[22m[2m │ gzip:   6.32 kB[22m
2026-08-14T13:16:50.6169184Z [2mpublic/build-inertia/[22m[2massets/[22m[36mIndex-COnQruVJ.js                                     [39m[1m[2m   16.69 kB[22m[1m[22m[2m │ gzip:   5.62 kB[22m
2026-08-14T13:16:50.6170785Z [2mpublic/build-inertia/[22m[2massets/[22m[36mIndex-CvnKQadq.js                                     [39m[1m[2m   16.83 kB[22m[1m[22m[2m │ gzip:   5.18 kB[22m
2026-08-14T13:16:50.6172326Z [2mpublic/build-inertia/[22m[2massets/[22m[36mIndex-Cajc9PhE.js                                     [39m[1m[2m   16.93 kB[22m[1m[22m[2m │ gzip:   6.15 kB[22m
2026-08-14T13:16:50.6173900Z [2mpublic/build-inertia/[22m[2massets/[22m[36mPerfil-B_Bhdh3r.js                                    [39m[1m[2m   16.94 kB[22m[1m[22m[2m │ gzip:   5.48 kB[22m
2026-08-14T13:16:50.6175722Z [2mpublic/build-inertia/[22m[2massets/[22m[36mShow-ByGzuwL_.js                                      [39m[1m[2m   16.95 kB[22m[1m[22m[2m │ gzip:   6.23 kB[22m
2026-08-14T13:16:50.6177467Z [2mpublic/build-inertia/[22m[2massets/[22m[36mIndex-QypbXTwl.js                                     [39m[1m[2m   16.99 kB[22m[1m[22m[2m │ gzip:   6.39 kB[22m
2026-08-14T13:16:50.6179028Z [2mpublic/build-inertia/[22m[2massets/[22m[36mEmitir-DK_WL3Vr.js                                    [39m[1m[2m   17.03 kB[22m[1m[22m[2m │ gzip:   5.59 kB[22m
2026-08-14T13:16:50.6180558Z [2mpublic/build-inertia/[22m[2massets/[22m[36mIndex-D0cSQm_d.js                                     [39m[1m[2m   17.05 kB[22m[1m[22m[2m │ gzip:   6.40 kB[22m
2026-08-14T13:16:50.6182114Z [2mpublic/build-inertia/[22m[2massets/[22m[36mIndex-Cvh9Tu7W.js                                     [39m[1m[2m   17.32 kB[22m[1m[22m[2m │ gzip:   5.76 kB[22m
2026-08-14T13:16:50.6183663Z [2mpublic/build-inertia/[22m[2massets/[22m[36mIndex-qcElTmBy.js                                     [39m[1m[2m   17.43 kB[22m[1m[22m[2m │ gzip:   5.76 kB[22m
2026-08-14T13:16:50.6185216Z [2mpublic/build-inertia/[22m[2massets/[22m[36mIndex-Cnm4YfAB.js                                     [39m[1m[2m   17.60 kB[22m[1m[22m[2m │ gzip:   6.99 kB[22m
2026-08-14T13:16:50.6186940Z [2mpublic/build-inertia/[22m[2massets/[22m[36mCockpit-Cx3P7Wq8.js                                   [39m[1m[2m   17.66 kB[22m[1m[22m[2m │ gzip:   5.99 kB[22m
2026-08-14T13:16:50.6188586Z [2mpublic/build-inertia/[22m[2massets/[22m[36mChat-DKV1JzIG.js                                      [39m[1m[2m   17.72 kB[22m[1m[22m[2m │ gzip:   6.77 kB[22m
2026-08-14T13:16:50.6190165Z [2mpublic/build-inertia/[22m[2massets/[22m[36mShow-DRSaZWGu.js                                      [39m[1m[2m   17.76 kB[22m[1m[22m[2m │ gzip:   5.39 kB[22m
2026-08-14T13:16:50.6191837Z [2mpublic/build-inertia/[22m[2massets/[22m[36mIndex-DF8tK13x.js                                     [39m[1m[2m   17.79 kB[22m[1m[22m[2m │ gzip:   6.09 kB[22m
2026-08-14T13:16:50.6193564Z [2mpublic/build-inertia/[22m[2massets/[22m[36mIndex-OAAg-5Uc.js                                     [39m[1m[2m   17.94 kB[22m[1m[22m[2m │ gzip:   6.60 kB[22m
2026-08-14T13:16:50.6195293Z [2mpublic/build-inertia/[22m[2massets/[22m[36mShow-Cjao2tMp.js                                      [39m[1m[2m   17.97 kB[22m[1m[22m[2m │ gzip:   6.22 kB[22m
2026-08-14T13:16:50.6197171Z [2mpublic/build-inertia/[22m[2massets/[22m[36mIndex-DhQtXPIH.js                                     [39m[1m[2m   18.06 kB[22m[1m[22m[2m │ gzip:   5.25 kB[22m
2026-08-14T13:16:50.6199110Z [2mpublic/build-inertia/[22m[2massets/[22m[36mIndex-BnjKxEvi.js                                     [39m[1m[2m   18.12 kB[22m[1m[22m[2m │ gzip:   6.47 kB[22m
2026-08-14T13:16:50.6206565Z [2mpublic/build-inertia/[22m[2massets/[22m[36mShow-MFvoaulU.js                                      [39m[1m[2m   18.18 kB[22m[1m[22m[2m │ gzip:   5.25 kB[22m
2026-08-14T13:16:50.6212104Z [2mpublic/build-inertia/[22m[2massets/[22m[36mEdit-Db3pOgFC.js                                      [39m[1m[2m   18.44 kB[22m[1m[22m[2m │ gzip:   5.88 kB[22m
2026-08-14T13:16:50.6213917Z [2mpublic/build-inertia/[22m[2massets/[22m[36mQualidadeIa-CPyMoZN3.js                               [39m[1m[2m   18.45 kB[22m[1m[22m[2m │ gzip:   6.36 kB[22m
2026-08-14T13:16:50.6215672Z [2mpublic/build-inertia/[22m[2massets/[22m[36mIndex-DotXKHto.js                                     [39m[1m[2m   18.70 kB[22m[1m[22m[2m │ gzip:   6.66 kB[22m
2026-08-14T13:16:50.6217566Z [2mpublic/build-inertia/[22m[2massets/[22m[36mHome-C09daCFK.js                                      [39m[1m[2m   18.77 kB[22m[1m[22m[2m │ gzip:   5.72 kB[22m
2026-08-14T13:16:50.6219289Z [2mpublic/build-inertia/[22m[2massets/[22m[36mIndex-DWoX8eDr.js                                     [39m[1m[2m   18.90 kB[22m[1m[22m[2m │ gzip:   6.00 kB[22m
2026-08-14T13:16:50.6221324Z [2mpublic/build-inertia/[22m[2massets/[22m[36mContextSidebarV4-bpqaRmVi.js                          [39m[1m[2m   19.28 kB[22m[1m[22m[2m │ gzip:   4.41 kB[22m
2026-08-14T13:16:50.6223158Z [2mpublic/build-inertia/[22m[2massets/[22m[36mComposerV4-DIOilqIN.js                                [39m[1m[2m   19.31 kB[22m[1m[22m[2m │ gzip:   6.29 kB[22m
2026-08-14T13:16:50.6247903Z [2mpublic/build-inertia/[22m[2massets/[22m[36mJanaCockpit-TsWl5Di7.js                               [39m[1m[2m   20.24 kB[22m[1m[22m[2m │ gzip:   6.86 kB[22m
2026-08-14T13:16:50.6250004Z [2mpublic/build-inertia/[22m[2massets/[22m[36mIndex-DeFuH-1F.js                                     [39m[1m[2m   20.63 kB[22m[1m[22m[2m │ gzip:   6.58 kB[22m
2026-08-14T13:16:50.6251909Z [2mpublic/build-inertia/[22m[2massets/[22m[36mutils-BbEUZOl9.js                                     [39m[1m[2m   20.71 kB[22m[1m[22m[2m │ gzip:   7.04 kB[22m
2026-08-14T13:16:50.6253611Z [2mpublic/build-inertia/[22m[2massets/[22m[36mSheetNovoGateway-Db0-69fd.js                          [39m[1m[2m   20.91 kB[22m[1m[22m[2m │ gzip:   5.68 kB[22m
2026-08-14T13:16:50.6255665Z [2mpublic/build-inertia/[22m[2massets/[22m[36mdropdown-menu-BjWqoT0U.js                             [39m[1m[2m   21.11 kB[22m[1m[22m[2m │ gzip:   6.57 kB[22m
2026-08-14T13:16:50.6257796Z [2mpublic/build-inertia/[22m[2massets/[22m[36mShow-Bw9APkmL.js                                      [39m[1m[2m   21.40 kB[22m[1m[22m[2m │ gzip:   7.24 kB[22m
2026-08-14T13:16:50.6259842Z [2mpublic/build-inertia/[22m[2massets/[22m[36mDetailSheet-DRYbtvX7.js                               [39m[1m[2m   21.43 kB[22m[1m[22m[2m │ gzip:   6.24 kB[22m
2026-08-14T13:16:50.6261849Z [2mpublic/build-inertia/[22m[2massets/[22m[36mShow-DfZzDirE.js                                      [39m[1m[2m   21.49 kB[22m[1m[22m[2m │ gzip:   6.80 kB[22m
2026-08-14T13:16:50.6263769Z [2mpublic/build-inertia/[22m[2massets/[22m[36mIndex-7duT6l9A.js                                     [39m[1m[2m   21.50 kB[22m[1m[22m[2m │ gzip:   7.11 kB[22m
2026-08-14T13:16:50.6265752Z [2mpublic/build-inertia/[22m[2massets/[22m[36mSaleSheet-C1Ri3Avc.js                                 [39m[1m[2m   22.23 kB[22m[1m[22m[2m │ gzip:   6.87 kB[22m
2026-08-14T13:16:50.6267912Z [2mpublic/build-inertia/[22m[2massets/[22m[36mConfig-C0XlulWv.js                                    [39m[1m[2m   22.28 kB[22m[1m[22m[2m │ gzip:   7.91 kB[22m
2026-08-14T13:16:50.6270258Z [2mpublic/build-inertia/[22m[2massets/[22m[36mCreate-BzllHWSE.js                                    [39m[1m[2m   22.29 kB[22m[1m[22m[2m │ gzip:   7.12 kB[22m
2026-08-14T13:16:50.6272206Z [2mpublic/build-inertia/[22m[2massets/[22m[36mShow-B0EzZDCw.js                                      [39m[1m[2m   22.47 kB[22m[1m[22m[2m │ gzip:   7.76 kB[22m
2026-08-14T13:16:50.6274227Z [2mpublic/build-inertia/[22m[2massets/[22m[36mDrawerGateway-CXNOeVDn.js                             [39m[1m[2m   22.67 kB[22m[1m[22m[2m │ gzip:   6.50 kB[22m
2026-08-14T13:16:50.6276289Z [2mpublic/build-inertia/[22m[2massets/[22m[36mComponents-B2_jQhrc.js                                [39m[1m[2m   22.93 kB[22m[1m[22m[2m │ gzip:   7.63 kB[22m
2026-08-14T13:16:50.6308639Z [2mpublic/build-inertia/[22m[2massets/[22m[36mIndex-CGqftiYK.js                                     [39m[1m[2m   22.93 kB[22m[1m[22m[2m │ gzip:   8.24 kB[22m
2026-08-14T13:16:50.6310751Z [2mpublic/build-inertia/[22m[2massets/[22m[36mIndex-DKYNQTc-.js                                     [39m[1m[2m   23.02 kB[22m[1m[22m[2m │ gzip:   8.06 kB[22m
2026-08-14T13:16:50.6312753Z [2mpublic/build-inertia/[22m[2massets/[22m[36mIndex-CNf0Nc3U.js                                     [39m[1m[2m   23.18 kB[22m[1m[22m[2m │ gzip:   8.55 kB[22m
2026-08-14T13:16:50.6315042Z [2mpublic/build-inertia/[22m[2massets/[22m[36mGraph-C4gt-NQG.js                                     [39m[1m[2m   23.51 kB[22m[1m[22m[2m │ gzip:   7.87 kB[22m
2026-08-14T13:16:50.6317237Z [2mpublic/build-inertia/[22m[2massets/[22m[36mIndex-CwRBq_jL.js                                     [39m[1m[2m   23.81 kB[22m[1m[22m[2m │ gzip:   7.95 kB[22m
2026-08-14T13:16:50.6319253Z [2mpublic/build-inertia/[22m[2massets/[22m[36mselect-CTqtaHve.js                                    [39m[1m[2m   24.01 kB[22m[1m[22m[2m │ gzip:   8.23 kB[22m
2026-08-14T13:16:50.6320953Z [2mpublic/build-inertia/[22m[2massets/[22m[36mIndex-awL5Q3ay.js                                     [39m[1m[2m   24.45 kB[22m[1m[22m[2m │ gzip:   8.26 kB[22m
2026-08-14T13:16:50.6322121Z [2mpublic/build-inertia/[22m[2massets/[22m[36mSellsDateFilter-Dg_1RBgU.js                           [39m[1m[2m   26.55 kB[22m[1m[22m[2m │ gzip:   7.79 kB[22m
2026-08-14T13:16:50.6323796Z [2mpublic/build-inertia/[22m[2massets/[22m[36mEdit-BlFjDHdW.js                                      [39m[1m[2m   27.31 kB[22m[1m[22m[2m │ gzip:   7.95 kB[22m
2026-08-14T13:16:50.6325794Z [2mpublic/build-inertia/[22m[2massets/[22m[36mindex-CVbgwdS5.js                                     [39m[1m[2m   27.32 kB[22m[1m[22m[2m │ gzip:  10.52 kB[22m
2026-08-14T13:16:50.6327938Z [2mpublic/build-inertia/[22m[2massets/[22m[36mCreateV3-0XzaAiVH.js                                  [39m[1m[2m   30.50 kB[22m[1m[22m[2m │ gzip:  10.41 kB[22m
2026-08-14T13:16:50.6329960Z [2mpublic/build-inertia/[22m[2massets/[22m[36mDashboard-DkxhQjGX.js                                 [39m[1m[2m   30.96 kB[22m[1m[22m[2m │ gzip:   9.49 kB[22m
2026-08-14T13:16:50.6331968Z [2mpublic/build-inertia/[22m[2massets/[22m[36mProvaViva-D4KfpX6v.js                                 [39m[1m[2m   31.04 kB[22m[1m[22m[2m │ gzip:   8.42 kB[22m
2026-08-14T13:16:50.6333975Z [2mpublic/build-inertia/[22m[2massets/[22m[36mDsRollout-CM5R9cyY.js                                 [39m[1m[2m   34.11 kB[22m[1m[22m[2m │ gzip:  10.25 kB[22m
2026-08-14T13:16:50.6336026Z [2mpublic/build-inertia/[22m[2massets/[22m[36mConversationThread-DMbOEeFs.js                        [39m[1m[2m   34.63 kB[22m[1m[22m[2m │ gzip:  10.71 kB[22m
2026-08-14T13:16:50.6368439Z [2mpublic/build-inertia/[22m[2massets/[22m[36mBoard-B-NhuyCA.js                                     [39m[1m[2m   39.27 kB[22m[1m[22m[2m │ gzip:  12.21 kB[22m
2026-08-14T13:16:50.6370454Z [2mpublic/build-inertia/[22m[2massets/[22m[36mIndex-KE6gRPeG.js                                     [39m[1m[2m   40.76 kB[22m[1m[22m[2m │ gzip:  12.89 kB[22m
2026-08-14T13:16:50.6372823Z [2mpublic/build-inertia/[22m[2massets/[22m[36mcore.esm-cVCK9GBQ.js                                  [39m[1m[2m   42.53 kB[22m[1m[22m[2m │ gzip:  14.17 kB[22m
2026-08-14T13:16:50.6374821Z [2mpublic/build-inertia/[22m[2massets/[22m[36mIndex-YkwSCTtB.js                                     [39m[1m[2m   42.55 kB[22m[1m[22m[2m │ gzip:  12.25 kB[22m
2026-08-14T13:16:50.6376956Z [2mpublic/build-inertia/[22m[2massets/[22m[36mCreate-DL76MTho.js                                    [39m[1m[2m   44.63 kB[22m[1m[22m[2m │ gzip:  13.33 kB[22m
2026-08-14T13:16:50.6378952Z [2mpublic/build-inertia/[22m[2massets/[22m[36mAppShellV2-DnT3bpvA.js                                [39m[1m[2m   47.66 kB[22m[1m[22m[2m │ gzip:  14.87 kB[22m
2026-08-14T13:16:50.6380943Z [2mpublic/build-inertia/[22m[2massets/[22m[36mIndex.v2-Opn0UuVO.js                                  [39m[1m[2m   47.89 kB[22m[1m[22m[2m │ gzip:  16.97 kB[22m
2026-08-14T13:16:50.6382922Z [2mpublic/build-inertia/[22m[2massets/[22m[36mIndex-C-2xpkzx.js                                     [39m[1m[2m   49.88 kB[22m[1m[22m[2m │ gzip:  15.67 kB[22m
2026-08-14T13:16:50.6385120Z [2mpublic/build-inertia/[22m[2massets/[22m[36mindex-DCMHBZBx.js                                     [39m[1m[2m   56.79 kB[22m[1m[22m[2m │ gzip:  14.68 kB[22m
2026-08-14T13:16:50.6387296Z [2mpublic/build-inertia/[22m[2massets/[22m[36mIndex-Du2h-SKP.js                                     [39m[1m[2m   67.02 kB[22m[1m[22m[2m │ gzip:  19.55 kB[22m
2026-08-14T13:16:50.6389239Z [2mpublic/build-inertia/[22m[2massets/[22m[36mIndex-DhDOASIy.js                                     [39m[1m[2m   83.20 kB[22m[1m[22m[2m │ gzip:  23.76 kB[22m
2026-08-14T13:16:50.6391267Z [2mpublic/build-inertia/[22m[2massets/[22m[36mAssistantUiChat-C_q5vaUD.js                           [39m[1m[2m   85.84 kB[22m[1m[22m[2m │ gzip:  23.80 kB[22m
2026-08-14T13:16:50.6393365Z [2mpublic/build-inertia/[22m[2massets/[22m[36muse-reduced-motion-BjgagGA9.js                        [39m[1m[2m  111.60 kB[22m[1m[22m[2m │ gzip:  36.70 kB[22m
2026-08-14T13:16:50.6395381Z [2mpublic/build-inertia/[22m[2massets/[22m[36mstyle-DDWsKE98.js                                     [39m[1m[2m  149.89 kB[22m[1m[22m[2m │ gzip:  48.83 kB[22m
2026-08-14T13:16:50.6427598Z [2mpublic/build-inertia/[22m[2massets/[22m[36mindex-DfafkdYc.js                                     [39m[1m[2m  156.60 kB[22m[1m[22m[2m │ gzip:  47.40 kB[22m
2026-08-14T13:16:50.6429684Z [2mpublic/build-inertia/[22m[2massets/[22m[36mGantt-BhnNZAi5.js                                     [39m[1m[2m  219.64 kB[22m[1m[22m[2m │ gzip:  73.71 kB[22m
2026-08-14T13:16:50.6431673Z [2mpublic/build-inertia/[22m[2massets/[22m[36mapp-CNhOCKKG.js                                       [39m[1m[33m  653.90 kB[39m[22m[2m │ gzip: 167.46 kB[22m
2026-08-14T13:16:50.6433630Z [2mpublic/build-inertia/[22m[2massets/[22m[36mIcon-Ct9RU0YL.js                                      [39m[1m[33m  691.72 kB[39m[22m[2m │ gzip: 126.03 kB[22m
2026-08-14T13:16:50.6434722Z [32m✓ built in 24.53s[39m
2026-08-14T13:16:50.8903277Z ##[group]Run ./vendor/bin/pest tests/Browser/Public/ tests/Browser/CoreScreens/AuthBridgeSmokeTest.php tests/Browser/CoreScreens/A11yAxeBrowserTest.php tests/Browser/CoreScreens/ConformanceProbesTest.php tests/Browser/CoreScreens/PixelDimensionProbesTest.php tests/Browser/CoreScreens/Tier0RenderIsolationTest.php
2026-08-14T13:16:50.8905532Z [36;1m./vendor/bin/pest tests/Browser/Public/ tests/Browser/CoreScreens/AuthBridgeSmokeTest.php tests/Browser/CoreScreens/A11yAxeBrowserTest.php tests/Browser/CoreScreens/ConformanceProbesTest.php tests/Browser/CoreScreens/PixelDimensionProbesTest.php tests/Browser/CoreScreens/Tier0RenderIsolationTest.php[0m
2026-08-14T13:16:50.8948442Z shell: /usr/bin/bash -e {0}
2026-08-14T13:16:50.8948894Z env:
2026-08-14T13:16:50.8949096Z   VISREG_GRAY_APPROVED: 0
2026-08-14T13:16:50.8949342Z   COMPOSER_PROCESS_TIMEOUT: 0
2026-08-14T13:16:50.8949585Z   COMPOSER_NO_INTERACTION: 1
2026-08-14T13:16:50.8949810Z   COMPOSER_NO_AUDIT: 1
2026-08-14T13:16:50.8950054Z ##[endgroup]
2026-08-14T13:16:50.9966516Z PHP Warning:  The opentelemetry extension must be loaded in order to autoload the OpenTelemetry Laravel auto-instrumentation in /home/runner/work/oimpresso.com/oimpresso.com/vendor/open-telemetry/opentelemetry-auto-laravel/_register.php on line 13
2026-08-14T13:16:53.1063516Z 
2026-08-14T13:16:53.1064522Z   [30;42;1m PASS [39;49;22m[39m Tests\Browser\Public\PublicSmokeTest[39m
2026-08-14T13:16:53.1135207Z   [32;1m✓[39;22m[90m [39m[90mit /_smoke-probe (público) renderiza — pipeline visual end-to-end[39m[90m   [39m [90m1.51s[39m  
2026-08-14T13:17:15.1916423Z 
2026-08-14T13:17:15.1917674Z   [30;42;1m PASS [39;49;22m[39m Tests\Browser\CoreScreens\PixelDimensionProbesTest[39m
2026-08-14T13:17:15.1949772Z   [32;1m✓[39;22m[90m [39m[90mit Financeiro/Unificado — PIXEL morde dims 1/2/3/4/9/10/11/12 e LI[39m[90m…[39m [90m16.31s[39m  
2026-08-14T13:17:15.1975015Z   [32;1m✓[39;22m[90m [39m[90mit Financeiro/Unificado — atalho "/" foca a busca (dim 6, comportam[39m[90m…[39m [90m5.77s[39m  
2026-08-14T13:17:21.4145257Z 
2026-08-14T13:17:21.4147540Z   [30;42;1m PASS [39;49;22m[39m Tests\Browser\CoreScreens\Tier0RenderIsolationTest[39m
2026-08-14T13:17:21.4180124Z   [32;1m✓[39;22m[90m [39m[90mit CONTROLE — admin do biz=99 VÊ o token sentinela em /cliente (sen[39m[90m…[39m [90m2.72s[39m  
2026-08-14T13:17:21.4207678Z   [32;1m✓[39;22m[90m [39m[90mit ISOLAMENTO — Vendas/Lista NÃO vaza o token do biz=99 pro admin d[39m[90m…[39m [90m0.86s[39m  
2026-08-14T13:17:21.4239730Z   [32;1m✓[39;22m[90m [39m[90mit ISOLAMENTO — Clientes NÃO vaza o token do biz=99 pro admin do bi[39m[90m…[39m [90m0.89s[39m  
2026-08-14T13:17:21.4270832Z   [32;1m✓[39;22m[90m [39m[90mit ISOLAMENTO — Compras NÃO vaza o token do biz=99 pro admin do biz[39m[90m…[39m [90m0.85s[39m  
2026-08-14T13:17:21.4301261Z   [32;1m✓[39;22m[90m [39m[90mit ISOLAMENTO — Financeiro/Unificado NÃO vaza o token do biz=99 pro[39m[90m…[39m [90m0.90s[39m  
2026-08-14T13:17:39.4441718Z 
2026-08-14T13:17:39.4442691Z   [30;42;1m PASS [39;49;22m[39m Tests\Browser\CoreScreens\AuthBridgeSmokeTest[39m
2026-08-14T13:17:39.4474048Z   [32;1m✓[39;22m[90m [39m[90mit Oficina/OS renderiza AUTENTICADA sem erro de console (auth bridg[39m[90m…[39m [90m1.87s[39m  
2026-08-14T13:17:39.4501442Z   [32;1m✓[39;22m[90m [39m[90mit Clientes renderiza AUTENTICADA sem erro de console (auth bridge)[39m[90m [39m [90m2.72s[39m  
2026-08-14T13:17:39.4529964Z   [32;1m✓[39;22m[90m [39m[90mit Financeiro/Unificado renderiza AUTENTICADA sem erro de console ([39m[90m…[39m [90m2.66s[39m  
2026-08-14T13:17:39.4555141Z   [32;1m✓[39;22m[90m [39m[90mit Venda/Lista renderiza AUTENTICADA sem erro de console (auth brid[39m[90m…[39m [90m1.99s[39m  
2026-08-14T13:17:39.4579366Z   [32;1m✓[39;22m[90m [39m[90mit Ponto/Dashboard renderiza AUTENTICADA sem erro de console (auth[39m[90m… [39m [90m2.51s[39m  
2026-08-14T13:17:39.4603777Z   [32;1m✓[39;22m[90m [39m[90mit Fiscal/NF-e renderiza AUTENTICADA sem erro de console (auth brid[39m[90m…[39m [90m1.55s[39m  
2026-08-14T13:17:39.4627091Z   [32;1m✓[39;22m[90m [39m[90mit Fiscal/NFS-e renderiza AUTENTICADA sem erro de console (auth bri[39m[90m…[39m [90m1.54s[39m  
2026-08-14T13:17:39.4650516Z   [32;1m✓[39;22m[90m [39m[90mit Fiscal/Cockpit renderiza AUTENTICADA sem erro de console (auth b[39m[90m…[39m [90m1.66s[39m  
2026-08-14T13:17:39.4673577Z   [32;1m✓[39;22m[90m [39m[90mit Compras renderiza AUTENTICADA sem erro de console (auth bridge)[39m[90m  [39m [90m1.53s[39m  
2026-08-14T13:17:42.4388859Z 
2026-08-14T13:17:42.4390138Z   [30;42;1m PASS [39;49;22m[39m Tests\Browser\CoreScreens\A11yAxeBrowserTest[39m
2026-08-14T13:17:42.4421370Z   [32;1m✓[39;22m[90m [39m[90mit Financeiro/Unificado — 0 violações axe CRITICAL no browser real[39m[90m… [39m [90m2.99s[39m  
2026-08-14T13:17:44.8456736Z 
2026-08-14T13:17:44.8458294Z   [30;42;1m PASS [39;49;22m[39m Tests\Browser\CoreScreens\ConformanceProbesTest[39m
2026-08-14T13:17:44.8498428Z   [32;1m✓[39;22m[90m [39m[90mit Oficina drawer (estado "adicionando" ABERTO) — probes G2/G3/G4 l[39m[90m…[39m [90m2.41s[39m  
2026-08-14T13:17:44.8499314Z 
2026-08-14T13:17:44.8499846Z   [90mTests:[39m    [32;1m19 passed[39;22m[90m (61 assertions)[39m
2026-08-14T13:17:44.8500566Z   [90mDuration:[39m [39m53.87s[39m
2026-08-14T13:17:44.8501167Z   [90mRandom Order Seed:[39m [39m1786713411[39m
2026-08-14T13:17:44.8501486Z 
2026-08-14T13:17:44.8777443Z ##[group]Run ./vendor/bin/pest tests/Browser/CoreScreens/AuthBridgeSmokeTest.php --browser firefox
2026-08-14T13:17:44.8778546Z [36;1m./vendor/bin/pest tests/Browser/CoreScreens/AuthBridgeSmokeTest.php --browser firefox[0m
2026-08-14T13:17:44.8838626Z shell: /usr/bin/bash -e {0}
2026-08-14T13:17:44.8839025Z env:
2026-08-14T13:17:44.8839328Z   VISREG_GRAY_APPROVED: 0
2026-08-14T13:17:44.8839693Z   COMPOSER_PROCESS_TIMEOUT: 0
2026-08-14T13:17:44.8840065Z   COMPOSER_NO_INTERACTION: 1
2026-08-14T13:17:44.8840413Z   COMPOSER_NO_AUDIT: 1
2026-08-14T13:17:44.8840715Z ##[endgroup]
2026-08-14T13:17:44.9877777Z PHP Warning:  The opentelemetry extension must be loaded in order to autoload the OpenTelemetry Laravel auto-instrumentation in /home/runner/work/oimpresso.com/oimpresso.com/vendor/open-telemetry/opentelemetry-auto-laravel/_register.php on line 13
2026-08-14T13:18:07.8188784Z 
2026-08-14T13:18:07.8192201Z   [30;42;1m PASS [39;49;22m[39m Tests\Browser\CoreScreens\AuthBridgeSmokeTest[39m
2026-08-14T13:18:07.8294801Z   [32;1m✓[39;22m[90m [39m[90mit Venda/Lista renderiza AUTENTICADA sem erro de console (auth brid[39m[90m…[39m [90m3.85s[39m  
2026-08-14T13:18:07.8329118Z   [32;1m✓[39;22m[90m [39m[90mit Fiscal/Cockpit renderiza AUTENTICADA sem erro de console (auth b[39m[90m…[39m [90m1.93s[39m  
2026-08-14T13:18:07.8357260Z   [32;1m✓[39;22m[90m [39m[90mit Financeiro/Unificado renderiza AUTENTICADA sem erro de console ([39m[90m…[39m [90m2.88s[39m  
2026-08-14T13:18:07.8383177Z   [32;1m✓[39;22m[90m [39m[90mit Oficina/OS renderiza AUTENTICADA sem erro de console (auth bridg[39m[90m…[39m [90m2.16s[39m  
2026-08-14T13:18:07.8407696Z   [32;1m✓[39;22m[90m [39m[90mit Clientes renderiza AUTENTICADA sem erro de console (auth bridge)[39m[90m [39m [90m3.03s[39m  
2026-08-14T13:18:07.8432452Z   [32;1m✓[39;22m[90m [39m[90mit Compras renderiza AUTENTICADA sem erro de console (auth bridge)[39m[90m  [39m [90m1.85s[39m  
2026-08-14T13:18:07.8461504Z   [32;1m✓[39;22m[90m [39m[90mit Fiscal/NFS-e renderiza AUTENTICADA sem erro de console (auth bri[39m[90m…[39m [90m1.85s[39m  
2026-08-14T13:18:07.8488511Z   [32;1m✓[39;22m[90m [39m[90mit Fiscal/NF-e renderiza AUTENTICADA sem erro de console (auth brid[39m[90m…[39m [90m1.91s[39m  
2026-08-14T13:18:07.8513276Z   [32;1m✓[39;22m[90m [39m[90mit Ponto/Dashboard renderiza AUTENTICADA sem erro de console (auth[39m[90m… [39m [90m2.80s[39m  
2026-08-14T13:18:07.8516142Z 
2026-08-14T13:18:07.8517233Z   [90mTests:[39m    [32;1m9 passed[39;22m[90m (18 assertions)[39m
2026-08-14T13:18:07.8517993Z   [90mDuration:[39m [39m22.85s[39m
2026-08-14T13:18:07.8518694Z   [90mRandom Order Seed:[39m [39m1786713465[39m
2026-08-14T13:18:07.8519021Z 
2026-08-14T13:18:07.8875967Z ##[group]Run ./vendor/bin/pest tests/Browser/CoreScreens/AuthBridgeSmokeTest.php --browser safari
2026-08-14T13:18:07.8877420Z [36;1m./vendor/bin/pest tests/Browser/CoreScreens/AuthBridgeSmokeTest.php --browser safari[0m
2026-08-14T13:18:07.8933701Z shell: /usr/bin/bash -e {0}
2026-08-14T13:18:07.8934077Z env:
2026-08-14T13:18:07.8934371Z   VISREG_GRAY_APPROVED: 0
2026-08-14T13:18:07.8934745Z   COMPOSER_PROCESS_TIMEOUT: 0
2026-08-14T13:18:07.8935165Z   COMPOSER_NO_INTERACTION: 1
2026-08-14T13:18:07.8935534Z   COMPOSER_NO_AUDIT: 1
2026-08-14T13:18:07.8935862Z ##[endgroup]
2026-08-14T13:18:08.0029196Z PHP Warning:  The opentelemetry extension must be loaded in order to autoload the OpenTelemetry Laravel auto-instrumentation in /home/runner/work/oimpresso.com/oimpresso.com/vendor/open-telemetry/opentelemetry-auto-laravel/_register.php on line 13
2026-08-14T13:18:41.8867699Z 
2026-08-14T13:18:41.8896047Z   [30;42;1m PASS [39;49;22m[39m Tests\Browser\CoreScreens\AuthBridgeSmokeTest[39m
2026-08-14T13:18:41.8991950Z   [32;1m✓[39;22m[90m [39m[90mit Oficina/OS renderiza AUTENTICADA sem erro de console (auth brid[39m[90m…[39m [90m11.27s[39m  
2026-08-14T13:18:41.9068920Z   [32;1m✓[39;22m[90m [39m[90mit Financeiro/Unificado renderiza AUTENTICADA sem erro de console ([39m[90m…[39m [90m3.83s[39m  
2026-08-14T13:18:41.9108583Z   [32;1m✓[39;22m[90m [39m[90mit Ponto/Dashboard renderiza AUTENTICADA sem erro de console (auth[39m[90m… [39m [90m3.47s[39m  
2026-08-14T13:18:41.9110676Z   [32;1m✓[39;22m[90m [39m[90mit Compras renderiza AUTENTICADA sem erro de console (auth bridge)[39m[90m  [39m [90m2.45s[39m  
2026-08-14T13:18:41.9129479Z   [32;1m✓[39;22m[90m [39m[90mit Fiscal/NFS-e renderiza AUTENTICADA sem erro de console (auth bri[39m[90m…[39m [90m1.96s[39m  
2026-08-14T13:18:41.9178451Z   [32;1m✓[39;22m[90m [39m[90mit Fiscal/Cockpit renderiza AUTENTICADA sem erro de console (auth b[39m[90m…[39m [90m2.34s[39m  
2026-08-14T13:18:41.9268783Z   [32;1m✓[39;22m[90m [39m[90mit Venda/Lista renderiza AUTENTICADA sem erro de console (auth brid[39m[90m…[39m [90m2.61s[39m  
2026-08-14T13:18:41.9322253Z   [32;1m✓[39;22m[90m [39m[90mit Clientes renderiza AUTENTICADA sem erro de console (auth bridge)[39m[90m [39m [90m3.34s[39m  
2026-08-14T13:18:41.9368428Z   [32;1m✓[39;22m[90m [39m[90mit Fiscal/NF-e renderiza AUTENTICADA sem erro de console (auth brid[39m[90m…[39m [90m1.98s[39m  
2026-08-14T13:18:41.9387419Z 
2026-08-14T13:18:41.9388321Z   [90mTests:[39m    [32;1m9 passed[39;22m[90m (18 assertions)[39m
2026-08-14T13:18:41.9389165Z   [90mDuration:[39m [39m33.91s[39m
2026-08-14T13:18:41.9389863Z   [90mRandom Order Seed:[39m [39m1786713488[39m
2026-08-14T13:18:41.9397711Z 
2026-08-14T13:18:41.9791185Z ##[group]Run ./vendor/bin/pest tests/Browser/CoreScreens/PixelBaselineTest.php
2026-08-14T13:18:41.9792002Z [36;1m./vendor/bin/pest tests/Browser/CoreScreens/PixelBaselineTest.php[0m
2026-08-14T13:18:41.9848370Z shell: /usr/bin/bash -e {0}
2026-08-14T13:18:41.9848744Z env:
2026-08-14T13:18:41.9849037Z   VISREG_GRAY_APPROVED: 0
2026-08-14T13:18:41.9849415Z   COMPOSER_PROCESS_TIMEOUT: 0
2026-08-14T13:18:41.9849793Z   COMPOSER_NO_INTERACTION: 1
2026-08-14T13:18:41.9850154Z   COMPOSER_NO_AUDIT: 1
2026-08-14T13:18:41.9850478Z   VISREG_SCOPE: global
2026-08-14T13:18:41.9850819Z   VISREG_SCREENS: ["Sells/CreateV3"]
2026-08-14T13:18:41.9851201Z ##[endgroup]
2026-08-14T13:18:42.1090977Z PHP Warning:  The opentelemetry extension must be loaded in order to autoload the OpenTelemetry Laravel auto-instrumentation in /home/runner/work/oimpresso.com/oimpresso.com/vendor/open-telemetry/opentelemetry-auto-laravel/_register.php on line 13
2026-08-14T13:19:58.0448117Z 
2026-08-14T13:19:58.0459163Z   [30;42;1m PASS [39;49;22m[39m Tests\Browser\CoreScreens\PixelBaselineTest[39m
2026-08-14T13:19:58.0559168Z   [32;1m✓[39;22m[90m [39m[90mit Clientes bate com a baseline de pixel (núcleo-6)[39m[90m                 [39m [90m5.61s[39m  
2026-08-14T13:19:58.0575482Z   [32;1m✓[39;22m[90m [39m[90mit Produto/Unificado bate com a baseline de pixel (núcleo-6)[39m[90m        [39m [90m3.83s[39m  
2026-08-14T13:19:58.0602465Z   [32;1m✓[39;22m[90m [39m[90mit Financeiro/ContasBancarias bate com a baseline de pixel (núcleo-[39m[90m…[39m [90m4.75s[39m  
2026-08-14T13:19:58.0626650Z   [32;1m✓[39;22m[90m [39m[90mit Sells/Create bate com a baseline de pixel (núcleo-6)[39m[90m             [39m [90m4.90s[39m  
2026-08-14T13:19:58.0650039Z   [32;1m✓[39;22m[90m [39m[90mit Jana bate com a baseline de pixel (núcleo-6)[39m[90m                     [39m [90m4.92s[39m  
2026-08-14T13:19:58.0673043Z   [32;1m✓[39;22m[90m [39m[90mit Compras bate com a baseline de pixel (núcleo-6)[39m[90m                  [39m [90m3.91s[39m  
2026-08-14T13:19:58.0696008Z   [32;1m✓[39;22m[90m [39m[90mit Governance/Drift bate com a baseline de pixel (núcleo-6)[39m[90m         [39m [90m4.79s[39m  
2026-08-14T13:19:58.0719751Z   [32;1m✓[39;22m[90m [39m[90mit Financeiro/Unificado bate com a baseline de pixel (núcleo-6)[39m[90m     [39m [90m5.11s[39m  
2026-08-14T13:19:58.0742770Z   [32;1m✓[39;22m[90m [39m[90mit Sells/CreateV3 bate com a baseline de pixel (núcleo-6)[39m[90m           [39m [90m4.93s[39m  
2026-08-14T13:19:58.0765097Z   [32;1m✓[39;22m[90m [39m[90mit Sells/Index bate com a baseline de pixel (núcleo-6)[39m[90m              [39m [90m4.32s[39m  
2026-08-14T13:19:58.0788001Z   [32;1m✓[39;22m[90m [39m[90mit Oficina/OS bate com a baseline de pixel (núcleo-6)[39m[90m               [39m [90m4.26s[39m  
2026-08-14T13:19:58.0810299Z   [32;1m✓[39;22m[90m [39m[90mit Governance/Audit bate com a baseline de pixel (núcleo-6)[39m[90m         [39m [90m4.74s[39m  
2026-08-14T13:19:58.0833443Z   [32;1m✓[39;22m[90m [39m[90mit Governance/Dashboard bate com a baseline de pixel (núcleo-6)[39m[90m     [39m [90m4.95s[39m  
2026-08-14T13:19:58.0856436Z   [32;1m✓[39;22m[90m [39m[90mit Jana/Memoria bate com a baseline de pixel (núcleo-6)[39m[90m             [39m [90m4.71s[39m  
2026-08-14T13:19:58.0879830Z   [32;1m✓[39;22m[90m [39m[90mit Governance/DsRollout bate com a baseline de pixel (núcleo-6)[39m[90m     [39m [90m4.89s[39m  
2026-08-14T13:19:58.0902220Z   [32;1m✓[39;22m[90m [39m[90mit Governance/Policies bate com a baseline de pixel (núcleo-6)[39m[90m      [39m [90m4.73s[39m  
2026-08-14T13:19:58.0904976Z 
2026-08-14T13:19:58.0905745Z   [90mTests:[39m    [32;1m16 passed[39;22m[90m (160 assertions)[39m
2026-08-14T13:19:58.0906368Z   [90mDuration:[39m [39m75.96s[39m
2026-08-14T13:19:58.0907116Z   [90mRandom Order Seed:[39m [39m1786713522[39m
2026-08-14T13:19:58.0907435Z 
2026-08-14T13:19:58.1174033Z ##[group]Run bash scripts/tests/visreg-flake-retry.sh tests/Browser/CoreScreens/IsolatedStatesBaselineTest.php
2026-08-14T13:19:58.1175318Z [36;1mbash scripts/tests/visreg-flake-retry.sh tests/Browser/CoreScreens/IsolatedStatesBaselineTest.php[0m
2026-08-14T13:19:58.1226536Z shell: /usr/bin/bash -e {0}
2026-08-14T13:19:58.1227186Z env:
2026-08-14T13:19:58.1227486Z   VISREG_GRAY_APPROVED: 0
2026-08-14T13:19:58.1227860Z   COMPOSER_PROCESS_TIMEOUT: 0
2026-08-14T13:19:58.1228243Z   COMPOSER_NO_INTERACTION: 1
2026-08-14T13:19:58.1228599Z   COMPOSER_NO_AUDIT: 1
2026-08-14T13:19:58.1228923Z ##[endgroup]
2026-08-14T13:19:58.2255693Z PHP Warning:  The opentelemetry extension must be loaded in order to autoload the OpenTelemetry Laravel auto-instrumentation in /home/runner/work/oimpresso.com/oimpresso.com/vendor/open-telemetry/opentelemetry-auto-laravel/_register.php on line 13
2026-08-14T13:21:28.8819747Z 
2026-08-14T13:21:28.8821119Z   [30;42;1m PASS [39;49;22m[39m Tests\Browser\CoreScreens\IsolatedStatesBaselineTest[39m
2026-08-14T13:21:28.8912292Z   [32;1m✓[39;22m[90m [39m[90mit sells-index · estado=dark bate com a baseline isolada[39m[90m            [39m [90m4.63s[39m  
2026-08-14T13:21:28.8940433Z   [32;1m✓[39;22m[90m [39m[90mit oficina-os · estado=default bate com a baseline isolada[39m[90m          [39m [90m4.01s[39m  
2026-08-14T13:21:28.8967103Z   [32;1m✓[39;22m[90m [39m[90mit caixa-unificada · estado=dark bate com a baseline isolada[39m[90m        [39m [90m4.85s[39m  
2026-08-14T13:21:28.8992067Z   [32;1m✓[39;22m[90m [39m[90mit clientes · estado=default bate com a baseline isolada[39m[90m            [39m [90m4.86s[39m  
2026-08-14T13:21:28.9015940Z   [32;1m✓[39;22m[90m [39m[90mit clientes · estado=loading bate com a baseline isolada[39m[90m            [39m [90m4.79s[39m  
2026-08-14T13:21:28.9039827Z   [32;1m✓[39;22m[90m [39m[90mit financeiro-unificado · estado=loading bate com a baseline isolad[39m[90m…[39m [90m4.87s[39m  
2026-08-14T13:21:28.9063994Z   [32;1m✓[39;22m[90m [39m[90mit oficina-os · estado=dark bate com a baseline isolada[39m[90m             [39m [90m4.12s[39m  
2026-08-14T13:21:28.9087387Z   [32;1m✓[39;22m[90m [39m[90mit compras · estado=loading bate com a baseline isolada[39m[90m             [39m [90m3.76s[39m  
2026-08-14T13:21:28.9110923Z   [32;1m✓[39;22m[90m [39m[90mit financeiro-unificado · estado=dark bate com a baseline isolada[39m[90m   [39m [90m4.92s[39m  
2026-08-14T13:21:28.9134975Z   [32;1m✓[39;22m[90m [39m[90mit financeiro-unificado · estado=default bate com a baseline isolad[39m[90m…[39m [90m4.90s[39m  
2026-08-14T13:21:28.9159072Z   [32;1m✓[39;22m[90m [39m[90mit caixa-unificada · estado=default bate com a baseline isolada[39m[90m     [39m [90m4.87s[39m  
2026-08-14T13:21:28.9182009Z   [32;1m✓[39;22m[90m [39m[90mit financeiro-unificado · estado=empty bate com a baseline isolada[39m[90m  [39m [90m4.84s[39m  
2026-08-14T13:21:28.9205544Z   [32;1m✓[39;22m[90m [39m[90mit clientes · estado=dark bate com a baseline isolada[39m[90m               [39m [90m4.83s[39m  
2026-08-14T13:21:28.9229979Z   [32;1m✓[39;22m[90m [39m[90mit sells-index · estado=empty bate com a baseline isolada[39m[90m           [39m [90m4.12s[39m  
2026-08-14T13:21:28.9253887Z   [32;1m✓[39;22m[90m [39m[90mit sells-index · estado=loading bate com a baseline isolada[39m[90m         [39m [90m4.11s[39m  
2026-08-14T13:21:28.9276724Z   [32;1m✓[39;22m[90m [39m[90mit sells-index · estado=default bate com a baseline isolada[39m[90m         [39m [90m4.08s[39m  
2026-08-14T13:21:28.9301642Z   [32;1m✓[39;22m[90m [39m[90mit financeiro-unificado · estado=error bate com a baseline isolada[39m[90m  [39m [90m4.93s[39m  
2026-08-14T13:21:28.9325891Z   [32;1m✓[39;22m[90m [39m[90mit clientes · estado=empty bate com a baseline isolada[39m[90m              [39m [90m4.87s[39m  
2026-08-14T13:21:28.9351654Z   [32;1m✓[39;22m[90m [39m[90mit compras · estado=default bate com a baseline isolada[39m[90m             [39m [90m3.68s[39m  
2026-08-14T13:21:28.9376009Z   [32;1m✓[39;22m[90m [39m[90mit oficina-os · estado=empty bate com a baseline isolada[39m[90m            [39m [90m4.02s[39m  
2026-08-14T13:21:28.9379647Z 
2026-08-14T13:21:28.9380867Z   [90mTests:[39m    [32;1m20 passed[39;22m[90m (40 assertions)[39m
2026-08-14T13:21:28.9381381Z   [90mDuration:[39m [39m90.68s[39m
2026-08-14T13:21:28.9382133Z   [90mRandom Order Seed:[39m [39m1786713598[39m
2026-08-14T13:21:28.9382620Z 
2026-08-14T13:21:28.9650788Z ##[group]Run bash scripts/tests/visreg-flake-retry.sh tests/Browser/CoreScreens/FinanceiroFlowBaselineTest.php
2026-08-14T13:21:28.9651784Z [36;1mbash scripts/tests/visreg-flake-retry.sh tests/Browser/CoreScreens/FinanceiroFlowBaselineTest.php[0m
2026-08-14T13:21:28.9703428Z shell: /usr/bin/bash -e {0}
2026-08-14T13:21:28.9703846Z env:
2026-08-14T13:21:28.9704167Z   VISREG_GRAY_APPROVED: 0
2026-08-14T13:21:28.9704636Z   COMPOSER_PROCESS_TIMEOUT: 0
2026-08-14T13:21:28.9705220Z   COMPOSER_NO_INTERACTION: 1
2026-08-14T13:21:28.9705687Z   COMPOSER_NO_AUDIT: 1
2026-08-14T13:21:28.9706097Z ##[endgroup]
2026-08-14T13:21:29.0778214Z PHP Warning:  The opentelemetry extension must be loaded in order to autoload the OpenTelemetry Laravel auto-instrumentation in /home/runner/work/oimpresso.com/oimpresso.com/vendor/open-telemetry/opentelemetry-auto-laravel/_register.php on line 13
2026-08-14T13:22:14.8680292Z 
2026-08-14T13:22:14.8681741Z   [30;42;1m PASS [39;49;22m[39m Tests\Browser\CoreScreens\FinanceiroFlowBaselineTest[39m
2026-08-14T13:22:14.8778604Z   [32;1m✓[39;22m[90m [39m[90mit financeiro-unificado · selecionar-lote · compact bate com baseli[39m[90m…[39m [90m4.10s[39m  
2026-08-14T13:22:14.8813056Z   [32;1m✓[39;22m[90m [39m[90mit financeiro-unificado · criar-recebimento · wide bate com baselin[39m[90m…[39m [90m3.86s[39m  
2026-08-14T13:22:14.8840453Z   [32;1m✓[39;22m[90m [39m[90mit financeiro-unificado · abrir-drawer · compact bate com baseline[39m[90m… [39m [90m3.84s[39m  
2026-08-14T13:22:14.8866058Z   [32;1m✓[39;22m[90m [39m[90mit financeiro-unificado · abrir-drawer · desktop bate com baseline[39m[90m… [39m [90m3.81s[39m  
2026-08-14T13:22:14.8891175Z   [32;1m✓[39;22m[90m [39m[90mit financeiro-unificado · abrir-drawer · wide bate com baseline pós[39m[90m…[39m [90m3.84s[39m  
2026-08-14T13:22:14.8915090Z   [32;1m✓[39;22m[90m [39m[90mit financeiro-unificado · selecionar-lote · desktop bate com baseli[39m[90m…[39m [90m3.63s[39m  
2026-08-14T13:22:14.8939011Z   [32;1m✓[39;22m[90m [39m[90mit financeiro-unificado · selecionar-lote · wide bate com baseline[39m[90m… [39m [90m3.70s[39m  
2026-08-14T13:22:14.8963033Z   [32;1m✓[39;22m[90m [39m[90mit financeiro-unificado · abrir-baixa · compact bate com baseline p[39m[90m…[39m [90m3.55s[39m  
2026-08-14T13:22:14.8986738Z   [32;1m✓[39;22m[90m [39m[90mit financeiro-unificado · abrir-baixa · wide bate com baseline pós-[39m[90m…[39m [90m3.76s[39m  
2026-08-14T13:22:14.9009833Z   [32;1m✓[39;22m[90m [39m[90mit financeiro-unificado · criar-recebimento · compact bate com base[39m[90m…[39m [90m3.66s[39m  
2026-08-14T13:22:14.9033012Z   [32;1m✓[39;22m[90m [39m[90mit financeiro-unificado · abrir-baixa · desktop bate com baseline p[39m[90m…[39m [90m3.67s[39m  
2026-08-14T13:22:14.9056311Z   [32;1m✓[39;22m[90m [39m[90mit financeiro-unificado · criar-recebimento · desktop bate com base[39m[90m…[39m [90m3.77s[39m  
2026-08-14T13:22:14.9059566Z 
2026-08-14T13:22:14.9060835Z   [90mTests:[39m    [32;1m12 passed[39;22m[90m (39 assertions)[39m
2026-08-14T13:22:14.9061747Z   [90mDuration:[39m [39m45.81s[39m
2026-08-14T13:22:14.9062687Z   [90mRandom Order Seed:[39m [39m1786713689[39m
2026-08-14T13:22:14.9063093Z 
2026-08-14T13:22:14.9324286Z ##[group]Run bash scripts/tests/visreg-flake-retry.sh tests/Browser/CoreScreens/ComprasFlowBaselineTest.php
2026-08-14T13:22:14.9325493Z [36;1mbash scripts/tests/visreg-flake-retry.sh tests/Browser/CoreScreens/ComprasFlowBaselineTest.php[0m
2026-08-14T13:22:14.9375273Z shell: /usr/bin/bash -e {0}
2026-08-14T13:22:14.9375644Z env:
2026-08-14T13:22:14.9375929Z   VISREG_GRAY_APPROVED: 0
2026-08-14T13:22:14.9376287Z   COMPOSER_PROCESS_TIMEOUT: 0
2026-08-14T13:22:14.9376643Z   COMPOSER_NO_INTERACTION: 1
2026-08-14T13:22:14.9377200Z   COMPOSER_NO_AUDIT: 1
2026-08-14T13:22:14.9377546Z ##[endgroup]
2026-08-14T13:22:15.0416014Z PHP Warning:  The opentelemetry extension must be loaded in order to autoload the OpenTelemetry Laravel auto-instrumentation in /home/runner/work/oimpresso.com/oimpresso.com/vendor/open-telemetry/opentelemetry-auto-laravel/_register.php on line 13
2026-08-14T13:22:40.4933101Z 
2026-08-14T13:22:40.4934445Z   [30;42;1m PASS [39;49;22m[39m Tests\Browser\CoreScreens\ComprasFlowBaselineTest[39m
2026-08-14T13:22:40.5018607Z   [32;1m✓[39;22m[90m [39m[90mit compras · abrir-menu-acoes · wide bate com baseline pós-interaçã[39m[90m…[39m [90m3.32s[39m  
2026-08-14T13:22:40.5044131Z   [32;1m✓[39;22m[90m [39m[90mit compras · abrir-drawer · wide bate com baseline pós-interação[39m[90m    [39m [90m2.90s[39m  
2026-08-14T13:22:40.5069001Z   [32;1m✓[39;22m[90m [39m[90mit compras · abrir-visibilidade-colunas · compact bate com baseline[39m[90m…[39m [90m2.35s[39m  
2026-08-14T13:22:40.5092858Z   [32;1m✓[39;22m[90m [39m[90mit compras · abrir-menu-acoes · desktop bate com baseline pós-inter[39m[90m…[39m [90m2.67s[39m  
2026-08-14T13:22:40.5116442Z   [32;1m✓[39;22m[90m [39m[90mit compras · abrir-drawer · desktop bate com baseline pós-interação[39m[90m [39m [90m3.05s[39m  
2026-08-14T13:22:40.5139657Z   [32;1m✓[39;22m[90m [39m[90mit compras · abrir-visibilidade-colunas · wide bate com baseline pó[39m[90m…[39m [90m2.54s[39m  
2026-08-14T13:22:40.5163247Z   [32;1m✓[39;22m[90m [39m[90mit compras · abrir-visibilidade-colunas · desktop bate com baseline[39m[90m…[39m [90m2.44s[39m  
2026-08-14T13:22:40.5185840Z   [32;1m✓[39;22m[90m [39m[90mit compras · abrir-menu-acoes · compact bate com baseline pós-inter[39m[90m…[39m [90m2.64s[39m  
2026-08-14T13:22:40.5209422Z   [32;1m✓[39;22m[90m [39m[90mit compras · abrir-drawer · compact bate com baseline pós-interação[39m[90m [39m [90m2.96s[39m  
2026-08-14T13:22:40.5211700Z 
2026-08-14T13:22:40.5212641Z   [90mTests:[39m    [32;1m9 passed[39;22m[90m (27 assertions)[39m
2026-08-14T13:22:40.5213313Z   [90mDuration:[39m [39m25.47s[39m
2026-08-14T13:22:40.5213837Z   [90mRandom Order Seed:[39m [39m1786713735[39m
2026-08-14T13:22:40.5214050Z 
2026-08-14T13:22:40.5475554Z ##[group]Run bash scripts/tests/visreg-flake-retry.sh tests/Browser/CoreScreens/SellsCreateFlowBaselineTest.php
2026-08-14T13:22:40.5477226Z [36;1mbash scripts/tests/visreg-flake-retry.sh tests/Browser/CoreScreens/SellsCreateFlowBaselineTest.php[0m
2026-08-14T13:22:40.5528232Z shell: /usr/bin/bash -e {0}
2026-08-14T13:22:40.5528645Z env:
2026-08-14T13:22:40.5528854Z   VISREG_GRAY_APPROVED: 0
2026-08-14T13:22:40.5529156Z   COMPOSER_PROCESS_TIMEOUT: 0
2026-08-14T13:22:40.5529572Z   COMPOSER_NO_INTERACTION: 1
2026-08-14T13:22:40.5529950Z   COMPOSER_NO_AUDIT: 1
2026-08-14T13:22:40.5530194Z ##[endgroup]
2026-08-14T13:22:40.6678101Z PHP Warning:  The opentelemetry extension must be loaded in order to autoload the OpenTelemetry Laravel auto-instrumentation in /home/runner/work/oimpresso.com/oimpresso.com/vendor/open-telemetry/opentelemetry-auto-laravel/_register.php on line 13
2026-08-14T13:23:30.8104012Z 
2026-08-14T13:23:30.8105345Z   [30;42;1m PASS [39;49;22m[39m Tests\Browser\CoreScreens\SellsCreateFlowBaselineTest[39m
2026-08-14T13:23:30.8199097Z   [32;1m✓[39;22m[90m [39m[90mit sells-create · abrir-busca-produto · desktop bate com baseline p[39m[90m…[39m [90m4.96s[39m  
2026-08-14T13:23:30.8226114Z   [32;1m✓[39;22m[90m [39m[90mit sells-create · adicionar-pagamento · compact bate com baseline p[39m[90m…[39m [90m3.93s[39m  
2026-08-14T13:23:30.8252127Z   [32;1m✓[39;22m[90m [39m[90mit sells-create · adicionar-produto · wide bate com baseline pós-in[39m[90m…[39m [90m4.03s[39m  
2026-08-14T13:23:30.8277533Z   [32;1m✓[39;22m[90m [39m[90mit sells-create · abrir-busca-produto · compact bate com baseline p[39m[90m…[39m [90m4.41s[39m  
2026-08-14T13:23:30.8300617Z   [32;1m✓[39;22m[90m [39m[90mit sells-create · adicionar-pagamento · wide bate com baseline pós-[39m[90m…[39m [90m4.05s[39m  
2026-08-14T13:23:30.8323780Z   [32;1m✓[39;22m[90m [39m[90mit sells-create · abrir-busca-produto · wide bate com baseline pós-[39m[90m…[39m [90m4.54s[39m  
2026-08-14T13:23:30.8349050Z   [32;1m✓[39;22m[90m [39m[90mit sells-create · aplicar-desconto · desktop bate com baseline pós-[39m[90m…[39m [90m4.03s[39m  
2026-08-14T13:23:30.8372563Z   [32;1m✓[39;22m[90m [39m[90mit sells-create · aplicar-desconto · wide bate com baseline pós-int[39m[90m…[39m [90m4.08s[39m  
2026-08-14T13:23:30.8395422Z   [32;1m✓[39;22m[90m [39m[90mit sells-create · adicionar-produto · desktop bate com baseline pós[39m[90m…[39m [90m3.96s[39m  
2026-08-14T13:23:30.8418961Z   [32;1m✓[39;22m[90m [39m[90mit sells-create · adicionar-produto · compact bate com baseline pós[39m[90m…[39m [90m3.89s[39m  
2026-08-14T13:23:30.8442209Z   [32;1m✓[39;22m[90m [39m[90mit sells-create · adicionar-pagamento · desktop bate com baseline p[39m[90m…[39m [90m3.78s[39m  
2026-08-14T13:23:30.8465419Z   [32;1m✓[39;22m[90m [39m[90mit sells-create · aplicar-desconto · compact bate com baseline pós-[39m[90m…[39m [90m3.90s[39m  
2026-08-14T13:23:30.8468189Z 
2026-08-14T13:23:30.8469230Z   [90mTests:[39m    [32;1m12 passed[39;22m[90m (51 assertions)[39m
2026-08-14T13:23:30.8469931Z   [90mDuration:[39m [39m50.17s[39m
2026-08-14T13:23:30.8470342Z   [90mRandom Order Seed:[39m [39m1786713760[39m
2026-08-14T13:23:30.8470555Z 
2026-08-14T13:23:30.8735769Z ##[group]Run if [ "success" = "failure" ]; then
2026-08-14T13:23:30.8736126Z [36;1mif [ "success" = "failure" ]; then[0m
2026-08-14T13:23:30.8736635Z [36;1m  echo "🔴 L2.5 ADVISORY FALHOU — fluxo ou viewport divergiu acima de τ_alto. Ver pixel-diff-views."[0m
2026-08-14T13:23:30.8737761Z [36;1melif [ "success" = "success" ]; then[0m
2026-08-14T13:23:30.8738401Z [36;1m  echo "✅ fluxos Financeiro OK — criar, drawer, baixa e lote capturados em compact/desktop/wide."[0m
2026-08-14T13:23:30.8739055Z [36;1mfi[0m
2026-08-14T13:23:30.8792854Z shell: /usr/bin/bash -e {0}
2026-08-14T13:23:30.8793202Z env:
2026-08-14T13:23:30.8793485Z   VISREG_GRAY_APPROVED: 0
2026-08-14T13:23:30.8793826Z   COMPOSER_PROCESS_TIMEOUT: 0
2026-08-14T13:23:30.8794235Z   COMPOSER_NO_INTERACTION: 1
2026-08-14T13:23:30.8794587Z   COMPOSER_NO_AUDIT: 1
2026-08-14T13:23:30.8794922Z ##[endgroup]
2026-08-14T13:23:30.8870985Z ✅ fluxos Financeiro OK — criar, drawer, baixa e lote capturados em compact/desktop/wide.
2026-08-14T13:23:30.8915137Z ##[group]Run if [ "success" = "failure" ]; then
2026-08-14T13:23:30.8915678Z [36;1mif [ "success" = "failure" ]; then[0m
2026-08-14T13:23:30.8917029Z [36;1m  echo "🔴 L2.5 Sells/Create ADVISORY FALHOU — fluxo ou viewport divergiu acima de τ_alto (ou baseline ausente na 1ª execução). Ver pixel-diff-views."[0m
2026-08-14T13:23:30.8918079Z [36;1melif [ "success" = "success" ]; then[0m
2026-08-14T13:23:30.8919064Z [36;1m  echo "✅ fluxos Sells/Create OK — adicionar produto, abrir busca, aplicar desconto e adicionar pagamento capturados em compact/desktop/wide."[0m
2026-08-14T13:23:30.8920031Z [36;1mfi[0m
2026-08-14T13:23:30.8977680Z shell: /usr/bin/bash -e {0}
2026-08-14T13:23:30.8978096Z env:
2026-08-14T13:23:30.8978408Z   VISREG_GRAY_APPROVED: 0
2026-08-14T13:23:30.8978781Z   COMPOSER_PROCESS_TIMEOUT: 0
2026-08-14T13:23:30.8979202Z   COMPOSER_NO_INTERACTION: 1
2026-08-14T13:23:30.8979561Z   COMPOSER_NO_AUDIT: 1
2026-08-14T13:23:30.8979891Z ##[endgroup]
2026-08-14T13:23:30.9047964Z ✅ fluxos Sells/Create OK — adicionar produto, abrir busca, aplicar desconto e adicionar pagamento capturados em compact/desktop/wide.
2026-08-14T13:23:30.9079388Z ##[group]Run if [ "success" = "failure" ]; then
2026-08-14T13:23:30.9079754Z [36;1mif [ "success" = "failure" ]; then[0m
2026-08-14T13:23:30.9080280Z [36;1m  echo "🔴 L2.5 COMPRAS ADVISORY FALHOU — fluxo ou viewport divergiu acima de τ_alto. Ver pixel-diff-views."[0m
2026-08-14T13:23:30.9081187Z [36;1m  echo "   1ª execução sem baseline GERA e passa (artifact pixel-snapshots comita). Regressão? conserte. Fix aprovado? modo update (dispatch) regenera."[0m
2026-08-14T13:23:30.9081852Z [36;1melif [ "success" = "success" ]; then[0m
2026-08-14T13:23:30.9082392Z [36;1m  echo "✅ fluxos Compras OK — visibilidade de colunas, menu de Ações e drawer capturados em compact/desktop/wide."[0m
2026-08-14T13:23:30.9083067Z [36;1mfi[0m
2026-08-14T13:23:30.9122869Z shell: /usr/bin/bash -e {0}
2026-08-14T13:23:30.9123119Z env:
2026-08-14T13:23:30.9123311Z   VISREG_GRAY_APPROVED: 0
2026-08-14T13:23:30.9123547Z   COMPOSER_PROCESS_TIMEOUT: 0
2026-08-14T13:23:30.9123829Z   COMPOSER_NO_INTERACTION: 1
2026-08-14T13:23:30.9124058Z   COMPOSER_NO_AUDIT: 1
2026-08-14T13:23:30.9124269Z ##[endgroup]
2026-08-14T13:23:30.9190655Z ✅ fluxos Compras OK — visibilidade de colunas, menu de Ações e drawer capturados em compact/desktop/wide.
2026-08-14T13:23:30.9219680Z ##[group]Run node scripts/governance/ui-impact.mjs --assert-execution \
2026-08-14T13:23:30.9220182Z [36;1mnode scripts/governance/ui-impact.mjs --assert-execution \[0m
2026-08-14T13:23:30.9220676Z [36;1m  --visual-required="$IMPACT" --mode="$MODE" --pixel-outcome="$PIXEL_OUTCOME" \[0m
2026-08-14T13:23:30.9221205Z [36;1m  --uncovered-screens="${UNCOVERED_SCREENS:-[]}" --scope="$SCOPE" \[0m
2026-08-14T13:23:30.9221686Z [36;1m  --expected="$EXPECTED" --executed="$EXECUTED" --compared="$COMPARED"[0m
2026-08-14T13:23:30.9260837Z shell: /usr/bin/bash -e {0}
2026-08-14T13:23:30.9261085Z env:
2026-08-14T13:23:30.9261282Z   VISREG_GRAY_APPROVED: 0
2026-08-14T13:23:30.9261525Z   COMPOSER_PROCESS_TIMEOUT: 0
2026-08-14T13:23:30.9261772Z   COMPOSER_NO_INTERACTION: 1
2026-08-14T13:23:30.9262001Z   COMPOSER_NO_AUDIT: 1
2026-08-14T13:23:30.9262211Z   IMPACT: true
2026-08-14T13:23:30.9262401Z   MODE: true
2026-08-14T13:23:30.9262599Z   PIXEL_OUTCOME: success
2026-08-14T13:23:30.9262866Z   UNCOVERED_SCREENS: []
2026-08-14T13:23:30.9263077Z   SCOPE: global
2026-08-14T13:23:30.9263271Z   EXPECTED: 16
2026-08-14T13:23:30.9263456Z   EXECUTED: 16
2026-08-14T13:23:30.9263639Z   COMPARED: 16
2026-08-14T13:23:30.9263823Z ##[endgroup]
2026-08-14T13:23:30.9624302Z canário anti-verde-vazio: coerente
2026-08-14T13:23:30.9708600Z Node 20 is being deprecated. This workflow is running with Node 24 by default. If you need to temporarily use Node 20, you can set the ACTIONS_ALLOW_USE_UNSECURE_NODE_VERSION=true environment variable. For more information see: https://github.blog/changelog/2025-09-19-deprecation-of-node-20-on-github-actions-runners/
2026-08-14T13:23:30.9709829Z ##[group]Run actions/upload-artifact@v4
2026-08-14T13:23:30.9710101Z with:
2026-08-14T13:23:30.9710304Z   name: pixel-snapshots
2026-08-14T13:23:30.9710547Z   path: tests/.pest/snapshots/
2026-08-14T13:23:30.9710805Z   retention-days: 14
2026-08-14T13:23:30.9711031Z   if-no-files-found: ignore
2026-08-14T13:23:30.9711270Z   compression-level: 6
2026-08-14T13:23:30.9711486Z   overwrite: false
2026-08-14T13:23:30.9711709Z   include-hidden-files: false
2026-08-14T13:23:30.9711949Z env:
2026-08-14T13:23:30.9712142Z   VISREG_GRAY_APPROVED: 0
2026-08-14T13:23:30.9712378Z   COMPOSER_PROCESS_TIMEOUT: 0
2026-08-14T13:23:30.9712647Z   COMPOSER_NO_INTERACTION: 1
2026-08-14T13:23:30.9712882Z   COMPOSER_NO_AUDIT: 1
2026-08-14T13:23:30.9713090Z ##[endgroup]
2026-08-14T13:23:31.1416165Z (node:11463) [DEP0040] DeprecationWarning: The `punycode` module is deprecated. Please use a userland alternative instead.
2026-08-14T13:23:31.1417742Z (Use `node --trace-deprecation ...` to show where the warning was created)
2026-08-14T13:23:31.1712650Z With the provided path, there will be 69 files uploaded
2026-08-14T13:23:31.1713478Z Artifact name is valid!
2026-08-14T13:23:31.1713918Z Root directory input is valid!
2026-08-14T13:23:31.3487984Z Beginning upload of artifact content to blob storage
2026-08-14T13:23:31.7535840Z (node:11463) [DEP0169] DeprecationWarning: `url.parse()` behavior is not standardized and prone to errors that have security implications. Use the WHATWG URL API instead. CVEs are not issued for `url.parse()` vulnerabilities.
2026-08-14T13:23:32.1535337Z Uploaded bytes 8388608
2026-08-14T13:23:32.1890053Z Uploaded bytes 8616322
2026-08-14T13:23:32.2245003Z Finished uploading artifact content to blob storage!
2026-08-14T13:23:32.2246156Z SHA256 digest of uploaded artifact zip is 67c56d080392584e0cb8a00a6a9b1ec345123b766e654a750005be98c183000b
2026-08-14T13:23:32.2248030Z Finalizing artifact upload
2026-08-14T13:23:32.3914776Z Artifact pixel-snapshots.zip successfully finalized. Artifact ID 9220580075
2026-08-14T13:23:32.3915982Z Artifact pixel-snapshots has been successfully uploaded! Final size is 8616322 bytes. Artifact ID is 9220580075
2026-08-14T13:23:32.3921598Z Artifact download URL: https://github.com/wagnerra23/oimpresso.com/actions/runs/31803753983/artifacts/9220580075
2026-08-14T13:23:32.4085265Z Node 20 is being deprecated. This workflow is running with Node 24 by default. If you need to temporarily use Node 20, you can set the ACTIONS_ALLOW_USE_UNSECURE_NODE_VERSION=true environment variable. For more information see: https://github.blog/changelog/2025-09-19-deprecation-of-node-20-on-github-actions-runners/
2026-08-14T13:23:32.4086523Z ##[group]Run actions/upload-artifact@v4
2026-08-14T13:23:32.4087071Z with:
2026-08-14T13:23:32.4087287Z   name: pixel-diff-views
2026-08-14T13:23:32.4087538Z   path: storage/app/visreg-diffs/
2026-08-14T13:23:32.4087815Z   retention-days: 7
2026-08-14T13:23:32.4088040Z   if-no-files-found: ignore
2026-08-14T13:23:32.4088281Z   compression-level: 6
2026-08-14T13:23:32.4088499Z   overwrite: false
2026-08-14T13:23:32.4088719Z   include-hidden-files: false
2026-08-14T13:23:32.4088958Z env:
2026-08-14T13:23:32.4089155Z   VISREG_GRAY_APPROVED: 0
2026-08-14T13:23:32.4089390Z   COMPOSER_PROCESS_TIMEOUT: 0
2026-08-14T13:23:32.4089654Z   COMPOSER_NO_INTERACTION: 1
2026-08-14T13:23:32.4089892Z   COMPOSER_NO_AUDIT: 1
2026-08-14T13:23:32.4090103Z ##[endgroup]
2026-08-14T13:23:32.5765801Z (node:11475) [DEP0040] DeprecationWarning: The `punycode` module is deprecated. Please use a userland alternative instead.
2026-08-14T13:23:32.5767341Z (Use `node --trace-deprecation ...` to show where the warning was created)
2026-08-14T13:23:32.5782626Z No files were found with the provided path: storage/app/visreg-diffs/. No artifacts will be uploaded.
2026-08-14T13:23:32.5954730Z ##[group]Run if [ "success" = "failure" ]; then
2026-08-14T13:23:32.5955119Z [36;1mif [ "success" = "failure" ]; then[0m
2026-08-14T13:23:32.5955671Z [36;1m  echo "🔴 PIXEL-DIFF ADVISORY FALHOU — ao menos 1 tela com diff > τ_alto (regressão clara) contra baseline."[0m
2026-08-14T13:23:32.5956439Z [36;1m  echo "   Intencional? npm run visreg:update + aprovação [W]. Regressão? conserte antes do enforcing (L1)."[0m
2026-08-14T13:23:32.5957491Z [36;1m  echo "   Telas em ZONA CINZA bloqueiam sem o label visreg-gray-approved — ver resumo + artifact pixel-diff-views."[0m
2026-08-14T13:23:32.5958012Z [36;1melse[0m
2026-08-14T13:23:32.5958363Z [36;1m  echo "✅ pixel-diff afetadas/núcleo-6 OK — nenhuma tela acima de τ_alto."[0m
2026-08-14T13:23:32.5959085Z [36;1m  echo "   Se houve ZONA CINZA, ela está no step summary (resumo 'Pixel-diff — Zona Cinza') + artifact pixel-diff-views pro [W] revisar."[0m
2026-08-14T13:23:32.5959637Z [36;1mfi[0m
2026-08-14T13:23:32.6002077Z shell: /usr/bin/bash -e {0}
2026-08-14T13:23:32.6002359Z env:
2026-08-14T13:23:32.6002576Z   VISREG_GRAY_APPROVED: 0
2026-08-14T13:23:32.6002837Z   COMPOSER_PROCESS_TIMEOUT: 0
2026-08-14T13:23:32.6003101Z   COMPOSER_NO_INTERACTION: 1
2026-08-14T13:23:32.6003346Z   COMPOSER_NO_AUDIT: 1
2026-08-14T13:23:32.6003570Z ##[endgroup]
2026-08-14T13:23:32.6070187Z ✅ pixel-diff afetadas/núcleo-6 OK — nenhuma tela acima de τ_alto.
2026-08-14T13:23:32.6071530Z    Se houve ZONA CINZA, ela está no step summary (resumo 'Pixel-diff — Zona Cinza') + artifact pixel-diff-views pro [W] revisar.
2026-08-14T13:23:32.6116353Z ##[group]Run npm install -g @lhci/cli@0.15.1
2026-08-14T13:23:32.6117147Z [36;1mnpm install -g @lhci/cli@0.15.1[0m
2026-08-14T13:23:32.6167989Z shell: /usr/bin/bash -e {0}
2026-08-14T13:23:32.6168399Z env:
2026-08-14T13:23:32.6168746Z   VISREG_GRAY_APPROVED: 0
2026-08-14T13:23:32.6169094Z   COMPOSER_PROCESS_TIMEOUT: 0
2026-08-14T13:23:32.6169365Z   COMPOSER_NO_INTERACTION: 1
2026-08-14T13:23:32.6169768Z   COMPOSER_NO_AUDIT: 1
2026-08-14T13:23:32.6170105Z ##[endgroup]
2026-08-14T13:23:38.4034508Z npm warn deprecated inflight@1.0.6: This module is not supported, and leaks memory. Do not use it. Check out lru-cache if you want a good and tested way to coalesce async requests by a key value, which is much more comprehensive and powerful.
2026-08-14T13:23:38.7242305Z npm warn deprecated glob@7.2.3: Old versions of glob are not supported, and contain widely publicized security vulnerabilities, which have been fixed in the current version. Please update. Support for old versions may be purchased (at exorbitant rates) by contacting i@izs.me
2026-08-14T13:23:38.9817802Z npm warn deprecated rimraf@3.0.2: Rimraf versions prior to v4 are no longer supported
2026-08-14T13:23:38.9826140Z npm warn deprecated rimraf@2.7.1: Rimraf versions prior to v4 are no longer supported
2026-08-14T13:23:39.4059787Z npm warn deprecated uuid@8.3.2: uuid@10 and below is no longer supported.  For ESM codebases, update to uuid@latest.  For CommonJS codebases, use uuid@11 (but be aware this version will likely be deprecated in 2028).
2026-08-14T13:23:41.1500391Z 
2026-08-14T13:23:41.1518173Z added 330 packages in 8s
2026-08-14T13:23:41.1527499Z 
2026-08-14T13:23:41.1527881Z 28 packages are looking for funding
2026-08-14T13:23:41.1528248Z   run `npm fund` for details
2026-08-14T13:23:41.1803504Z ##[group]Run lhci autorun --config=lighthouserc.json
2026-08-14T13:23:41.1804092Z [36;1mlhci autorun --config=lighthouserc.json[0m
2026-08-14T13:23:41.1848616Z shell: /usr/bin/bash -e {0}
2026-08-14T13:23:41.1848898Z env:
2026-08-14T13:23:41.1849138Z   VISREG_GRAY_APPROVED: 0
2026-08-14T13:23:41.1849392Z   COMPOSER_PROCESS_TIMEOUT: 0
2026-08-14T13:23:41.1849652Z   COMPOSER_NO_INTERACTION: 1
2026-08-14T13:23:41.1849905Z   COMPOSER_NO_AUDIT: 1
2026-08-14T13:23:41.1850129Z   PHP_CLI_SERVER_WORKERS: 4
2026-08-14T13:23:41.1850365Z ##[endgroup]
2026-08-14T13:23:41.7885890Z ✅  .lighthouseci/ directory writable
2026-08-14T13:23:41.7887957Z ✅  Configuration file found
2026-08-14T13:23:41.8051322Z ✅  Chrome installation found
2026-08-14T13:23:41.8052025Z ⚠️   GitHub token not set
2026-08-14T13:23:41.8052444Z Healthcheck passed!
2026-08-14T13:23:41.8104172Z 
2026-08-14T13:23:43.1527227Z Started a web server with "APP_URL=http://127.0.0.1:8091 php artisan serve --host=127.0.0.1 --port=8091 --no-reload"...
2026-08-14T13:23:43.1528838Z Running Lighthouse 3 time(s) on http://127.0.0.1:8091/_visreg-login/1?to=/financeiro/unificado
2026-08-14T13:24:10.2730817Z Run #1...done.
2026-08-14T13:24:28.0488777Z Run #2...done.
2026-08-14T13:24:44.9387380Z Run #3...done.
2026-08-14T13:24:44.9388045Z Running Lighthouse 3 time(s) on http://127.0.0.1:8091/_visreg-login/1?to=/sells
2026-08-14T13:25:00.0476291Z Run #1...done.
2026-08-14T13:25:14.8083307Z Run #2...done.
2026-08-14T13:25:29.8896971Z Run #3...done.
2026-08-14T13:25:29.9539641Z Done running Lighthouse!
2026-08-14T13:25:29.9739113Z 
2026-08-14T13:25:30.2959913Z Checking assertions against 2 URL(s), 6 total run(s)
2026-08-14T13:25:30.2960331Z 
2026-08-14T13:25:30.3034126Z 2 result(s) for [1mhttp://127.0.0.1:8091/financeiro/unificado[0m :
2026-08-14T13:25:30.3034550Z 
2026-08-14T13:25:30.3035095Z   [31m✘[0m  [1mcumulative-layout-shift[0m failure for [1mmaxNumericValue[0m assertion
2026-08-14T13:25:30.3035825Z        Cumulative Layout Shift
2026-08-14T13:25:30.3036321Z        https://web.dev/articles/cls
2026-08-14T13:25:30.3036600Z 
2026-08-14T13:25:30.3037042Z         expected: <=[32m0.1[0m
2026-08-14T13:25:30.3037596Z            found: [31m0.2143530459572058[0m
2026-08-14T13:25:30.3038365Z       [2mall values: 0.2143530459572058, 0.2143530459572058, 0.2143530459572058[0m
2026-08-14T13:25:30.3038801Z 
2026-08-14T13:25:30.3038810Z 
2026-08-14T13:25:30.3039467Z   [31m✘[0m  [1mlargest-contentful-paint[0m failure for [1mmaxNumericValue[0m assertion
2026-08-14T13:25:30.3040260Z        Largest Contentful Paint
2026-08-14T13:25:30.3041173Z        https://developer.chrome.com/docs/lighthouse/performance/lighthouse-largest-contentful-paint/
2026-08-14T13:25:30.3041890Z 
2026-08-14T13:25:30.3042469Z         expected: <=[32m4000[0m
2026-08-14T13:25:30.3042976Z            found: [31m4774.221600000002[0m
2026-08-14T13:25:30.3043556Z       [2mall values: 4740.114149999995, 4774.221600000002, 4847.384199999989[0m
2026-08-14T13:25:30.3043848Z 
2026-08-14T13:25:30.3044048Z Assertion failed. Exiting with status code 1.
2026-08-14T13:25:30.3108327Z 
2026-08-14T13:25:30.6287213Z Dumping 6 reports to disk at /home/runner/work/oimpresso.com/oimpresso.com/.lighthouseci...
2026-08-14T13:25:31.4077097Z Done writing reports to disk.
2026-08-14T13:25:31.4230376Z assert command failed. Exiting with status code 1.
2026-08-14T13:25:31.4230824Z 
2026-08-14T13:25:31.4297820Z ##[error]Process completed with exit code 1.
2026-08-14T13:25:31.4378735Z Node 20 is being deprecated. This workflow is running with Node 24 by default. If you need to temporarily use Node 20, you can set the ACTIONS_ALLOW_USE_UNSECURE_NODE_VERSION=true environment variable. For more information see: https://github.blog/changelog/2025-09-19-deprecation-of-node-20-on-github-actions-runners/
2026-08-14T13:25:31.4380099Z ##[group]Run actions/upload-artifact@v4
2026-08-14T13:25:31.4380369Z with:
2026-08-14T13:25:31.4380577Z   name: lighthouse-perf-budget
2026-08-14T13:25:31.4380836Z   path: .lighthouseci/
2026-08-14T13:25:31.4381066Z   include-hidden-files: true
2026-08-14T13:25:31.4381305Z   retention-days: 14
2026-08-14T13:25:31.4381521Z   if-no-files-found: ignore
2026-08-14T13:25:31.4381753Z   compression-level: 6
2026-08-14T13:25:31.4381967Z   overwrite: false
2026-08-14T13:25:31.4382162Z env:
2026-08-14T13:25:31.4382353Z   VISREG_GRAY_APPROVED: 0
2026-08-14T13:25:31.4382587Z   COMPOSER_PROCESS_TIMEOUT: 0
2026-08-14T13:25:31.4382859Z   COMPOSER_NO_INTERACTION: 1
2026-08-14T13:25:31.4383091Z   COMPOSER_NO_AUDIT: 1
2026-08-14T13:25:31.4383294Z ##[endgroup]
2026-08-14T13:25:31.6096063Z (node:12819) [DEP0040] DeprecationWarning: The `punycode` module is deprecated. Please use a userland alternative instead.
2026-08-14T13:25:31.6097383Z (Use `node --trace-deprecation ...` to show where the warning was created)
2026-08-14T13:25:31.6206992Z With the provided path, there will be 26 files uploaded
2026-08-14T13:25:31.6213118Z Artifact name is valid!
2026-08-14T13:25:31.6213962Z Root directory input is valid!
2026-08-14T13:25:31.7941272Z Beginning upload of artifact content to blob storage
2026-08-14T13:25:32.1073008Z (node:12819) [DEP0169] DeprecationWarning: `url.parse()` behavior is not standardized and prone to errors that have security implications. Use the WHATWG URL API instead. CVEs are not issued for `url.parse()` vulnerabilities.
2026-08-14T13:25:32.4479372Z Uploaded bytes 3136092
2026-08-14T13:25:32.4870762Z Finished uploading artifact content to blob storage!
2026-08-14T13:25:32.4871640Z SHA256 digest of uploaded artifact zip is de3092fe6e0c539b20553320728ec14cdef498c4489daaf6ea2387b54c466dc3
2026-08-14T13:25:32.4873285Z Finalizing artifact upload
2026-08-14T13:25:32.6591573Z Artifact lighthouse-perf-budget.zip successfully finalized. Artifact ID 9220638467
2026-08-14T13:25:32.6592975Z Artifact lighthouse-perf-budget has been successfully uploaded! Final size is 3136092 bytes. Artifact ID is 9220638467
2026-08-14T13:25:32.6598148Z Artifact download URL: https://github.com/wagnerra23/oimpresso.com/actions/runs/31803753983/artifacts/9220638467
2026-08-14T13:25:32.6752631Z ##[group]Run if [ "failure" = "failure" ]; then
2026-08-14T13:25:32.6753017Z [36;1mif [ "failure" = "failure" ]; then[0m
2026-08-14T13:25:32.6753745Z [36;1m  echo "🟡 L5 PERF BUDGET ADVISORY FALHOU — alguma métrica acima do orçamento (ver artifact lighthouse-perf-budget)."[0m
2026-08-14T13:25:32.6754619Z [36;1m  echo "   ARMADO (ADR 0275 §3): CLS error@0.1 · LCP error@4000 · TBT error@600 (tetos anti-regressão)."[0m
2026-08-14T13:25:32.6755309Z [36;1m  echo "   Regressão? conserte. Orçamento irreal? ajuste lighthouserc.json com evidência das medianas."[0m
2026-08-14T13:25:32.6755793Z [36;1melse[0m
2026-08-14T13:25:32.6756240Z [36;1m  echo "✅ L5 perf budget OK (advisory · ARMADO — verde dentro dos tetos; pronto p/ promoção [W] ADR 0275 §5)."[0m
2026-08-14T13:25:32.6757187Z [36;1mfi[0m
2026-08-14T13:25:32.6800157Z shell: /usr/bin/bash -e {0}
2026-08-14T13:25:32.6800443Z env:
2026-08-14T13:25:32.6800662Z   VISREG_GRAY_APPROVED: 0
2026-08-14T13:25:32.6800972Z   COMPOSER_PROCESS_TIMEOUT: 0
2026-08-14T13:25:32.6801238Z   COMPOSER_NO_INTERACTION: 1
2026-08-14T13:25:32.6801485Z   COMPOSER_NO_AUDIT: 1
2026-08-14T13:25:32.6801716Z ##[endgroup]
2026-08-14T13:25:32.6874027Z 🟡 L5 PERF BUDGET ADVISORY FALHOU — alguma métrica acima do orçamento (ver artifact lighthouse-perf-budget).
2026-08-14T13:25:32.6875367Z    ARMADO (ADR 0275 §3): CLS error@0.1 · LCP error@4000 · TBT error@600 (tetos anti-regressão).
2026-08-14T13:25:32.6876189Z    Regressão? conserte. Orçamento irreal? ajuste lighthouserc.json com evidência das medianas.
2026-08-14T13:25:39.2038794Z Node 20 is being deprecated. This workflow is running with Node 24 by default. If you need to temporarily use Node 20, you can set the ACTIONS_ALLOW_USE_UNSECURE_NODE_VERSION=true environment variable. For more information see: https://github.blog/changelog/2025-09-19-deprecation-of-node-20-on-github-actions-runners/
2026-08-14T13:25:39.2040033Z Post job cleanup.
2026-08-14T13:25:39.3256260Z (node:12864) [DEP0040] DeprecationWarning: The `punycode` module is deprecated. Please use a userland alternative instead.
2026-08-14T13:25:39.3258037Z (Use `node --trace-deprecation ...` to show where the warning was created)
2026-08-14T13:25:39.3440518Z [command]/usr/bin/tar --posix -cf cache.tzst --exclude cache.tzst -P -C /home/runner/work/oimpresso.com/oimpresso.com --files-from manifest.txt --use-compress-program zstdmt
2026-08-14T13:25:43.1464218Z (node:12864) [DEP0169] DeprecationWarning: `url.parse()` behavior is not standardized and prone to errors that have security implications. Use the WHATWG URL API instead. CVEs are not issued for `url.parse()` vulnerabilities.
2026-08-14T13:25:44.1255268Z Sent 4641663 of 474403711 (1.0%), 4.4 MBs/sec
2026-08-14T13:25:45.1255820Z Sent 407294847 of 474403711 (85.9%), 194.2 MBs/sec
2026-08-14T13:25:46.1263257Z Sent 474403711 of 474403711 (100.0%), 150.8 MBs/sec
2026-08-14T13:25:46.2655652Z Cache saved with key: ubuntu-24.04-X64-playwright-all-browsers-v1-cbc2130f219d7aa0783d63a6a52fbc0f4355e5a1e441162ea19f084e90876c61
2026-08-14T13:25:52.4696552Z Node 20 is being deprecated. This workflow is running with Node 24 by default. If you need to temporarily use Node 20, you can set the ACTIONS_ALLOW_USE_UNSECURE_NODE_VERSION=true environment variable. For more information see: https://github.blog/changelog/2025-09-19-deprecation-of-node-20-on-github-actions-runners/
2026-08-14T13:25:52.4698061Z Post job cleanup.
2026-08-14T13:25:52.5821004Z (node:12916) [DEP0040] DeprecationWarning: The `punycode` module is deprecated. Please use a userland alternative instead.
2026-08-14T13:25:52.5821836Z (Use `node --trace-deprecation ...` to show where the warning was created)
2026-08-14T13:25:52.6013470Z [command]/usr/bin/tar --posix -cf cache.tzst --exclude cache.tzst -P -C /home/runner/work/oimpresso.com/oimpresso.com --files-from manifest.txt --use-compress-program zstdmt
2026-08-14T13:25:53.7703335Z Failed to save: Unable to reserve cache with key Linux-composer-71a90d916ca413693df11af085de895564f3ec9b6003123a47ce1faba311b7f9, another job may be creating this cache.
2026-08-14T13:25:53.7897385Z Node 20 is being deprecated. This workflow is running with Node 24 by default. If you need to temporarily use Node 20, you can set the ACTIONS_ALLOW_USE_UNSECURE_NODE_VERSION=true environment variable. For more information see: https://github.blog/changelog/2025-09-19-deprecation-of-node-20-on-github-actions-runners/
2026-08-14T13:25:53.7898645Z Post job cleanup.
2026-08-14T13:25:53.9143036Z (node:12936) [DEP0040] DeprecationWarning: The `punycode` module is deprecated. Please use a userland alternative instead.
2026-08-14T13:25:53.9144282Z (Use `node --trace-deprecation ...` to show where the warning was created)
2026-08-14T13:25:53.9323406Z Node 20 is being deprecated. This workflow is running with Node 24 by default. If you need to temporarily use Node 20, you can set the ACTIONS_ALLOW_USE_UNSECURE_NODE_VERSION=true environment variable. For more information see: https://github.blog/changelog/2025-09-19-deprecation-of-node-20-on-github-actions-runners/
2026-08-14T13:25:53.9324598Z Post job cleanup.
2026-08-14T13:25:54.0313561Z [command]/usr/bin/git version
2026-08-14T13:25:54.0358015Z git version 2.54.0
2026-08-14T13:25:54.0398697Z Temporarily overriding HOME='/home/runner/work/_temp/f507dc18-cb81-4c71-8cdc-dc35a0ca8925' before making global git config changes
2026-08-14T13:25:54.0400492Z Adding repository directory to the temporary git global config as a safe directory
2026-08-14T13:25:54.0405319Z [command]/usr/bin/git config --global --add safe.directory /home/runner/work/oimpresso.com/oimpresso.com
2026-08-14T13:25:54.0451346Z [command]/usr/bin/git config --local --name-only --get-regexp core\.sshCommand
2026-08-14T13:25:54.0491423Z [command]/usr/bin/git submodule foreach --recursive sh -c "git config --local --name-only --get-regexp 'core\.sshCommand' && git config --local --unset-all 'core.sshCommand' || :"
2026-08-14T13:25:54.0784927Z [command]/usr/bin/git config --local --name-only --get-regexp http\.https\:\/\/github\.com\/\.extraheader
2026-08-14T13:25:54.0827737Z http.https://github.com/.extraheader
2026-08-14T13:25:54.0833408Z [command]/usr/bin/git config --local --unset-all http.https://github.com/.extraheader
2026-08-14T13:25:54.0874120Z [command]/usr/bin/git submodule foreach --recursive sh -c "git config --local --name-only --get-regexp 'http\.https\:\/\/github\.com\/\.extraheader' && git config --local --unset-all 'http.https://github.com/.extraheader' || :"
2026-08-14T13:25:54.1171479Z [command]/usr/bin/git config --local --name-only --get-regexp ^includeIf\.gitdir:
2026-08-14T13:25:54.1215268Z [command]/usr/bin/git submodule foreach --recursive git config --local --show-origin --name-only --get-regexp remote.origin.url
2026-08-14T13:25:54.1639782Z Print service container logs: 8114d5cc5ed147b59adf1b064e0624be_mysql80_888bf4
2026-08-14T13:25:54.1644225Z ##[command]/usr/bin/docker logs --details 6fbddc720c60cc740486f349b9a72bb24ebd24c1b12cf9604207dc96786b5cce
2026-08-14T13:25:54.1780605Z  2026-08-14T13:14:11.370197Z 0 [Warning] [MY-011068] [Server] The syntax '--skip-host-cache' is deprecated and will be removed in a future release. Please use SET GLOBAL host_cache_size=0 instead.
2026-08-14T13:25:54.1782379Z  2026-08-14T13:14:11.370281Z 0 [System] [MY-013169] [Server] /usr/sbin/mysqld (mysqld 8.0.46) initializing of server in progress as process 80
2026-08-14T13:25:54.1783501Z  2026-08-14T13:14:11.374955Z 1 [System] [MY-013576] [InnoDB] InnoDB initialization has started.
2026-08-14T13:25:54.1784334Z  2026-08-14T13:14:11.481762Z 1 [System] [MY-013577] [InnoDB] InnoDB initialization has ended.
2026-08-14T13:25:54.1785724Z  2026-08-14T13:14:11.986902Z 6 [Warning] [MY-010453] [Server] root@localhost is created with an empty password ! Please consider switching off the --initialize-insecure option.
2026-08-14T13:25:54.1787788Z  2026-08-14T13:14:14.419881Z 0 [Warning] [MY-011068] [Server] The syntax '--skip-host-cache' is deprecated and will be removed in a future release. Please use SET GLOBAL host_cache_size=0 instead.
2026-08-14T13:25:54.1789372Z  2026-08-14T13:14:14.421403Z 0 [System] [MY-010116] [Server] /usr/sbin/mysqld (mysqld 8.0.46) starting as process 124
2026-08-14T13:25:54.1790391Z  2026-08-14T13:14:14.431187Z 1 [System] [MY-013576] [InnoDB] InnoDB initialization has started.
2026-08-14T13:25:54.1791292Z  2026-08-14T13:14:14.505192Z 1 [System] [MY-013577] [InnoDB] InnoDB initialization has ended.
2026-08-14T13:25:54.1792924Z  2026-08-14T13:14:14.623755Z 0 [Warning] [MY-010068] [Server] CA certificate ca.pem is self signed.
2026-08-14T13:25:54.1793927Z  2026-08-14T13:14:14.623792Z 0 [System] [MY-013602] [Server] Channel mysql_main configured to support TLS. Encrypted connections are now supported for this channel.
2026-08-14T13:25:54.1795319Z  2026-08-14T13:14:14.625318Z 0 [Warning] [MY-011810] [Server] Insecure configuration for --pid-file: Location '/var/run/mysqld' in the path is accessible to all OS users. Consider choosing a different directory.
2026-08-14T13:25:54.1796341Z  2026-08-14T13:14:14.637255Z 0 [System] [MY-011323] [Server] X Plugin ready for connections. Socket: /var/run/mysqld/mysqlx.sock
2026-08-14T13:25:54.1797593Z  2026-08-14T13:14:14.637337Z 0 [System] [MY-010931] [Server] /usr/sbin/mysqld: ready for connections. Version: '8.0.46'  socket: '/var/run/mysqld/mysqld.sock'  port: 0  MySQL Community Server - GPL.
2026-08-14T13:25:54.1798472Z  Warning: Unable to load '/usr/share/zoneinfo/iso3166.tab' as time zone. Skipping it.
2026-08-14T13:25:54.1799051Z  Warning: Unable to load '/usr/share/zoneinfo/leap-seconds.list' as time zone. Skipping it.
2026-08-14T13:25:54.1799641Z  Warning: Unable to load '/usr/share/zoneinfo/leapseconds' as time zone. Skipping it.
2026-08-14T13:25:54.1800177Z  Warning: Unable to load '/usr/share/zoneinfo/tzdata.zi' as time zone. Skipping it.
2026-08-14T13:25:54.1800714Z  Warning: Unable to load '/usr/share/zoneinfo/zone.tab' as time zone. Skipping it.
2026-08-14T13:25:54.1801239Z  Warning: Unable to load '/usr/share/zoneinfo/zone1970.tab' as time zone. Skipping it.
2026-08-14T13:25:54.1801927Z  2026-08-14T13:14:16.214233Z 11 [System] [MY-013172] [Server] Received SHUTDOWN from user root. Shutting down mysqld (Version: 8.0.46).
2026-08-14T13:25:54.1802768Z  2026-08-14T13:14:17.116356Z 0 [System] [MY-010910] [Server] /usr/sbin/mysqld: Shutdown complete (mysqld 8.0.46)  MySQL Community Server - GPL.
2026-08-14T13:25:54.1803774Z  2026-08-14T13:14:17.402594Z 0 [Warning] [MY-011068] [Server] The syntax '--skip-host-cache' is deprecated and will be removed in a future release. Please use SET GLOBAL host_cache_size=0 instead.
2026-08-14T13:25:54.1804694Z  2026-08-14T13:14:17.404157Z 0 [System] [MY-010116] [Server] /usr/sbin/mysqld (mysqld 8.0.46) starting as process 1
2026-08-14T13:25:54.1805546Z  2026-08-14T13:14:17.409368Z 1 [System] [MY-013576] [InnoDB] InnoDB initialization has started.
2026-08-14T13:25:54.1806117Z  2026-08-14T13:14:17.479176Z 1 [System] [MY-013577] [InnoDB] InnoDB initialization has ended.
2026-08-14T13:25:54.1806688Z  2026-08-14T13:14:17.577075Z 0 [Warning] [MY-010068] [Server] CA certificate ca.pem is self signed.
2026-08-14T13:25:54.1808104Z  2026-08-14T13:14:17.577120Z 0 [System] [MY-013602] [Server] Channel mysql_main configured to support TLS. Encrypted connections are now supported for this channel.
2026-08-14T13:25:54.1809251Z  2026-08-14T13:14:17.578786Z 0 [Warning] [MY-011810] [Server] Insecure configuration for --pid-file: Location '/var/run/mysqld' in the path is accessible to all OS users. Consider choosing a different directory.
2026-08-14T13:25:54.1810352Z  2026-08-14T13:14:17.592646Z 0 [System] [MY-011323] [Server] X Plugin ready for connections. Bind-address: '::' port: 33060, socket: /var/run/mysqld/mysqlx.sock
2026-08-14T13:25:54.1811407Z  2026-08-14T13:14:17.592755Z 0 [System] [MY-010931] [Server] /usr/sbin/mysqld: ready for connections. Version: '8.0.46'  socket: '/var/run/mysqld/mysqld.sock'  port: 3306  MySQL Community Server - GPL.
2026-08-14T13:25:54.1812310Z  2026-08-14 13:14:11+00:00 [Note] [Entrypoint]: Entrypoint script for MySQL Server 8.0.46-1.el9 started.
2026-08-14T13:25:54.1812875Z  2026-08-14 13:14:11+00:00 [Note] [Entrypoint]: Switching to dedicated user 'mysql'
2026-08-14T13:25:54.1813406Z  2026-08-14 13:14:11+00:00 [Note] [Entrypoint]: Entrypoint script for MySQL Server 8.0.46-1.el9 started.
2026-08-14T13:25:54.1813933Z  2026-08-14 13:14:11+00:00 [Note] [Entrypoint]: Initializing database files
2026-08-14T13:25:54.1814377Z  2026-08-14 13:14:14+00:00 [Note] [Entrypoint]: Database files initialized
2026-08-14T13:25:54.1814830Z  2026-08-14 13:14:14+00:00 [Note] [Entrypoint]: Starting temporary server
2026-08-14T13:25:54.1815257Z  2026-08-14 13:14:14+00:00 [Note] [Entrypoint]: Temporary server started.
2026-08-14T13:25:54.1815687Z  '/var/lib/mysql/mysql.sock' -> '/var/run/mysqld/mysqld.sock'
2026-08-14T13:25:54.1816291Z  2026-08-14 13:14:16+00:00 [Note] [Entrypoint]: Creating database oimpresso_test
2026-08-14T13:25:54.1816658Z  
2026-08-14T13:25:54.1817175Z  2026-08-14 13:14:16+00:00 [Note] [Entrypoint]: Stopping temporary server
2026-08-14T13:25:54.1817610Z  2026-08-14 13:14:17+00:00 [Note] [Entrypoint]: Temporary server stopped
2026-08-14T13:25:54.1817959Z  
2026-08-14T13:25:54.1818288Z  2026-08-14 13:14:17+00:00 [Note] [Entrypoint]: MySQL init process done. Ready for start up.
2026-08-14T13:25:54.1818706Z  
2026-08-14T13:25:54.1823780Z Stop and remove container: 8114d5cc5ed147b59adf1b064e0624be_mysql80_888bf4
2026-08-14T13:25:54.1828961Z ##[command]/usr/bin/docker rm --force 6fbddc720c60cc740486f349b9a72bb24ebd24c1b12cf9604207dc96786b5cce
2026-08-14T13:25:54.3979821Z 6fbddc720c60cc740486f349b9a72bb24ebd24c1b12cf9604207dc96786b5cce
2026-08-14T13:25:54.4011388Z Remove container network: github_network_ca2016e8067b4e1ba25a5aeb0103555e
2026-08-14T13:25:54.4015489Z ##[command]/usr/bin/docker network rm github_network_ca2016e8067b4e1ba25a5aeb0103555e
2026-08-14T13:25:54.4994154Z github_network_ca2016e8067b4e1ba25a5aeb0103555e
2026-08-14T13:25:54.5064680Z Cleaning up orphan processes
2026-08-14T13:25:54.5473889Z Terminate orphan process: pid (7864) (node)
2026-08-14T13:25:54.5502114Z Terminate orphan process: pid (8348) (node)
2026-08-14T13:25:54.5549932Z Terminate orphan process: pid (8856) (node)
2026-08-14T13:25:54.5619215Z Terminate orphan process: pid (9434) (node)
2026-08-14T13:25:54.5644983Z Terminate orphan process: pid (9918) (node)
2026-08-14T13:25:54.5687278Z Terminate orphan process: pid (10492) (node)
2026-08-14T13:25:54.5711276Z Terminate orphan process: pid (10874) (node)
2026-08-14T13:25:54.5753086Z Terminate orphan process: pid (11102) (node)
2026-08-14T13:25:54.5817406Z ##[warning]Node.js 20 is deprecated. The following actions target Node.js 20 but are being forced to run on Node.js 24: actions/cache@v4, actions/checkout@v4, actions/setup-node@v4, actions/upload-artifact@v4. For more information see: https://github.blog/changelog/2025-09-19-deprecation-of-node-20-on-github-actions-runners/
