2026-08-14T15:28:10.2577949Z Current runner version: '2.336.0'
2026-08-14T15:28:10.2605119Z ##[group]Runner Image Provisioner
2026-08-14T15:28:10.2606051Z Hosted Compute Agent
2026-08-14T15:28:10.2606663Z Version: 20260729.566
2026-08-14T15:28:10.2607321Z Commit: cf7153fe6e25b664e8693c24944bf2b00355d109
2026-08-14T15:28:10.2608097Z Build Date: 2026-07-29T19:17:02Z
2026-08-14T15:28:10.2608775Z Worker ID: {58c42cc7-db1c-4101-8149-f03e4019119f}
2026-08-14T15:28:10.2609464Z Azure Region: westus
2026-08-14T15:28:10.2610090Z ##[endgroup]
2026-08-14T15:28:10.2611618Z ##[group]Operating System
2026-08-14T15:28:10.2612316Z Ubuntu
2026-08-14T15:28:10.2612856Z 24.04.4
2026-08-14T15:28:10.2613361Z LTS
2026-08-14T15:28:10.2614483Z ##[endgroup]
2026-08-14T15:28:10.2615126Z ##[group]Runner Image
2026-08-14T15:28:10.2615750Z Image: ubuntu-24.04
2026-08-14T15:28:10.2616327Z Version: 20260810.271.1
2026-08-14T15:28:10.2617708Z Included Software: https://github.com/actions/runner-images/blob/ubuntu24/20260810.271/images/ubuntu/Ubuntu2404-Readme.md
2026-08-14T15:28:10.2619272Z Image Release: https://github.com/actions/runner-images/releases/tag/ubuntu24%2F20260810.271
2026-08-14T15:28:10.2620387Z ##[endgroup]
2026-08-14T15:28:10.2621682Z ##[group]GITHUB_TOKEN Permissions
2026-08-14T15:28:10.2624133Z Contents: read
2026-08-14T15:28:10.2624804Z Metadata: read
2026-08-14T15:28:10.2625373Z PullRequests: write
2026-08-14T15:28:10.2626016Z ##[endgroup]
2026-08-14T15:28:10.2628209Z Secret source: Actions
2026-08-14T15:28:10.2629326Z Prepare workflow directory
2026-08-14T15:28:10.3336365Z Prepare all required actions
2026-08-14T15:28:10.3387251Z Getting action download info
2026-08-14T15:28:10.7047513Z Download action repository 'actions/checkout@v4' (SHA:11d5960a326750d5838078e36cf38b85af677262)
2026-08-14T15:28:10.9449068Z Download action repository 'shivammathur/setup-php@v2' (SHA:f3e473d116dcccaddc5834248c87452386958240)
2026-08-14T15:28:11.2459639Z Download action repository 'actions/setup-node@v4' (SHA:49933ea5288caeca8642d1e84afbd3f7d6820020)
2026-08-14T15:28:11.3868617Z Download action repository 'actions/cache@v4' (SHA:0057852bfaa89a56745cba8c7296529d2fc39830)
2026-08-14T15:28:11.5487999Z Download action repository 'actions/upload-artifact@v4' (SHA:ea165f8d65b6e75b540449e92b4886f43607fa02)
2026-08-14T15:28:11.7620972Z Download action repository 'actions/github-script@v7' (SHA:f28e40c7f34bde8b3046d885e986cb6290c5673b)
2026-08-14T15:28:12.2984476Z Complete job name: visual-regression
2026-08-14T15:28:12.3853101Z ##[group]Checking docker version
2026-08-14T15:28:12.3867188Z ##[command]/usr/bin/docker version --format '{{.Server.APIVersion}}'
2026-08-14T15:28:13.7132642Z '1.48'
2026-08-14T15:28:13.7152340Z Docker daemon API version: '1.48'
2026-08-14T15:28:13.7153045Z ##[command]/usr/bin/docker version --format '{{.Client.APIVersion}}'
2026-08-14T15:28:13.7422231Z '1.48'
2026-08-14T15:28:13.7435109Z Docker client API version: '1.48'
2026-08-14T15:28:13.7442106Z ##[endgroup]
2026-08-14T15:28:13.7446255Z ##[group]Clean up resources from previous jobs
2026-08-14T15:28:13.7451510Z ##[command]/usr/bin/docker ps --all --quiet --no-trunc --filter "label=477c82"
2026-08-14T15:28:13.7665535Z ##[command]/usr/bin/docker network prune --force --filter "label=477c82"
2026-08-14T15:28:13.7852383Z ##[endgroup]
2026-08-14T15:28:13.7852812Z ##[group]Create local container network
2026-08-14T15:28:13.7862852Z ##[command]/usr/bin/docker network create --label 477c82 github_network_81a6a05dc9974a538de9c993b6f40c91
2026-08-14T15:28:13.8446224Z c641c4aedca4bb3d5b6a57903b138afc1178b8ca1a78f8b8ca83d22f59ba7ea6
2026-08-14T15:28:13.8466829Z ##[endgroup]
2026-08-14T15:28:13.8491553Z ##[group]Starting mysql service container
2026-08-14T15:28:13.8512279Z ##[command]/usr/bin/docker pull mysql:8.0
2026-08-14T15:28:14.8125017Z 8.0: Pulling from library/mysql
2026-08-14T15:28:15.1095363Z edf85873f64e: Pulling fs layer
2026-08-14T15:28:15.1095981Z 6ef6c7b50a93: Pulling fs layer
2026-08-14T15:28:15.1096402Z e3e5d1ac74c1: Pulling fs layer
2026-08-14T15:28:15.1096812Z 0d74d296605b: Pulling fs layer
2026-08-14T15:28:15.1097611Z 297d04cfe470: Pulling fs layer
2026-08-14T15:28:15.1098050Z 4c8a3e0d4e4b: Pulling fs layer
2026-08-14T15:28:15.1098574Z a63160a5eda1: Pulling fs layer
2026-08-14T15:28:15.1098907Z 7534d1db9f8d: Pulling fs layer
2026-08-14T15:28:15.1099235Z 49ec2dab01d9: Pulling fs layer
2026-08-14T15:28:15.1099754Z ab24264a27e9: Pulling fs layer
2026-08-14T15:28:15.1100090Z 96d30d9fbee8: Pulling fs layer
2026-08-14T15:28:15.1100429Z 0d74d296605b: Waiting
2026-08-14T15:28:15.1100894Z 297d04cfe470: Waiting
2026-08-14T15:28:15.1101196Z 7534d1db9f8d: Waiting
2026-08-14T15:28:15.1101502Z 4c8a3e0d4e4b: Waiting
2026-08-14T15:28:15.1101827Z a63160a5eda1: Waiting
2026-08-14T15:28:15.1102238Z 49ec2dab01d9: Waiting
2026-08-14T15:28:15.1102525Z ab24264a27e9: Waiting
2026-08-14T15:28:15.1102809Z 96d30d9fbee8: Waiting
2026-08-14T15:28:15.3443661Z 6ef6c7b50a93: Verifying Checksum
2026-08-14T15:28:15.3444670Z 6ef6c7b50a93: Download complete
2026-08-14T15:28:15.3518537Z e3e5d1ac74c1: Verifying Checksum
2026-08-14T15:28:15.3519360Z e3e5d1ac74c1: Download complete
2026-08-14T15:28:15.4918245Z edf85873f64e: Verifying Checksum
2026-08-14T15:28:15.4924248Z edf85873f64e: Download complete
2026-08-14T15:28:15.5821424Z 297d04cfe470: Verifying Checksum
2026-08-14T15:28:15.5822164Z 297d04cfe470: Download complete
2026-08-14T15:28:15.6071845Z 0d74d296605b: Verifying Checksum
2026-08-14T15:28:15.6075543Z 0d74d296605b: Download complete
2026-08-14T15:28:15.7218082Z 4c8a3e0d4e4b: Download complete
2026-08-14T15:28:15.8209844Z 7534d1db9f8d: Verifying Checksum
2026-08-14T15:28:15.8210471Z 7534d1db9f8d: Download complete
2026-08-14T15:28:15.9917513Z a63160a5eda1: Verifying Checksum
2026-08-14T15:28:15.9923893Z a63160a5eda1: Download complete
2026-08-14T15:28:16.0625267Z ab24264a27e9: Verifying Checksum
2026-08-14T15:28:16.0626388Z ab24264a27e9: Download complete
2026-08-14T15:28:16.2239703Z 96d30d9fbee8: Verifying Checksum
2026-08-14T15:28:16.2240300Z 96d30d9fbee8: Download complete
2026-08-14T15:28:16.3899434Z 49ec2dab01d9: Verifying Checksum
2026-08-14T15:28:16.3901370Z 49ec2dab01d9: Download complete
2026-08-14T15:28:16.9336362Z edf85873f64e: Pull complete
2026-08-14T15:28:19.6741578Z 6ef6c7b50a93: Pull complete
2026-08-14T15:28:19.7002546Z e3e5d1ac74c1: Pull complete
2026-08-14T15:28:19.9335239Z 0d74d296605b: Pull complete
2026-08-14T15:28:19.9453943Z 297d04cfe470: Pull complete
2026-08-14T15:28:19.9583759Z 4c8a3e0d4e4b: Pull complete
2026-08-14T15:28:20.7606231Z a63160a5eda1: Pull complete
2026-08-14T15:28:20.7712138Z 7534d1db9f8d: Pull complete
2026-08-14T15:28:28.7398071Z 49ec2dab01d9: Pull complete
2026-08-14T15:28:28.7534410Z ab24264a27e9: Pull complete
2026-08-14T15:28:28.7622072Z 96d30d9fbee8: Pull complete
2026-08-14T15:28:28.7666145Z Digest: sha256:7dcddc01f13bab2f15cde676d44d01f61fc9f99fe7785e86196dfc07d358ae2b
2026-08-14T15:28:28.7677781Z Status: Downloaded newer image for mysql:8.0
2026-08-14T15:28:28.7686869Z docker.io/library/mysql:8.0
2026-08-14T15:28:28.7748348Z ##[command]/usr/bin/docker create --name a8965592ef874ee7bcbbbaad54b4039a_mysql80_31c5cc --label 477c82 --network github_network_81a6a05dc9974a538de9c993b6f40c91 --network-alias mysql -p 3306:3306 --health-cmd="mysqladmin ping --silent" --health-interval=10s --health-timeout=5s --health-retries=10 -e "MYSQL_ROOT_PASSWORD=root" -e "MYSQL_DATABASE=oimpresso_test" -e GITHUB_ACTIONS=true -e CI=true mysql:8.0
2026-08-14T15:28:28.8098675Z be9c9205dbf36206d6689962ad0320aad879438b2699e06e120888eaedab8bb2
2026-08-14T15:28:28.8124055Z ##[command]/usr/bin/docker start be9c9205dbf36206d6689962ad0320aad879438b2699e06e120888eaedab8bb2
2026-08-14T15:28:29.7802095Z be9c9205dbf36206d6689962ad0320aad879438b2699e06e120888eaedab8bb2
2026-08-14T15:28:29.7825544Z ##[command]/usr/bin/docker ps --all --filter id=be9c9205dbf36206d6689962ad0320aad879438b2699e06e120888eaedab8bb2 --filter status=running --no-trunc --format "{{.ID}} {{.Status}}"
2026-08-14T15:28:29.7993277Z be9c9205dbf36206d6689962ad0320aad879438b2699e06e120888eaedab8bb2 Up Less than a second (health: starting)
2026-08-14T15:28:29.8018543Z ##[command]/usr/bin/docker port be9c9205dbf36206d6689962ad0320aad879438b2699e06e120888eaedab8bb2
2026-08-14T15:28:29.8164691Z 3306/tcp -> 0.0.0.0:3306
2026-08-14T15:28:29.8165340Z 3306/tcp -> [::]:3306
2026-08-14T15:28:29.8225626Z ##[endgroup]
2026-08-14T15:28:29.8237911Z ##[group]Waiting for all services to be ready
2026-08-14T15:28:29.8256883Z ##[command]/usr/bin/docker inspect --format="{{if .Config.Healthcheck}}{{print .State.Health.Status}}{{end}}" be9c9205dbf36206d6689962ad0320aad879438b2699e06e120888eaedab8bb2
2026-08-14T15:28:29.8414607Z starting
2026-08-14T15:28:29.8441823Z mysql service is starting, waiting 2 seconds before checking again.
2026-08-14T15:28:31.8437505Z ##[command]/usr/bin/docker inspect --format="{{if .Config.Healthcheck}}{{print .State.Health.Status}}{{end}}" be9c9205dbf36206d6689962ad0320aad879438b2699e06e120888eaedab8bb2
2026-08-14T15:28:31.8574355Z starting
2026-08-14T15:28:31.8589167Z mysql service is starting, waiting 3 seconds before checking again.
2026-08-14T15:28:35.6801047Z ##[command]/usr/bin/docker inspect --format="{{if .Config.Healthcheck}}{{print .State.Health.Status}}{{end}}" be9c9205dbf36206d6689962ad0320aad879438b2699e06e120888eaedab8bb2
2026-08-14T15:28:35.6936933Z starting
2026-08-14T15:28:35.6951238Z mysql service is starting, waiting 8 seconds before checking again.
2026-08-14T15:28:43.7105729Z ##[command]/usr/bin/docker inspect --format="{{if .Config.Healthcheck}}{{print .State.Health.Status}}{{end}}" be9c9205dbf36206d6689962ad0320aad879438b2699e06e120888eaedab8bb2
2026-08-14T15:28:43.7239210Z healthy
2026-08-14T15:28:43.7271325Z mysql service is healthy.
2026-08-14T15:28:43.7272058Z ##[endgroup]
2026-08-14T15:28:43.7559326Z Node 20 is being deprecated. This workflow is running with Node 24 by default. If you need to temporarily use Node 20, you can set the ACTIONS_ALLOW_USE_UNSECURE_NODE_VERSION=true environment variable. For more information see: https://github.blog/changelog/2025-09-19-deprecation-of-node-20-on-github-actions-runners/
2026-08-14T15:28:43.7567766Z ##[group]Run actions/checkout@v4
2026-08-14T15:28:43.7568211Z with:
2026-08-14T15:28:43.7568411Z   lfs: true
2026-08-14T15:28:43.7568602Z   fetch-depth: 100
2026-08-14T15:28:43.7568835Z   repository: wagnerra23/oimpresso.com
2026-08-14T15:28:43.7571521Z   token: ***
2026-08-14T15:28:43.7571735Z   ssh-strict: true
2026-08-14T15:28:43.7571938Z   ssh-user: git
2026-08-14T15:28:43.7572142Z   persist-credentials: true
2026-08-14T15:28:43.7572371Z   clean: true
2026-08-14T15:28:43.7572585Z   sparse-checkout-cone-mode: true
2026-08-14T15:28:43.7572839Z   fetch-tags: false
2026-08-14T15:28:43.7573044Z   show-progress: true
2026-08-14T15:28:43.7573315Z   submodules: false
2026-08-14T15:28:43.7573769Z   set-safe-directory: true
2026-08-14T15:28:43.7574015Z   allow-unsafe-pr-checkout: false
2026-08-14T15:28:43.7574612Z env:
2026-08-14T15:28:43.7574806Z   VISREG_GRAY_APPROVED: 0
2026-08-14T15:28:43.7575033Z ##[endgroup]
2026-08-14T15:28:43.8637847Z Syncing repository: wagnerra23/oimpresso.com
2026-08-14T15:28:43.8639378Z ##[group]Getting Git version info
2026-08-14T15:28:43.8639824Z Working directory is '/home/runner/work/oimpresso.com/oimpresso.com'
2026-08-14T15:28:43.8640428Z [command]/usr/bin/git version
2026-08-14T15:28:44.0238528Z git version 2.54.0
2026-08-14T15:28:44.0280800Z [command]/usr/bin/git lfs version
2026-08-14T15:28:44.9586417Z git-lfs/3.7.1 (GitHub; linux amd64; go 1.24.4)
2026-08-14T15:28:44.9602454Z ##[endgroup]
2026-08-14T15:28:44.9621607Z Temporarily overriding HOME='/home/runner/work/_temp/07710f8d-fc70-49ba-b6d2-e94d313571d9' before making global git config changes
2026-08-14T15:28:44.9623019Z Adding repository directory to the temporary git global config as a safe directory
2026-08-14T15:28:44.9628569Z [command]/usr/bin/git config --global --add safe.directory /home/runner/work/oimpresso.com/oimpresso.com
2026-08-14T15:28:44.9904402Z Deleting the contents of '/home/runner/work/oimpresso.com/oimpresso.com'
2026-08-14T15:28:44.9909238Z ##[group]Initializing the repository
2026-08-14T15:28:44.9914459Z [command]/usr/bin/git init /home/runner/work/oimpresso.com/oimpresso.com
2026-08-14T15:28:45.0660891Z hint: Using 'master' as the name for the initial branch. This default branch name
2026-08-14T15:28:45.0662018Z hint: will change to "main" in Git 3.0. To configure the initial branch name
2026-08-14T15:28:45.0663011Z hint: to use in all of your new repositories, which will suppress this warning,
2026-08-14T15:28:45.0664317Z hint: call:
2026-08-14T15:28:45.0667146Z hint:
2026-08-14T15:28:45.0667724Z hint: 	git config --global init.defaultBranch <name>
2026-08-14T15:28:45.0668438Z hint:
2026-08-14T15:28:45.0669023Z hint: Names commonly chosen instead of 'master' are 'main', 'trunk' and
2026-08-14T15:28:45.0669773Z hint: 'development'. The just-created branch can be renamed via this command:
2026-08-14T15:28:45.0670317Z hint:
2026-08-14T15:28:45.0670593Z hint: 	git branch -m <name>
2026-08-14T15:28:45.0670909Z hint:
2026-08-14T15:28:45.0671353Z hint: Disable this message with "git config set advice.defaultBranchName false"
2026-08-14T15:28:45.0672168Z Initialized empty Git repository in /home/runner/work/oimpresso.com/oimpresso.com/.git/
2026-08-14T15:28:45.0682507Z [command]/usr/bin/git remote add origin https://github.com/wagnerra23/oimpresso.com
2026-08-14T15:28:45.0988764Z ##[endgroup]
2026-08-14T15:28:45.0989870Z ##[group]Disabling automatic garbage collection
2026-08-14T15:28:45.0996184Z [command]/usr/bin/git config --local gc.auto 0
2026-08-14T15:28:45.1034082Z ##[endgroup]
2026-08-14T15:28:45.1034727Z ##[group]Setting up auth
2026-08-14T15:28:45.1043921Z [command]/usr/bin/git config --local --name-only --get-regexp core\.sshCommand
2026-08-14T15:28:45.1088781Z [command]/usr/bin/git submodule foreach --recursive sh -c "git config --local --name-only --get-regexp 'core\.sshCommand' && git config --local --unset-all 'core.sshCommand' || :"
2026-08-14T15:28:45.1978106Z [command]/usr/bin/git config --local --name-only --get-regexp http\.https\:\/\/github\.com\/\.extraheader
2026-08-14T15:28:45.2017745Z [command]/usr/bin/git submodule foreach --recursive sh -c "git config --local --name-only --get-regexp 'http\.https\:\/\/github\.com\/\.extraheader' && git config --local --unset-all 'http.https://github.com/.extraheader' || :"
2026-08-14T15:28:45.2251747Z [command]/usr/bin/git config --local --name-only --get-regexp ^includeIf\.gitdir:
2026-08-14T15:28:45.2293730Z [command]/usr/bin/git submodule foreach --recursive git config --local --show-origin --name-only --get-regexp remote.origin.url
2026-08-14T15:28:45.2536837Z [command]/usr/bin/git config --local http.https://github.com/.extraheader AUTHORIZATION: basic ***
2026-08-14T15:28:45.2591144Z ##[endgroup]
2026-08-14T15:28:45.2595603Z [command]/usr/bin/git lfs install --local
2026-08-14T15:28:45.3464534Z Updated Git hooks.
2026-08-14T15:28:45.3465071Z Git LFS initialized.
2026-08-14T15:28:45.3524962Z ##[group]Fetching the repository
2026-08-14T15:28:45.3536342Z [command]/usr/bin/git -c protocol.version=2 fetch --no-tags --prune --no-recurse-submodules --depth=100 origin +06bd7fb27cf117e48b3a68dd7ee8f29daae8e473:refs/remotes/pull/5798/merge
2026-08-14T15:28:51.6392569Z From https://github.com/wagnerra23/oimpresso.com
2026-08-14T15:28:51.6393706Z  * [new ref]           06bd7fb27cf117e48b3a68dd7ee8f29daae8e473 -> pull/5798/merge
2026-08-14T15:28:51.6424788Z ##[endgroup]
2026-08-14T15:28:51.6425404Z ##[group]Determining the checkout info
2026-08-14T15:28:51.6454951Z ##[endgroup]
2026-08-14T15:28:51.6464825Z ##[group]Fetching LFS objects
2026-08-14T15:28:51.6465508Z [command]/usr/bin/git lfs fetch origin refs/remotes/pull/5798/merge
2026-08-14T15:28:51.6683049Z Fetching reference refs/remotes/pull/5798/merge
2026-08-14T15:28:51.9582527Z ##[endgroup]
2026-08-14T15:28:51.9588065Z [command]/usr/bin/git sparse-checkout disable
2026-08-14T15:28:51.9692954Z [command]/usr/bin/git config --local --unset-all extensions.worktreeConfig
2026-08-14T15:28:51.9726848Z ##[group]Checking out the ref
2026-08-14T15:28:51.9732783Z [command]/usr/bin/git checkout --progress --force refs/remotes/pull/5798/merge
2026-08-14T15:28:53.0111288Z Updating files:  48% (7954/16261)
2026-08-14T15:28:53.0310062Z Updating files:  49% (7968/16261)
2026-08-14T15:28:53.0440123Z Updating files:  50% (8131/16261)
2026-08-14T15:28:53.0578787Z Updating files:  51% (8294/16261)
2026-08-14T15:28:53.0724664Z Updating files:  52% (8456/16261)
2026-08-14T15:28:53.0853064Z Updating files:  53% (8619/16261)
2026-08-14T15:28:53.0923772Z Updating files:  54% (8781/16261)
2026-08-14T15:28:53.0993162Z Updating files:  55% (8944/16261)
2026-08-14T15:28:53.1107786Z Updating files:  56% (9107/16261)
2026-08-14T15:28:53.1223230Z Updating files:  57% (9269/16261)
2026-08-14T15:28:53.1329696Z Updating files:  58% (9432/16261)
2026-08-14T15:28:53.1440070Z Updating files:  59% (9594/16261)
2026-08-14T15:28:53.1598941Z Updating files:  60% (9757/16261)
2026-08-14T15:28:53.1721006Z Updating files:  61% (9920/16261)
2026-08-14T15:28:53.1884023Z Updating files:  62% (10082/16261)
2026-08-14T15:28:53.2025081Z Updating files:  63% (10245/16261)
2026-08-14T15:28:53.2195546Z Updating files:  64% (10408/16261)
2026-08-14T15:28:53.2341691Z Updating files:  65% (10570/16261)
2026-08-14T15:28:53.2477511Z Updating files:  66% (10733/16261)
2026-08-14T15:28:53.2646922Z Updating files:  67% (10895/16261)
2026-08-14T15:28:53.2799842Z Updating files:  68% (11058/16261)
2026-08-14T15:28:53.2994693Z Updating files:  69% (11221/16261)
2026-08-14T15:28:53.3145117Z Updating files:  70% (11383/16261)
2026-08-14T15:28:53.3324836Z Updating files:  71% (11546/16261)
2026-08-14T15:28:53.3459669Z Updating files:  72% (11708/16261)
2026-08-14T15:28:53.3596534Z Updating files:  73% (11871/16261)
2026-08-14T15:28:53.3797032Z Updating files:  74% (12034/16261)
2026-08-14T15:28:53.4007916Z Updating files:  75% (12196/16261)
2026-08-14T15:28:53.4444473Z Updating files:  76% (12359/16261)
2026-08-14T15:28:53.4994240Z Updating files:  77% (12521/16261)
2026-08-14T15:28:53.5136382Z Updating files:  78% (12684/16261)
2026-08-14T15:28:53.5271016Z Updating files:  79% (12847/16261)
2026-08-14T15:28:53.5400963Z Updating files:  80% (13009/16261)
2026-08-14T15:28:53.5544310Z Updating files:  81% (13172/16261)
2026-08-14T15:28:53.5694419Z Updating files:  82% (13335/16261)
2026-08-14T15:28:53.5911903Z Updating files:  83% (13497/16261)
2026-08-14T15:28:53.6150159Z Updating files:  84% (13660/16261)
2026-08-14T15:28:53.6275227Z Updating files:  85% (13822/16261)
2026-08-14T15:28:53.6393228Z Updating files:  86% (13985/16261)
2026-08-14T15:28:53.6499407Z Updating files:  87% (14148/16261)
2026-08-14T15:28:53.6600069Z Updating files:  88% (14310/16261)
2026-08-14T15:28:53.6691975Z Updating files:  89% (14473/16261)
2026-08-14T15:28:53.6783068Z Updating files:  90% (14635/16261)
2026-08-14T15:28:53.6866497Z Updating files:  91% (14798/16261)
2026-08-14T15:28:53.7015478Z Updating files:  92% (14961/16261)
2026-08-14T15:28:53.7171113Z Updating files:  93% (15123/16261)
2026-08-14T15:28:53.7436201Z Updating files:  94% (15286/16261)
2026-08-14T15:28:53.7871759Z Updating files:  95% (15448/16261)
2026-08-14T15:28:53.7979288Z Updating files:  96% (15611/16261)
2026-08-14T15:28:53.8088091Z Updating files:  97% (15774/16261)
2026-08-14T15:28:53.8240282Z Updating files:  98% (15936/16261)
2026-08-14T15:28:53.8358647Z Updating files:  99% (16099/16261)
2026-08-14T15:28:53.8359261Z Updating files: 100% (16261/16261)
2026-08-14T15:28:53.8359723Z Updating files: 100% (16261/16261), done.
2026-08-14T15:28:53.8552136Z Note: switching to 'refs/remotes/pull/5798/merge'.
2026-08-14T15:28:53.8552786Z 
2026-08-14T15:28:53.8553462Z You are in 'detached HEAD' state. You can look around, make experimental
2026-08-14T15:28:53.8554634Z changes and commit them, and you can discard any commits you make in this
2026-08-14T15:28:53.8555341Z state without impacting any branches by switching back to a branch.
2026-08-14T15:28:53.8555757Z 
2026-08-14T15:28:53.8556053Z If you want to create a new branch to retain commits you create, you may
2026-08-14T15:28:53.8556711Z do so (now or later) by using -c with the switch command. Example:
2026-08-14T15:28:53.8557411Z 
2026-08-14T15:28:53.8557563Z   git switch -c <new-branch-name>
2026-08-14T15:28:53.8557875Z 
2026-08-14T15:28:53.8558043Z Or undo this operation with:
2026-08-14T15:28:53.8558341Z 
2026-08-14T15:28:53.8584584Z   git switch -
2026-08-14T15:28:53.8584855Z 
2026-08-14T15:28:53.8585228Z Turn off this advice by setting config variable advice.detachedHead to false
2026-08-14T15:28:53.8585688Z 
2026-08-14T15:28:53.8586132Z HEAD is now at 06bd7fb2 Merge 1d7131ec839380b652badb62990efd1d3afa8380 into dcb0703dc0b15011a938fb0aece78cec13752dbd
2026-08-14T15:28:53.9608285Z ##[endgroup]
2026-08-14T15:28:53.9669627Z [command]/usr/bin/git log -1 --format=%H
2026-08-14T15:28:53.9700240Z 06bd7fb27cf117e48b3a68dd7ee8f29daae8e473
2026-08-14T15:28:53.9897925Z ##[group]Run node scripts/visreg-states-lint.mjs --selftest
2026-08-14T15:28:53.9898438Z [36;1mnode scripts/visreg-states-lint.mjs --selftest[0m
2026-08-14T15:28:53.9898821Z [36;1mnode scripts/visreg-states-lint.mjs[0m
2026-08-14T15:28:53.9899188Z [36;1mnode scripts/visreg-flows-lint.mjs --selftest[0m
2026-08-14T15:28:53.9899530Z [36;1mnode scripts/visreg-flows-lint.mjs[0m
2026-08-14T15:28:53.9899863Z [36;1mnode scripts/visreg-sells-lint.mjs --selftest[0m
2026-08-14T15:28:53.9900196Z [36;1mnode scripts/visreg-sells-lint.mjs[0m
2026-08-14T15:28:53.9900538Z [36;1mnode scripts/governance/ui-impact.mjs --selftest[0m
2026-08-14T15:28:53.9941780Z shell: /usr/bin/bash -e {0}
2026-08-14T15:28:53.9942059Z env:
2026-08-14T15:28:53.9942275Z   VISREG_GRAY_APPROVED: 0
2026-08-14T15:28:53.9942514Z ##[endgroup]
2026-08-14T15:28:56.6927558Z ✓ selftest: match exato → passou (esperado passar)
2026-08-14T15:28:56.6929300Z ✓ selftest: charter sem states → MORDEU (esperado MORDER)
2026-08-14T15:28:56.6930080Z ✓ selftest: estado faltando → MORDEU (esperado MORDER)
2026-08-14T15:28:56.6930600Z ✓ selftest: estado a mais → MORDEU (esperado MORDER)
2026-08-14T15:28:56.6931443Z ✓ selftest: estado fora do vocab → MORDEU (esperado MORDER)
2026-08-14T15:28:56.6931985Z 
2026-08-14T15:28:56.6932598Z ✅ selftest ok — comparador morde drift e passa match (sensibilidade + especificidade).
2026-08-14T15:28:56.8925181Z visreg-states-lint · 6 screen(s) no manifesto · 0 problema(s)
2026-08-14T15:28:56.8926987Z ✅ charter `states:` ⇄ manifesto em sincronia — todo estado declarado tem snapshot.
2026-08-14T15:28:57.2178816Z OK contrato íntegro passa
2026-08-14T15:28:57.2180523Z OK viewport inválido morde
2026-08-14T15:28:57.2181153Z OK ação desconhecida morde
2026-08-14T15:28:57.2181692Z OK suite conhecida passa
2026-08-14T15:28:57.2182296Z OK suite inválida morde
2026-08-14T15:28:57.2487782Z visreg-flows-lint · 0 problema(s)
2026-08-14T15:28:57.2803344Z OK contrato íntegro passa
2026-08-14T15:28:57.2805071Z OK viewport inválido morde
2026-08-14T15:28:57.2805600Z OK ação desconhecida morde
2026-08-14T15:28:57.3109534Z visreg-sells-lint · 0 problema(s)
2026-08-14T15:28:57.3754537Z ui-impact selftest: sensibilidade, especificidade e fail-closed passaram
2026-08-14T15:28:57.3843390Z ##[group]Run git fetch --no-tags --depth=100 origin "$BASE_SHA"
2026-08-14T15:28:57.3844206Z [36;1mgit fetch --no-tags --depth=100 origin "$BASE_SHA"[0m
2026-08-14T15:28:57.3844788Z [36;1mnode scripts/governance/ui-impact.mjs --base="$BASE_SHA" --head=HEAD --github-output="$GITHUB_OUTPUT"[0m
2026-08-14T15:28:57.3882651Z shell: /usr/bin/bash -e {0}
2026-08-14T15:28:57.3882914Z env:
2026-08-14T15:28:57.3883117Z   VISREG_GRAY_APPROVED: 0
2026-08-14T15:28:57.3883680Z   BASE_SHA: dcb0703dc0b15011a938fb0aece78cec13752dbd
2026-08-14T15:28:57.3884013Z ##[endgroup]
2026-08-14T15:28:57.8726906Z From https://github.com/wagnerra23/oimpresso.com
2026-08-14T15:28:57.8728077Z  * branch              dcb0703dc0b15011a938fb0aece78cec13752dbd -> FETCH_HEAD
2026-08-14T15:28:58.0179483Z {
2026-08-14T15:28:58.0180132Z   "base": "dcb0703dc0b15011a938fb0aece78cec13752dbd",
2026-08-14T15:28:58.0180844Z   "diff_base": "dcb0703dc0b15011a938fb0aece78cec13752dbd",
2026-08-14T15:28:58.0181336Z   "head": "HEAD",
2026-08-14T15:28:58.0181937Z   "changed_files": 1,
2026-08-14T15:28:58.0182214Z   "visual_required": true,
2026-08-14T15:28:58.0182507Z   "scope": "targeted",
2026-08-14T15:28:58.0182762Z   "screens": [
2026-08-14T15:28:58.0182995Z     "Sells/Create"
2026-08-14T15:28:58.0183232Z   ],
2026-08-14T15:28:58.0183831Z   "impacted": [
2026-08-14T15:28:58.0184077Z     {
2026-08-14T15:28:58.0184355Z       "path": "resources/js/Pages/Sells/Create.tsx",
2026-08-14T15:28:58.0184739Z       "scope": "targeted",
2026-08-14T15:28:58.0185026Z       "reason": "page-inertia",
2026-08-14T15:28:58.0185324Z       "screen": "Sells/Create"
2026-08-14T15:28:58.0185592Z     }
2026-08-14T15:28:58.0185816Z   ],
2026-08-14T15:28:58.0186049Z   "covered_screens": [
2026-08-14T15:28:58.0186274Z     "Sells/Create"
2026-08-14T15:28:58.0186483Z   ],
2026-08-14T15:28:58.0186679Z   "uncovered_screens": []
2026-08-14T15:28:58.0186919Z }
2026-08-14T15:28:58.0711915Z ##[group]Run if [ "pull_request" = "workflow_dispatch" ]; then
2026-08-14T15:28:58.0712388Z [36;1mif [ "pull_request" = "workflow_dispatch" ]; then[0m
2026-08-14T15:28:58.0712762Z [36;1m  echo "ui=true" >> "$GITHUB_OUTPUT"[0m
2026-08-14T15:28:58.0713039Z [36;1melse[0m
2026-08-14T15:28:58.0713258Z [36;1m  echo "ui=true" >> "$GITHUB_OUTPUT"[0m
2026-08-14T15:28:58.0713906Z [36;1mfi[0m
2026-08-14T15:28:58.0750604Z shell: /usr/bin/bash -e {0}
2026-08-14T15:28:58.0750863Z env:
2026-08-14T15:28:58.0751065Z   VISREG_GRAY_APPROVED: 0
2026-08-14T15:28:58.0751302Z ##[endgroup]
2026-08-14T15:28:58.0875194Z ##[group]Run shivammathur/setup-php@v2
2026-08-14T15:28:58.0875560Z with:
2026-08-14T15:28:58.0875763Z   php-version: 8.4
2026-08-14T15:28:58.0876045Z   extensions: mbstring, dom, fileinfo, pdo_mysql, gd
2026-08-14T15:28:58.0876359Z   coverage: none
2026-08-14T15:28:58.0876569Z   ini-file: production
2026-08-14T15:28:58.0879057Z   github-token: ***
2026-08-14T15:28:58.0879274Z env:
2026-08-14T15:28:58.0879469Z   VISREG_GRAY_APPROVED: 0
2026-08-14T15:28:58.0879703Z ##[endgroup]
2026-08-14T15:28:58.1322014Z [command]/usr/bin/bash /home/runner/work/_actions/shivammathur/setup-php/v2/src/scripts/run.sh
2026-08-14T15:28:58.1839848Z 
2026-08-14T15:28:58.1840464Z [90;1m==> [0m[37;1mSetup PHP[0m
2026-08-14T15:29:07.0441370Z [32;1m✓ [0m[34;1mPHP [0m[90;1mInstalled PHP 8.4.24[0m
2026-08-14T15:29:07.0441901Z 
2026-08-14T15:29:07.0443827Z [90;1m==> [0m[37;1mSetup Extensions[0m
2026-08-14T15:29:07.0967670Z [32;1m✓ [0m[34;1mmbstring [0m[90;1mEnabled[0m
2026-08-14T15:29:07.0997118Z [32;1m✓ [0m[34;1mdom [0m[90;1mEnabled[0m
2026-08-14T15:29:07.1027416Z [32;1m✓ [0m[34;1mfileinfo [0m[90;1mEnabled[0m
2026-08-14T15:29:07.1043545Z [32;1m✓ [0m[34;1mpdo_mysql [0m[90;1mEnabled[0m
2026-08-14T15:29:07.1075220Z [32;1m✓ [0m[34;1mgd [0m[90;1mEnabled[0m
2026-08-14T15:29:07.1079134Z 
2026-08-14T15:29:07.1079706Z [90;1m==> [0m[37;1mSetup Tools[0m
2026-08-14T15:29:07.4141297Z [32;1m✓ [0m[34;1mcomposer [0m[90;1mAdded composer 2.10.2[0m
2026-08-14T15:29:07.4141948Z 
2026-08-14T15:29:07.4142379Z [90;1m==> [0m[37;1mSetup Coverage[0m
2026-08-14T15:29:07.6562879Z [32;1m✓ [0m[34;1mnone [0m[90;1mDisabled Xdebug and PCOV[0m
2026-08-14T15:29:07.6563861Z 
2026-08-14T15:29:07.6564271Z [90;1m==> [0m[37;1mSponsor setup-php[0m
2026-08-14T15:29:07.6565597Z [32;1m✓ [0m[34;1msetup-php [0m[90;1mhttps://setup-php.com/sponsor[0m
2026-08-14T15:29:07.6750917Z ##[group]Run for i in {1..30}; do
2026-08-14T15:29:07.6751260Z [36;1mfor i in {1..30}; do[0m
2026-08-14T15:29:07.6751626Z [36;1m  if mysqladmin ping -h127.0.0.1 -uroot -proot --silent; then[0m
2026-08-14T15:29:07.6752015Z [36;1m    echo "MySQL ready"[0m
2026-08-14T15:29:07.6752267Z [36;1m    break[0m
2026-08-14T15:29:07.6752475Z [36;1m  fi[0m
2026-08-14T15:29:07.6752704Z [36;1m  echo "Waiting MySQL... $i"[0m
2026-08-14T15:29:07.6752974Z [36;1m  sleep 2[0m
2026-08-14T15:29:07.6753182Z [36;1mdone[0m
2026-08-14T15:29:07.6794280Z shell: /usr/bin/bash -e {0}
2026-08-14T15:29:07.6794547Z env:
2026-08-14T15:29:07.6794749Z   VISREG_GRAY_APPROVED: 0
2026-08-14T15:29:07.6795207Z   COMPOSER_PROCESS_TIMEOUT: 0
2026-08-14T15:29:07.6795465Z   COMPOSER_NO_INTERACTION: 1
2026-08-14T15:29:07.6795706Z   COMPOSER_NO_AUDIT: 1
2026-08-14T15:29:07.6795925Z ##[endgroup]
2026-08-14T15:29:07.8226712Z mysqladmin: [Warning] Using a password on the command line interface can be insecure.
2026-08-14T15:29:07.8722046Z mysqld is alive
2026-08-14T15:29:07.8728122Z MySQL ready
2026-08-14T15:29:07.8809946Z Node 20 is being deprecated. This workflow is running with Node 24 by default. If you need to temporarily use Node 20, you can set the ACTIONS_ALLOW_USE_UNSECURE_NODE_VERSION=true environment variable. For more information see: https://github.blog/changelog/2025-09-19-deprecation-of-node-20-on-github-actions-runners/
2026-08-14T15:29:07.8811239Z ##[group]Run actions/setup-node@v4
2026-08-14T15:29:07.8811491Z with:
2026-08-14T15:29:07.8811684Z   node-version: 22.17.0
2026-08-14T15:29:07.8811910Z   always-auth: false
2026-08-14T15:29:07.8812124Z   check-latest: false
2026-08-14T15:29:07.8815011Z   token: ***
2026-08-14T15:29:07.8815218Z env:
2026-08-14T15:29:07.8815408Z   VISREG_GRAY_APPROVED: 0
2026-08-14T15:29:07.8815648Z   COMPOSER_PROCESS_TIMEOUT: 0
2026-08-14T15:29:07.8815893Z   COMPOSER_NO_INTERACTION: 1
2026-08-14T15:29:07.8816124Z   COMPOSER_NO_AUDIT: 1
2026-08-14T15:29:07.8816332Z ##[endgroup]
2026-08-14T15:29:08.0317621Z Attempting to download 22.17.0...
2026-08-14T15:29:08.0427430Z (node:3273) [DEP0040] DeprecationWarning: The `punycode` module is deprecated. Please use a userland alternative instead.
2026-08-14T15:29:08.0428430Z (Use `node --trace-deprecation ...` to show where the warning was created)
2026-08-14T15:29:08.7236367Z Acquiring 22.17.0 - x64 from https://github.com/actions/node-versions/releases/download/22.17.0-15866718879/node-22.17.0-linux-x64.tar.gz
2026-08-14T15:29:09.2480805Z Extracting ...
2026-08-14T15:29:09.2621702Z [command]/usr/bin/tar xz --strip 1 --warning=no-unknown-keyword --overwrite -C /home/runner/work/_temp/eaa8df6e-fe05-4a25-8b9c-fec007018085 -f /home/runner/work/_temp/797e1dec-0b51-40eb-a3c6-00f47f155c03
2026-08-14T15:29:10.4814729Z Adding to the cache ...
2026-08-14T15:29:12.6774997Z ##[group]Environment details
2026-08-14T15:29:13.0421837Z node: v22.17.0
2026-08-14T15:29:13.0422330Z npm: 10.9.2
2026-08-14T15:29:13.0422742Z yarn: 1.22.22
2026-08-14T15:29:13.0423939Z ##[endgroup]
2026-08-14T15:29:14.6171851Z Node 20 is being deprecated. This workflow is running with Node 24 by default. If you need to temporarily use Node 20, you can set the ACTIONS_ALLOW_USE_UNSECURE_NODE_VERSION=true environment variable. For more information see: https://github.blog/changelog/2025-09-19-deprecation-of-node-20-on-github-actions-runners/
2026-08-14T15:29:14.6173315Z ##[group]Run actions/cache@v4
2026-08-14T15:29:14.6173873Z with:
2026-08-14T15:29:14.6174078Z   path: vendor
2026-08-14T15:29:14.6174502Z   key: Linux-composer-71a90d916ca413693df11af085de895564f3ec9b6003123a47ce1faba311b7f9
2026-08-14T15:29:14.6175030Z   enableCrossOsArchive: false
2026-08-14T15:29:14.6175326Z   fail-on-cache-miss: false
2026-08-14T15:29:14.6175581Z   lookup-only: false
2026-08-14T15:29:14.6175808Z   save-always: false
2026-08-14T15:29:14.6176023Z env:
2026-08-14T15:29:14.6176222Z   VISREG_GRAY_APPROVED: 0
2026-08-14T15:29:14.6176473Z   COMPOSER_PROCESS_TIMEOUT: 0
2026-08-14T15:29:14.6176736Z   COMPOSER_NO_INTERACTION: 1
2026-08-14T15:29:14.6177026Z   COMPOSER_NO_AUDIT: 1
2026-08-14T15:29:14.6177259Z ##[endgroup]
2026-08-14T15:29:14.7265152Z (node:3340) [DEP0040] DeprecationWarning: The `punycode` module is deprecated. Please use a userland alternative instead.
2026-08-14T15:29:14.7266727Z (Use `node --trace-deprecation ...` to show where the warning was created)
2026-08-14T15:29:15.0035675Z Cache hit for: Linux-composer-71a90d916ca413693df11af085de895564f3ec9b6003123a47ce1faba311b7f9
2026-08-14T15:29:15.0155645Z (node:3340) [DEP0169] DeprecationWarning: `url.parse()` behavior is not standardized and prone to errors that have security implications. Use the WHATWG URL API instead. CVEs are not issued for `url.parse()` vulnerabilities.
2026-08-14T15:29:16.3230995Z Received 0 of 79931997 (0.0%), 0.0 MBs/sec
2026-08-14T15:29:17.3266881Z Received 79931997 of 79931997 (100.0%), 38.0 MBs/sec
2026-08-14T15:29:17.3269444Z Cache Size: ~76 MB (79931997 B)
2026-08-14T15:29:17.3339617Z [command]/usr/bin/tar -xf /home/runner/work/_temp/27a7674a-4fd9-4c24-abb3-f3a36209bae4/cache.tzst -P -C /home/runner/work/oimpresso.com/oimpresso.com --use-compress-program unzstd
2026-08-14T15:29:18.8075014Z Cache restored successfully
2026-08-14T15:29:18.8197681Z Cache restored from key: Linux-composer-71a90d916ca413693df11af085de895564f3ec9b6003123a47ce1faba311b7f9
2026-08-14T15:29:22.8214974Z Node 20 is being deprecated. This workflow is running with Node 24 by default. If you need to temporarily use Node 20, you can set the ACTIONS_ALLOW_USE_UNSECURE_NODE_VERSION=true environment variable. For more information see: https://github.blog/changelog/2025-09-19-deprecation-of-node-20-on-github-actions-runners/
2026-08-14T15:29:22.8217268Z ##[group]Run actions/cache@v4
2026-08-14T15:29:22.8217726Z with:
2026-08-14T15:29:22.8218097Z   path: ~/.cache/ms-playwright
2026-08-14T15:29:22.8219162Z   key: ubuntu-24.04-X64-playwright-all-browsers-v1-7e1219c67ca632b9c8c4cfc53ca8353ce276b024b9411d674ebcb63f6b2e338c
2026-08-14T15:29:22.8219964Z   enableCrossOsArchive: false
2026-08-14T15:29:22.8220240Z   fail-on-cache-miss: false
2026-08-14T15:29:22.8220496Z   lookup-only: false
2026-08-14T15:29:22.8220714Z   save-always: false
2026-08-14T15:29:22.8220921Z env:
2026-08-14T15:29:22.8221115Z   VISREG_GRAY_APPROVED: 0
2026-08-14T15:29:22.8221355Z   COMPOSER_PROCESS_TIMEOUT: 0
2026-08-14T15:29:22.8221647Z   COMPOSER_NO_INTERACTION: 1
2026-08-14T15:29:22.8221887Z   COMPOSER_NO_AUDIT: 1
2026-08-14T15:29:22.8222101Z ##[endgroup]
2026-08-14T15:29:22.9414522Z (node:3389) [DEP0040] DeprecationWarning: The `punycode` module is deprecated. Please use a userland alternative instead.
2026-08-14T15:29:22.9417054Z (Use `node --trace-deprecation ...` to show where the warning was created)
2026-08-14T15:29:23.2196620Z Cache not found for input keys: ubuntu-24.04-X64-playwright-all-browsers-v1-7e1219c67ca632b9c8c4cfc53ca8353ce276b024b9411d674ebcb63f6b2e338c
2026-08-14T15:29:23.2318917Z ##[group]Run composer install --no-progress --no-interaction --prefer-dist --no-scripts --ignore-platform-req=ext-opentelemetry
2026-08-14T15:29:23.2320647Z [36;1mcomposer install --no-progress --no-interaction --prefer-dist --no-scripts --ignore-platform-req=ext-opentelemetry[0m
2026-08-14T15:29:23.2376392Z shell: /usr/bin/bash -e {0}
2026-08-14T15:29:23.2376849Z env:
2026-08-14T15:29:23.2377181Z   VISREG_GRAY_APPROVED: 0
2026-08-14T15:29:23.2377611Z   COMPOSER_PROCESS_TIMEOUT: 0
2026-08-14T15:29:23.2378060Z   COMPOSER_NO_INTERACTION: 1
2026-08-14T15:29:23.2378496Z   COMPOSER_NO_AUDIT: 1
2026-08-14T15:29:23.2378881Z ##[endgroup]
2026-08-14T15:29:23.5368307Z Installing dependencies from lock file (including require-dev)
2026-08-14T15:29:23.5455849Z Verifying lock file contents can be installed on current platform.
2026-08-14T15:29:23.6825044Z Nothing to install, update or remove
2026-08-14T15:29:23.6996305Z Generating optimized autoload files
2026-08-14T15:29:26.8775012Z Class Modules\SelftestVerde\Services\VerdeService located in ./tests/governance-fixtures/anchor-lint-verde/bad/Modules/SelftestVerde/Services/VerdeService.php does not comply with psr-4 autoloading standard (rule: Tests\ => ./tests). Skipping.
2026-08-14T15:29:26.8779980Z Class Modules\SelftestVerde\Services\VerdeService located in ./tests/governance-fixtures/anchor-lint-verde/good/Modules/SelftestVerde/Services/VerdeService.php does not comply with psr-4 autoloading standard (rule: Tests\ => ./tests). Skipping.
2026-08-14T15:29:26.8796311Z Class Modules\SelftestEntryBaseline\Services\EntryService located in ./tests/governance-fixtures/anchor-lint-entry-baseline/bad/Modules/SelftestEntryBaseline/Services/EntryService.php does not comply with psr-4 autoloading standard (rule: Tests\ => ./tests). Skipping.
2026-08-14T15:29:26.8800450Z Class Modules\SelftestEntryBaseline\Services\EntryService located in ./tests/governance-fixtures/anchor-lint-entry-baseline/good/Modules/SelftestEntryBaseline/Services/EntryService.php does not comply with psr-4 autoloading standard (rule: Tests\ => ./tests). Skipping.
2026-08-14T15:29:26.8805191Z Class Modules\SelftestAnchor\Http\Controllers\ZumbiController located in ./tests/governance-fixtures/anchor-lint-wired/bad/Modules/SelftestAnchor/Http/Controllers/ZumbiController.php does not comply with psr-4 autoloading standard (rule: Tests\ => ./tests). Skipping.
2026-08-14T15:29:26.8809580Z Class Modules\SelftestAnchor\Http\Controllers\VivaController located in ./tests/governance-fixtures/anchor-lint-wired/good/Modules/SelftestAnchor/Http/Controllers/VivaController.php does not comply with psr-4 autoloading standard (rule: Tests\ => ./tests). Skipping.
2026-08-14T15:29:26.8813094Z Class VivaTest located in ./tests/governance-fixtures/anchor-lint-wired/good/Modules/SelftestAnchor/Tests/Feature/VivaTest.php does not comply with psr-4 autoloading standard (rule: Tests\ => ./tests). Skipping.
2026-08-14T15:29:26.8816796Z Class Modules\SelftestEntry\Services\EntryService located in ./tests/governance-fixtures/anchor-lint-entry/bad/Modules/SelftestEntry/Services/EntryService.php does not comply with psr-4 autoloading standard (rule: Tests\ => ./tests). Skipping.
2026-08-14T15:29:26.8820536Z Class Modules\SelftestEntry\Services\EntryService located in ./tests/governance-fixtures/anchor-lint-entry/good/Modules/SelftestEntry/Services/EntryService.php does not comply with psr-4 autoloading standard (rule: Tests\ => ./tests). Skipping.
2026-08-14T15:29:26.8823813Z Class FakeBoletoCharge located in ./tests/Feature/Domain/Fsm/EstornarBoletoJobTest.php does not comply with psr-4 autoloading standard (rule: Tests\ => ./tests). Skipping.
2026-08-14T15:29:26.8825837Z Class FakeCancelarCobrancaAsaasJobStub located in ./tests/Feature/Domain/Fsm/EstornarBoletoJobTest.php does not comply with psr-4 autoloading standard (rule: Tests\ => ./tests). Skipping.
2026-08-14T15:29:26.8827630Z Class FakeRefundCobrancaAsaasJobStub located in ./tests/Feature/Domain/Fsm/EstornarBoletoJobTest.php does not comply with psr-4 autoloading standard (rule: Tests\ => ./tests). Skipping.
2026-08-14T15:29:26.8829149Z Class InutilizarFaixaTestSubject located in ./tests/Feature/Domain/Fsm/SideEffects/InutilizarFaixaNfeTest.php does not comply with psr-4 autoloading standard (rule: Tests\ => ./tests). Skipping.
2026-08-14T15:29:26.8830619Z Class ProducaoTestSubject located in ./tests/Feature/Domain/Fsm/ProcessoVendaComProducaoTest.php does not comply with psr-4 autoloading standard (rule: Tests\ => ./tests). Skipping.
2026-08-14T15:29:26.8832791Z Class FsmResetProbeJob located in ./tests/Feature/Domain/Fsm/FsmFlagResetLifecycleTest.php does not comply with psr-4 autoloading standard (rule: Tests\ => ./tests). Skipping.
2026-08-14T15:29:26.8835608Z Class FakeFiscalDoc located in ./tests/Feature/Domain/Fsm/TransactionDocumentTest.php does not comply with psr-4 autoloading standard (rule: Tests\ => ./tests). Skipping.
2026-08-14T15:29:26.8838192Z Class FakeSaleSubject located in ./tests/Feature/Domain/Fsm/GateEmissaoPorVendaTest.php does not comply with psr-4 autoloading standard (rule: Tests\ => ./tests). Skipping.
2026-08-14T15:29:26.8839635Z Class CancelTestSubject located in ./tests/Feature/Domain/Fsm/CancelarVendaCascadeSideEffectTest.php does not comply with psr-4 autoloading standard (rule: Tests\ => ./tests). Skipping.
2026-08-14T15:29:26.8841054Z Class FsmTestSubject located in ./tests/Feature/Domain/Fsm/ExecuteStageActionServiceTest.php does not comply with psr-4 autoloading standard (rule: Tests\ => ./tests). Skipping.
2026-08-14T15:29:26.8842427Z Class FsmTestEvent located in ./tests/Feature/Domain/Fsm/ExecuteStageActionServiceTest.php does not comply with psr-4 autoloading standard (rule: Tests\ => ./tests). Skipping.
2026-08-14T15:29:26.8844695Z Class StockResTestSubject located in ./tests/Feature/Domain/Fsm/StockReservationsTest.php does not comply with psr-4 autoloading standard (rule: Tests\ => ./tests). Skipping.
2026-08-14T15:29:26.8847706Z Class FsmObserverTestSubject located in ./tests/Feature/Domain/Fsm/CurrentStageIdBypassObserverTest.php does not comply with psr-4 autoloading standard (rule: Tests\ => ./tests). Skipping.
2026-08-14T15:29:26.8849330Z Class FsmCriticalTestSubject located in ./tests/Feature/Domain/Fsm/TransicaoCriticaExigeAutorizacaoTest.php does not comply with psr-4 autoloading standard (rule: Tests\ => ./tests). Skipping.
2026-08-14T15:29:26.8850783Z Class InvBomSubject located in ./tests/Feature/Domain/Inventory/ReservarEstoqueBomTest.php does not comply with psr-4 autoloading standard (rule: Tests\ => ./tests). Skipping.
2026-08-14T15:29:26.8852894Z Class FakeInterRefundCharge located in ./tests/Feature/Jobs/RefundCobrancaInterJobTest.php does not comply with psr-4 autoloading standard (rule: Tests\ => ./tests). Skipping.
2026-08-14T15:29:26.8855798Z Class FakeInterCharge located in ./tests/Feature/Jobs/CancelarCobrancaInterJobTest.php does not comply with psr-4 autoloading standard (rule: Tests\ => ./tests). Skipping.
2026-08-14T15:29:26.8858384Z Class FakeCrossTenant located in ./tests/Feature/Errors/ErrorClassifierTest.php does not comply with psr-4 autoloading standard (rule: Tests\ => ./tests). Skipping.
2026-08-14T15:29:26.8860838Z Class FakeFiscalFail located in ./tests/Feature/Errors/ErrorClassifierTest.php does not comply with psr-4 autoloading standard (rule: Tests\ => ./tests). Skipping.
2026-08-14T15:29:26.8863276Z Class FakeCertExpiring located in ./tests/Feature/Errors/ErrorClassifierTest.php does not comply with psr-4 autoloading standard (rule: Tests\ => ./tests). Skipping.
2026-08-14T15:29:26.8865581Z Class GrpS0Exception located in ./tests/Feature/Errors/ErrorGrouperTest.php does not comply with psr-4 autoloading standard (rule: Tests\ => ./tests). Skipping.
2026-08-14T15:29:26.8866878Z Class FakeReprocessAction located in ./tests/Feature/Errors/AutoResolverTest.php does not comply with psr-4 autoloading standard (rule: Tests\ => ./tests). Skipping.
2026-08-14T15:29:26.8868536Z Class FakeFailingAction located in ./tests/Feature/Errors/AutoResolverTest.php does not comply with psr-4 autoloading standard (rule: Tests\ => ./tests). Skipping.
2026-08-14T15:29:26.8870537Z Class FakeS0Payment located in ./tests/Feature/Errors/ErrorReporterS0Test.php does not comply with psr-4 autoloading standard (rule: Tests\ => ./tests). Skipping.
2026-08-14T15:29:26.8871839Z Class FakeS3Noise located in ./tests/Feature/Errors/ErrorReporterS0Test.php does not comply with psr-4 autoloading standard (rule: Tests\ => ./tests). Skipping.
2026-08-14T15:29:26.8873185Z Class RhFixtureExportController located in ./tests/Feature/RouteHits/RouteHitsCommandsTest.php does not comply with psr-4 autoloading standard (rule: Tests\ => ./tests). Skipping.
2026-08-14T15:29:26.8875204Z Class AddAprovacaoToFinTitulos located in ./Modules/Financeiro/Database/Migrations/2026_05_19_220002_add_aprovacao_to_fin_titulos.php does not comply with psr-4 autoloading standard (rule: Modules\ => ./Modules). Skipping.
2026-08-14T15:29:26.8876926Z Class AddConferidoToFinTitulos located in ./Modules/Financeiro/Database/Migrations/2026_05_18_180000_add_conferido_to_fin_titulos.php does not comply with psr-4 autoloading standard (rule: Modules\ => ./Modules). Skipping.
2026-08-14T15:29:26.8878609Z Class CreateFinCategoriasTable located in ./Modules/Financeiro/Database/Migrations/2026_04_24_140002_create_fin_categorias_table.php does not comply with psr-4 autoloading standard (rule: Modules\ => ./Modules). Skipping.
2026-08-14T15:29:26.8880360Z Class AddContaBancariaIdToFinTitulos located in ./Modules/Financeiro/Database/Migrations/2026_06_04_120000_add_conta_bancaria_id_to_fin_titulos.php does not comply with psr-4 autoloading standard (rule: Modules\ => ./Modules). Skipping.
2026-08-14T15:29:26.8882141Z Class CreateFinTituloCommentsTable located in ./Modules/Financeiro/Database/Migrations/2026_05_18_190000_create_fin_titulo_comments_table.php does not comply with psr-4 autoloading standard (rule: Modules\ => ./Modules). Skipping.
2026-08-14T15:29:26.8884850Z Class AddLegacyColumnsToFinContasBancarias located in ./Modules/Financeiro/Database/Migrations/2026_05_09_210001_add_legacy_columns_to_fin_contas_bancarias.php does not comply with psr-4 autoloading standard (rule: Modules\ => ./Modules). Skipping.
2026-08-14T15:29:26.8886713Z Class CreateFinContasBancariasTable located in ./Modules/Financeiro/Database/Migrations/2026_04_24_140003_create_fin_contas_bancarias_table.php does not comply with psr-4 autoloading standard (rule: Modules\ => ./Modules). Skipping.
2026-08-14T15:29:26.8888449Z Class CreateFinPlanosContaTable located in ./Modules/Financeiro/Database/Migrations/2026_04_24_140001_create_fin_planos_conta_table.php does not comply with psr-4 autoloading standard (rule: Modules\ => ./Modules). Skipping.
2026-08-14T15:29:26.8890182Z Class CreateAccountsLegacyMapTable located in ./Modules/Financeiro/Database/Migrations/2026_05_09_210000_create_accounts_legacy_map_table.php does not comply with psr-4 autoloading standard (rule: Modules\ => ./Modules). Skipping.
2026-08-14T15:29:26.8891984Z Class CreateFinBankStatementLinesTable located in ./Modules/Financeiro/Database/Migrations/2026_05_19_220000_create_fin_bank_statement_lines_table.php does not comply with psr-4 autoloading standard (rule: Modules\ => ./Modules). Skipping.
2026-08-14T15:29:26.8893999Z Class CreateFinTituloBaixasTable located in ./Modules/Financeiro/Database/Migrations/2026_04_24_140005_create_fin_titulo_baixas_table.php does not comply with psr-4 autoloading standard (rule: Modules\ => ./Modules). Skipping.
2026-08-14T15:29:26.8895777Z Class AddFormaPagamentoToFinTitulos located in ./Modules/Financeiro/Database/Migrations/2026_06_03_120000_add_forma_pagamento_to_fin_titulos.php does not comply with psr-4 autoloading standard (rule: Modules\ => ./Modules). Skipping.
2026-08-14T15:29:26.8897577Z Class CreateAdvisorBusinessAccessTable located in ./Modules/Financeiro/Database/Migrations/2026_05_20_140001_create_advisor_business_access_table.php does not comply with psr-4 autoloading standard (rule: Modules\ => ./Modules). Skipping.
2026-08-14T15:29:26.8899503Z Class CreateFinBoletoRemessasTable located in ./Modules/Financeiro/Database/Migrations/2026_04_25_140101_create_fin_boleto_remessas_table.php does not comply with psr-4 autoloading standard (rule: Modules\ => ./Modules). Skipping.
2026-08-14T15:29:26.8901237Z Class CreateFinTituloAnexosTable located in ./Modules/Financeiro/Database/Migrations/2026_05_19_220001_create_fin_titulo_anexos_table.php does not comply with psr-4 autoloading standard (rule: Modules\ => ./Modules). Skipping.
2026-08-14T15:29:26.8902983Z Class CreateFinCaixaMovimentosTable located in ./Modules/Financeiro/Database/Migrations/2026_04_24_140006_create_fin_caixa_movimentos_table.php does not comply with psr-4 autoloading standard (rule: Modules\ => ./Modules). Skipping.
2026-08-14T15:29:26.8904896Z Class CreateAdvisorsTable located in ./Modules/Financeiro/Database/Migrations/2026_05_20_140000_create_advisors_table.php does not comply with psr-4 autoloading standard (rule: Modules\ => ./Modules). Skipping.
2026-08-14T15:29:26.8906513Z Class CreateFinTitulosTable located in ./Modules/Financeiro/Database/Migrations/2026_04_24_140004_create_fin_titulos_table.php does not comply with psr-4 autoloading standard (rule: Modules\ => ./Modules). Skipping.
2026-08-14T15:29:26.8908146Z Class CreateMcpCcSessionsTable located in ./Modules/Forja/Database/Migrations/2026_04_29_300001_create_mcp_cc_sessions_table.php does not comply with psr-4 autoloading standard (rule: Modules\ => ./Modules). Skipping.
2026-08-14T15:29:26.8909779Z Class CreateMcpWorkflowsTable located in ./Modules/Forja/Database/Migrations/2026_05_04_180006_create_mcp_workflows_table.php does not comply with psr-4 autoloading standard (rule: Modules\ => ./Modules). Skipping.
2026-08-14T15:29:26.8911380Z Class CreateMcpScopesTable located in ./Modules/Forja/Database/Migrations/2026_04_29_100001_create_mcp_scopes_table.php does not comply with psr-4 autoloading standard (rule: Modules\ => ./Modules). Skipping.
2026-08-14T15:29:26.8913100Z Class CreateMcpGitLinksTable located in ./Modules/Forja/Database/Migrations/2026_05_04_180014_create_mcp_git_links_table.php does not comply with psr-4 autoloading standard (rule: Modules\ => ./Modules). Skipping.
2026-08-14T15:29:26.8915047Z Class ExtendMcpTasksForJiraStyle located in ./Modules/Forja/Database/Migrations/2026_05_04_180015_extend_mcp_tasks_for_jira_style.php does not comply with psr-4 autoloading standard (rule: Modules\ => ./Modules). Skipping.
2026-08-14T15:29:26.8916655Z Class CreateMcpEpicsTable located in ./Modules/Forja/Database/Migrations/2026_05_04_180002_create_mcp_epics_table.php does not comply with psr-4 autoloading standard (rule: Modules\ => ./Modules). Skipping.
2026-08-14T15:29:26.8918279Z Class CreateMcpTaskWatchersTable located in ./Modules/Forja/Database/Migrations/2026_05_04_180011_create_mcp_task_watchers_table.php does not comply with psr-4 autoloading standard (rule: Modules\ => ./Modules). Skipping.
2026-08-14T15:29:26.8919905Z Class CreateMcpQuotasTable located in ./Modules/Forja/Database/Migrations/2026_04_29_100004_create_mcp_quotas_table.php does not comply with psr-4 autoloading standard (rule: Modules\ => ./Modules). Skipping.
2026-08-14T15:29:26.8921504Z Class CreateMcpCycleGoalsTable located in ./Modules/Forja/Database/Migrations/2026_05_04_180004_create_mcp_cycle_goals_table.php does not comply with psr-4 autoloading standard (rule: Modules\ => ./Modules). Skipping.
2026-08-14T15:29:26.8923241Z Class AddPendingApprovalStatusToMcpTasks located in ./Modules/Forja/Database/Migrations/2026_08_04_190000_add_pending_approval_status_to_mcp_tasks.php does not comply with psr-4 autoloading standard (rule: Modules\ => ./Modules). Skipping.
2026-08-14T15:29:26.8925212Z Class CreateMcpTaskCommentsTable located in ./Modules/Forja/Database/Migrations/2026_05_01_120001_create_mcp_task_comments_table.php does not comply with psr-4 autoloading standard (rule: Modules\ => ./Modules). Skipping.
2026-08-14T15:29:26.8927050Z Class CreateMcpMemoryDocumentsTable located in ./Modules/Forja/Database/Migrations/2026_04_29_100008_create_mcp_memory_documents_table.php does not comply with psr-4 autoloading standard (rule: Modules\ => ./Modules). Skipping.
2026-08-14T15:29:26.8928721Z Class CreateMcpViewsTable located in ./Modules/Forja/Database/Migrations/2026_05_04_180008_create_mcp_views_table.php does not comply with psr-4 autoloading standard (rule: Modules\ => ./Modules). Skipping.
2026-08-14T15:29:26.8930351Z Class CreateMcpUsageDiariaTable located in ./Modules/Forja/Database/Migrations/2026_04_29_100006_create_mcp_usage_diaria_table.php does not comply with psr-4 autoloading standard (rule: Modules\ => ./Modules). Skipping.
2026-08-14T15:29:26.8932048Z Class CreateMcpAlertasEventosTable located in ./Modules/Forja/Database/Migrations/2026_04_29_600001_create_mcp_alertas_eventos_table.php does not comply with psr-4 autoloading standard (rule: Modules\ => ./Modules). Skipping.
2026-08-14T15:29:26.8934075Z Class CreateMcpMemoryDocumentsHistoryTable located in ./Modules/Forja/Database/Migrations/2026_04_29_100009_create_mcp_memory_documents_history_table.php does not comply with psr-4 autoloading standard (rule: Modules\ => ./Modules). Skipping.
2026-08-14T15:29:26.8935888Z Class CreateMcpIssueTemplatesTable located in ./Modules/Forja/Database/Migrations/2026_05_04_180007_create_mcp_issue_templates_table.php does not comply with psr-4 autoloading standard (rule: Modules\ => ./Modules). Skipping.
2026-08-14T15:29:26.8937628Z Class AddSoftDeletesToMcpTokensTable located in ./Modules/Forja/Database/Migrations/2026_06_14_120000_add_soft_deletes_to_mcp_tokens_table.php does not comply with psr-4 autoloading standard (rule: Modules\ => ./Modules). Skipping.
2026-08-14T15:29:26.8939315Z Class CreateMcpUserScopesTable located in ./Modules/Forja/Database/Migrations/2026_04_29_100002_create_mcp_user_scopes_table.php does not comply with psr-4 autoloading standard (rule: Modules\ => ./Modules). Skipping.
2026-08-14T15:29:26.8941154Z Class CreateMcpTaskDependenciesTable located in ./Modules/Forja/Database/Migrations/2026_05_04_180010_create_mcp_task_dependencies_table.php does not comply with psr-4 autoloading standard (rule: Modules\ => ./Modules). Skipping.
2026-08-14T15:29:26.8942889Z Class CreateMcpTaskMemoryLinksTable located in ./Modules/Forja/Database/Migrations/2026_05_04_180013_create_mcp_task_memory_links_table.php does not comply with psr-4 autoloading standard (rule: Modules\ => ./Modules). Skipping.
2026-08-14T15:29:26.8944889Z Class CreateMcpTaskAttachmentsTable located in ./Modules/Forja/Database/Migrations/2026_05_04_180012_create_mcp_task_attachments_table.php does not comply with psr-4 autoloading standard (rule: Modules\ => ./Modules). Skipping.
2026-08-14T15:29:26.8946570Z Class CreateMcpCcMessagesTable located in ./Modules/Forja/Database/Migrations/2026_04_29_300002_create_mcp_cc_messages_table.php does not comply with psr-4 autoloading standard (rule: Modules\ => ./Modules). Skipping.
2026-08-14T15:29:26.8948244Z Class CreateMcpJiraProjectsTable located in ./Modules/Forja/Database/Migrations/2026_05_04_180001_create_mcp_jira_projects_table.php does not comply with psr-4 autoloading standard (rule: Modules\ => ./Modules). Skipping.
2026-08-14T15:29:26.8949914Z Class CreateMcpCcBlobsTable located in ./Modules/Forja/Database/Migrations/2026_04_29_300003_create_mcp_cc_blobs_table.php does not comply with psr-4 autoloading standard (rule: Modules\ => ./Modules). Skipping.
2026-08-14T15:29:26.8951782Z Class CreateMcpComponentsTable located in ./Modules/Forja/Database/Migrations/2026_05_04_180005_create_mcp_components_table.php does not comply with psr-4 autoloading standard (rule: Modules\ => ./Modules). Skipping.
2026-08-14T15:29:26.8953641Z Class CreateMcpTaskEventsTable located in ./Modules/Forja/Database/Migrations/2026_05_01_120002_create_mcp_task_events_table.php does not comply with psr-4 autoloading standard (rule: Modules\ => ./Modules). Skipping.
2026-08-14T15:29:26.8955342Z Class CreateMcpTokensTable located in ./Modules/Forja/Database/Migrations/2026_04_29_100003_create_mcp_tokens_table.php does not comply with psr-4 autoloading standard (rule: Modules\ => ./Modules). Skipping.
2026-08-14T15:29:26.8957190Z Class CreateMcpInboxNotificationsTable located in ./Modules/Forja/Database/Migrations/2026_05_04_180009_create_mcp_inbox_notifications_table.php does not comply with psr-4 autoloading standard (rule: Modules\ => ./Modules). Skipping.
2026-08-14T15:29:26.8958882Z Class CreateMcpAlertasTable located in ./Modules/Forja/Database/Migrations/2026_04_29_100007_create_mcp_alertas_table.php does not comply with psr-4 autoloading standard (rule: Modules\ => ./Modules). Skipping.
2026-08-14T15:29:26.8960451Z Class CreateMcpCyclesTable located in ./Modules/Forja/Database/Migrations/2026_05_04_180003_create_mcp_cycles_table.php does not comply with psr-4 autoloading standard (rule: Modules\ => ./Modules). Skipping.
2026-08-14T15:29:26.8962015Z Class CreateMcpTasksTable located in ./Modules/Forja/Database/Migrations/2026_04_30_180001_create_mcp_tasks_table.php does not comply with psr-4 autoloading standard (rule: Modules\ => ./Modules). Skipping.
2026-08-14T15:29:26.8967130Z Class CreateMcpAuditLogTable located in ./Modules/Forja/Database/Migrations/2026_04_29_100005_create_mcp_audit_log_table.php does not comply with psr-4 autoloading standard (rule: Modules\ => ./Modules). Skipping.
2026-08-14T15:29:26.8968870Z Class AddProductCatalogueVersion located in ./Modules/ProductCatalogue/Database/Migrations/2020_09_29_184909_add_product_catalogue_version.php does not comply with psr-4 autoloading standard (rule: Modules\ => ./Modules). Skipping.
2026-08-14T15:29:26.8970744Z Class AddColumnToMfgRecipeIngredientsTable located in ./Modules/Manufacturing/Database/Migrations/2020_02_22_120303_add_column_to_mfg_recipe_ingredients_table.php does not comply with psr-4 autoloading standard (rule: Modules\ => ./Modules). Skipping.
2026-08-14T15:29:26.8972740Z Class AddManufacturingModuleVersionToSystemTable located in ./Modules/Manufacturing/Database/Migrations/2019_07_15_114211_add_manufacturing_module_version_to_system_table.php does not comply with psr-4 autoloading standard (rule: Modules\ => ./Modules). Skipping.
2026-08-14T15:29:26.8975312Z Class AddMfgIngredientGroupIdToTransactionSellLinesTable located in ./Modules/Manufacturing/Database/Migrations/2021_04_07_154331_add_mfg_ingredient_group_id_to_transaction_sell_lines_table.php does not comply with psr-4 autoloading standard (rule: Modules\ => ./Modules). Skipping.
2026-08-14T15:29:26.8977210Z Class CreateMfgRecipesTable located in ./Modules/Manufacturing/Database/Migrations/2019_07_15_114403_create_mfg_recipes_table.php does not comply with psr-4 autoloading standard (rule: Modules\ => ./Modules). Skipping.
2026-08-14T15:29:26.8978973Z Class CreateMfgRecipeIngredientsTable located in ./Modules/Manufacturing/Database/Migrations/2019_08_08_110035_create_mfg_recipe_ingredients_table.php does not comply with psr-4 autoloading standard (rule: Modules\ => ./Modules). Skipping.
2026-08-14T15:29:26.8980997Z Class AddProductionCostTypeToRecipeAndTransactionTable located in ./Modules/Manufacturing/Database/Migrations/2020_08_19_103831_add_production_cost_type_to_recipe_and_transaction_table.php does not comply with psr-4 autoloading standard (rule: Modules\ => ./Modules). Skipping.
2026-08-14T15:29:26.8982937Z Class AddRecipeAddEditPermissions located in ./Modules/Manufacturing/Database/Migrations/2019_08_08_172837_add_recipe_add_edit_permissions.php does not comply with psr-4 autoloading standard (rule: Modules\ => ./Modules). Skipping.
2026-08-14T15:29:26.8984842Z Class AddManufacturingModuleIndexing located in ./Modules/Manufacturing/Database/Migrations/2021_02_16_190302_add_manufacturing_module_indexing.php does not comply with psr-4 autoloading standard (rule: Modules\ => ./Modules). Skipping.
2026-08-14T15:29:26.8986746Z Class AddProductionColumnsToTransactionsTable located in ./Modules/Manufacturing/Database/Migrations/2019_07_18_180217_add_production_columns_to_transactions_table.php does not comply with psr-4 autoloading standard (rule: Modules\ => ./Modules). Skipping.
2026-08-14T15:29:26.8988779Z Class AddIngredientWastePercentColumns located in ./Modules/Manufacturing/Database/Migrations/2019_08_12_114610_add_ingredient_waste_percent_columns.php does not comply with psr-4 autoloading standard (rule: Modules\ => ./Modules). Skipping.
2026-08-14T15:29:26.8990581Z Class AddManufacturingPermissions located in ./Modules/Manufacturing/Database/Migrations/2019_07_26_170450_add_manufacturing_permissions.php does not comply with psr-4 autoloading standard (rule: Modules\ => ./Modules). Skipping.
2026-08-14T15:29:26.8992339Z Class CreateIngredientGroupsTable located in ./Modules/Manufacturing/Database/Migrations/2019_11_05_115136_create_ingredient_groups_table.php does not comply with psr-4 autoloading standard (rule: Modules\ => ./Modules). Skipping.
2026-08-14T15:29:26.8994461Z Class AddManufacturingSettingsColumnToBusinessTable located in ./Modules/Manufacturing/Database/Migrations/2019_07_26_110753_add_manufacturing_settings_column_to_business_table.php does not comply with psr-4 autoloading standard (rule: Modules\ => ./Modules). Skipping.
2026-08-14T15:29:26.8996304Z Class CreateScheduleLogsTable located in ./Modules/Crm/Database/Migrations/2020_03_30_112834_create_schedule_logs_table.php does not comply with psr-4 autoloading standard (rule: Modules\ => ./Modules). Skipping.
2026-08-14T15:29:26.8997880Z Class CreateSchedulesTable located in ./Modules/Crm/Database/Migrations/2020_03_27_133605_create_schedules_table.php does not comply with psr-4 autoloading standard (rule: Modules\ => ./Modules). Skipping.
2026-08-14T15:29:26.8999504Z Class AddNewColumnsToContactsTable located in ./Modules/Crm/Database/Migrations/2021_02_02_173651_add_new_columns_to_contacts_table.php does not comply with psr-4 autoloading standard (rule: Modules\ => ./Modules). Skipping.
2026-08-14T15:29:26.9001118Z Class CreateProposalsTable located in ./Modules/Crm/Database/Migrations/2021_06_16_125740_create_proposals_table.php does not comply with psr-4 autoloading standard (rule: Modules\ => ./Modules). Skipping.
2026-08-14T15:29:26.9003006Z Class AddMobileNameColumnToCrmCallLogsTable located in ./Modules/Crm/Database/Migrations/2021_02_08_172047_add_mobile_name_column_to_crm_call_logs_table.php does not comply with psr-4 autoloading standard (rule: Modules\ => ./Modules). Skipping.
2026-08-14T15:29:26.9004867Z Class AddFollowupCategoryId located in ./Modules/Crm/Database/Migrations/2022_03_02_180929_add_followup_category_id.php does not comply with psr-4 autoloading standard (rule: Modules\ => ./Modules). Skipping.
2026-08-14T15:29:26.9006501Z Class CreateProposalTemplatesTable located in ./Modules/Crm/Database/Migrations/2021_06_15_152924_create_proposal_templates_table.php does not comply with psr-4 autoloading standard (rule: Modules\ => ./Modules). Skipping.
2026-08-14T15:29:26.9008268Z Class AddCrmSettingsColumnToBusinessTable located in ./Modules/Crm/Database/Migrations/2021_09_24_065738_add_crm_settings_column_to_business_table.php does not comply with psr-4 autoloading standard (rule: Modules\ => ./Modules). Skipping.
2026-08-14T15:29:26.9010134Z Class CreateCrmContactPersonCommissionsTable located in ./Modules/Crm/Database/Migrations/2022_05_26_061553_create_crm_contact_person_commissions_table.php does not comply with psr-4 autoloading standard (rule: Modules\ => ./Modules). Skipping.
2026-08-14T15:29:26.9011869Z Class AddSourceIdToMarketplace located in ./Modules/Crm/Database/Migrations/2022_02_17_113045_add_source_id_to_marketplace.php does not comply with psr-4 autoloading standard (rule: Modules\ => ./Modules). Skipping.
2026-08-14T15:29:26.9013715Z Class AddAdditionalInfoToCrmCampaignsTable located in ./Modules/Crm/Database/Migrations/2021_02_02_140021_add_additional_info_to_crm_campaigns_table.php does not comply with psr-4 autoloading standard (rule: Modules\ => ./Modules). Skipping.
2026-08-14T15:29:26.9015532Z Class AddFollowUpByToCrmSchedulesTable located in ./Modules/Crm/Database/Migrations/2021_02_22_132125_add_follow_up_by_to_crm_schedules_table.php does not comply with psr-4 autoloading standard (rule: Modules\ => ./Modules). Skipping.
2026-08-14T15:29:26.9017432Z Class AddCrmModuleVersionToSystemTable located in ./Modules/Crm/Database/Migrations/2020_04_02_182331_add_crm_module_version_to_system_table.php does not comply with psr-4 autoloading standard (rule: Modules\ => ./Modules). Skipping.
2026-08-14T15:29:26.9019141Z Class CreateCrmFollowupInvoices located in ./Modules/Crm/Database/Migrations/2021_02_19_120846_create_crm_followup_invoices.php does not comply with psr-4 autoloading standard (rule: Modules\ => ./Modules). Skipping.
2026-08-14T15:29:26.9020729Z Class CreateLeadUsersTable located in ./Modules/Crm/Database/Migrations/2020_04_09_101052_create_lead_users_table.php does not comply with psr-4 autoloading standard (rule: Modules\ => ./Modules). Skipping.
2026-08-14T15:29:26.9022595Z Class AddFollowupAdditionalInfoColumnToCrmSchedulesTable located in ./Modules/Crm/Database/Migrations/2021_01_07_155757_add_followup_additional_info_column_to_crm_schedules_table.php does not comply with psr-4 autoloading standard (rule: Modules\ => ./Modules). Skipping.
2026-08-14T15:29:26.9024514Z Class AddCrmModuleIndexing located in ./Modules/Crm/Database/Migrations/2021_02_16_190038_add_crm_module_indexing.php does not comply with psr-4 autoloading standard (rule: Modules\ => ./Modules). Skipping.
2026-08-14T15:29:26.9026100Z Class CreateScheduleUsersTable located in ./Modules/Crm/Database/Migrations/2020_03_27_133628_create_schedule_users_table.php does not comply with psr-4 autoloading standard (rule: Modules\ => ./Modules). Skipping.
2026-08-14T15:29:26.9027877Z Class AddDepartmentAndDesignationToUsersTable located in ./Modules/Crm/Database/Migrations/2021_03_24_160736_add_department_and_designation_to_users_table.php does not comply with psr-4 autoloading standard (rule: Modules\ => ./Modules). Skipping.
2026-08-14T15:29:26.9029653Z Class ModifyCloumnInContactsTable located in ./Modules/Crm/Database/Migrations/2020_04_08_153231_modify_cloumn_in_contacts_table.php does not comply with psr-4 autoloading standard (rule: Modules\ => ./Modules). Skipping.
2026-08-14T15:29:26.9031383Z Class CreateCallLogsTable located in ./Modules/Crm/Database/Migrations/2021_02_04_120439_create_call_logs_table.php does not comply with psr-4 autoloading standard (rule: Modules\ => ./Modules). Skipping.
2026-08-14T15:29:26.9032965Z Class AddContactIdToUsersTable located in ./Modules/Crm/Database/Migrations/2020_03_19_130231_add_contact_id_to_users_table.php does not comply with psr-4 autoloading standard (rule: Modules\ => ./Modules). Skipping.
2026-08-14T15:29:26.9034848Z Class AddRecursiveFieldsToCrmSchedulesTable located in ./Modules/Crm/Database/Migrations/2021_06_16_114448_add_recursive_fields_to_crm_schedules_table.php does not comply with psr-4 autoloading standard (rule: Modules\ => ./Modules). Skipping.
2026-08-14T15:29:26.9036618Z Class CreateCrmCampaignsTable located in ./Modules/Crm/Database/Migrations/2020_04_16_114747_create_crm_campaigns_table.php does not comply with psr-4 autoloading standard (rule: Modules\ => ./Modules). Skipping.
2026-08-14T15:29:26.9038396Z Class AddCcAndBccColumnsToCrmProposalsTable located in ./Modules/Crm/Database/Migrations/2022_06_06_073006_add_cc_and_bcc_columns_to_crm_proposals_table.php does not comply with psr-4 autoloading standard (rule: Modules\ => ./Modules). Skipping.
2026-08-14T15:29:26.9040154Z Class CreateCrmMarketplacesTable located in ./Modules/Crm/Database/Migrations/2022_02_09_055012_create_crm_marketplaces_table.php does not comply with psr-4 autoloading standard (rule: Modules\ => ./Modules). Skipping.
2026-08-14T15:29:26.9041959Z Class AddConnectorModuleVersionToSystemTable located in ./Modules/Connector/Database/Migrations/2020_08_18_123107_add_connector_module_version_to_system_table.php does not comply with psr-4 autoloading standard (rule: Modules\ => ./Modules). Skipping.
2026-08-14T15:29:26.9044006Z Class AddAutoClockoutToEssentialsShifts located in ./Modules/Essentials/Database/Migrations/2021_03_09_123914_add_auto_clockout_to_essentials_shifts.php does not comply with psr-4 autoloading standard (rule: Modules\ => ./Modules). Skipping.
2026-08-14T15:29:26.9045861Z Class CreateRemindersTable located in ./Modules/Essentials/Database/Migrations/2018_10_09_134558_create_reminders_table.php does not comply with psr-4 autoloading standard (rule: Modules\ => ./Modules). Skipping.
2026-08-14T15:29:26.9047483Z Class AddLocationIdToTable located in ./Modules/Essentials/Database/Migrations/2021_06_17_121451_add_location_id_to_table.php does not comply with psr-4 autoloading standard (rule: Modules\ => ./Modules). Skipping.
2026-08-14T15:29:26.9049170Z Class CreatePayrollGroupsTable located in ./Modules/Essentials/Database/Migrations/2021_03_04_174857_create_payroll_groups_table.php does not comply with psr-4 autoloading standard (rule: Modules\ => ./Modules). Skipping.
2026-08-14T15:29:26.9050838Z Class CreateUserShiftsTable located in ./Modules/Essentials/Database/Migrations/2020_03_30_162029_create_user_shifts_table.php does not comply with psr-4 autoloading standard (rule: Modules\ => ./Modules). Skipping.
2026-08-14T15:29:26.9052596Z Class CreateEssentialsTodoCommentsTable located in ./Modules/Essentials/Database/Migrations/2019_09_23_120439_create_essentials_todo_comments_table.php does not comply with psr-4 autoloading standard (rule: Modules\ => ./Modules). Skipping.
2026-08-14T15:29:26.9054501Z Class AddShiftIdToAttendanceTable located in ./Modules/Essentials/Database/Migrations/2020_03_31_134558_add_shift_id_to_attendance_table.php does not comply with psr-4 autoloading standard (rule: Modules\ => ./Modules). Skipping.
2026-08-14T15:29:26.9056154Z Class EssentialsMessages located in ./Modules/Essentials/Database/Migrations/2019_02_22_120329_essentials_messages.php does not comply with psr-4 autoloading standard (rule: Modules\ => ./Modules). Skipping.
2026-08-14T15:29:26.9057751Z Class CreateDocumentsTable located in ./Modules/Essentials/Database/Migrations/2018_10_01_151252_create_documents_table.php does not comply with psr-4 autoloading standard (rule: Modules\ => ./Modules). Skipping.
2026-08-14T15:29:26.9059563Z Class AddApproveLeavePermission located in ./Modules/Essentials/Database/Migrations/2019_08_26_103520_add_approve_leave_permission.php does not comply with psr-4 autoloading standard (rule: Modules\ => ./Modules). Skipping.
2026-08-14T15:29:26.9061237Z Class AddColumnsToUsersTable located in ./Modules/Essentials/Database/Migrations/2021_02_27_133448_add_columns_to_users_table.php does not comply with psr-4 autoloading standard (rule: Modules\ => ./Modules). Skipping.
2026-08-14T15:29:26.9062892Z Class CreateEssentialsKbTable located in ./Modules/Essentials/Database/Migrations/2020_11_26_170527_create_essentials_kb_table.php does not comply with psr-4 autoloading standard (rule: Modules\ => ./Modules). Skipping.
2026-08-14T15:29:26.9064907Z Class AddClockInLocationToEssentialsAttendancesTable located in ./Modules/Essentials/Database/Migrations/2021_02_12_185514_add_clock_in_location_to_essentials_attendances_table.php does not comply with psr-4 autoloading standard (rule: Modules\ => ./Modules). Skipping.
2026-08-14T15:29:26.9066814Z Class AddEssentialsModuleIndexing located in ./Modules/Essentials/Database/Migrations/2021_02_16_190203_add_essentials_module_indexing.php does not comply with psr-4 autoloading standard (rule: Modules\ => ./Modules). Skipping.
2026-08-14T15:29:26.9068586Z Class CreateEssentialsHolidaysTable located in ./Modules/Essentials/Database/Migrations/2019_06_04_105723_create_essentials_holidays_table.php does not comply with psr-4 autoloading standard (rule: Modules\ => ./Modules). Skipping.
2026-08-14T15:29:26.9070344Z Class CreateEssentialsKbUsersTable located in ./Modules/Essentials/Database/Migrations/2020_11_30_112615_create_essentials_kb_users_table.php does not comply with psr-4 autoloading standard (rule: Modules\ => ./Modules). Skipping.
2026-08-14T15:29:26.9072083Z Class CreateEssentialsLeavesTable located in ./Modules/Essentials/Database/Migrations/2019_05_17_175921_create_essentials_leaves_table.php does not comply with psr-4 autoloading standard (rule: Modules\ => ./Modules). Skipping.
2026-08-14T15:29:26.9074120Z Class ModifyTodosDateColumnType located in ./Modules/Essentials/Database/Migrations/2020_11_05_105157_modify_todos_date_column_type.php does not comply with psr-4 autoloading standard (rule: Modules\ => ./Modules). Skipping.
2026-08-14T15:29:26.9075799Z Class AddMessagePermissions located in ./Modules/Essentials/Database/Migrations/2019_02_22_161513_add_message_permissions.php does not comply with psr-4 autoloading standard (rule: Modules\ => ./Modules). Skipping.
2026-08-14T15:29:26.9077496Z Class CreateEssentialsPayrollsTable located in ./Modules/Essentials/Database/Migrations/2019_05_30_110049_create_essentials_payrolls_table.php does not comply with psr-4 autoloading standard (rule: Modules\ => ./Modules). Skipping.
2026-08-14T15:29:26.9079335Z Class AddMoreColumnsToEssentialsToDosTable located in ./Modules/Essentials/Database/Migrations/2019_09_20_115906_add_more_columns_to_essentials_to_dos_table.php does not comply with psr-4 autoloading standard (rule: Modules\ => ./Modules). Skipping.
2026-08-14T15:29:26.9081051Z Class CreateToDosTable located in ./Modules/Essentials/Database/Migrations/2018_11_16_170756_create_to_dos_table.php does not comply with psr-4 autoloading standard (rule: Modules\ => ./Modules). Skipping.
2026-08-14T15:29:26.9082676Z Class AddHrmColumnsToUsersTable located in ./Modules/Essentials/Database/Migrations/2019_12_05_170724_add_hrm_columns_to_users_table.php does not comply with psr-4 autoloading standard (rule: Modules\ => ./Modules). Skipping.
2026-08-14T15:29:26.9085118Z Class CreateEssentialsUserSalesTargetsTable located in ./Modules/Essentials/Database/Migrations/2021_09_28_091541_create_essentials_user_sales_targets_table.php does not comply with psr-4 autoloading standard (rule: Modules\ => ./Modules). Skipping.
2026-08-14T15:29:26.9086961Z Class CreateEssentialsShiftTable located in ./Modules/Essentials/Database/Migrations/2020_03_28_152838_create_essentials_shift_table.php does not comply with psr-4 autoloading standard (rule: Modules\ => ./Modules). Skipping.
2026-08-14T15:29:26.9088934Z Class CreateEssentialsLeaveTypesTable located in ./Modules/Essentials/Database/Migrations/2019_05_17_153306_create_essentials_leave_types_table.php does not comply with psr-4 autoloading standard (rule: Modules\ => ./Modules). Skipping.
2026-08-14T15:29:26.9090697Z Class CreateDocumentSharesTable located in ./Modules/Essentials/Database/Migrations/2018_10_02_151803_create_document_shares_table.php does not comply with psr-4 autoloading standard (rule: Modules\ => ./Modules). Skipping.
2026-08-14T15:29:26.9092566Z Class AddEndTimeColumnToEssentialsRemindersTable located in ./Modules/Essentials/Database/Migrations/2020_11_11_174852_add_end_time_column_to_essentials_reminders_table.php does not comply with psr-4 autoloading standard (rule: Modules\ => ./Modules). Skipping.
2026-08-14T15:29:26.9094674Z Class CreatePayrollGroupTransactionsTable located in ./Modules/Essentials/Database/Migrations/2021_03_04_175025_create_payroll_group_transactions_table.php does not comply with psr-4 autoloading standard (rule: Modules\ => ./Modules). Skipping.
2026-08-14T15:29:26.9096558Z Class AddAllowanceAndDeductionsPermission located in ./Modules/Essentials/Database/Migrations/2019_12_09_105809_add_allowance_and_deductions_permission.php does not comply with psr-4 autoloading standard (rule: Modules\ => ./Modules). Skipping.
2026-08-14T15:29:26.9098515Z Class CreateEssentialsAllowanceAndDeductionTable located in ./Modules/Essentials/Database/Migrations/2019_08_27_103724_create_essentials_allowance_and_deduction_table.php does not comply with psr-4 autoloading standard (rule: Modules\ => ./Modules). Skipping.
2026-08-14T15:29:26.9100539Z Class AddEssentialsSettingsColumnsToBusinessTable located in ./Modules/Essentials/Database/Migrations/2019_05_21_154517_add_essentials_settings_columns_to_business_table.php does not comply with psr-4 autoloading standard (rule: Modules\ => ./Modules). Skipping.
2026-08-14T15:29:26.9102695Z Class CreateEssentialsUserAllowancesAndDeductions located in ./Modules/Essentials/Database/Migrations/2019_08_27_105236_create_essentials_user_allowances_and_deductions.php does not comply with psr-4 autoloading standard (rule: Modules\ => ./Modules). Skipping.
2026-08-14T15:29:26.9104769Z Class AddEssentialsVersionToSystemTable located in ./Modules/Essentials/Database/Migrations/2019_03_29_164339_add_essentials_version_to_system_table.php does not comply with psr-4 autoloading standard (rule: Modules\ => ./Modules). Skipping.
2026-08-14T15:29:26.9106593Z Class CreateTableEssentialsAttendance located in ./Modules/Essentials/Database/Migrations/2019_05_21_181653_create_table_essentials_attendance.php does not comply with psr-4 autoloading standard (rule: Modules\ => ./Modules). Skipping.
2026-08-14T15:29:26.9108466Z Class AddPayrollColumnsToTransactionsTable located in ./Modules/Essentials/Database/Migrations/2019_06_28_134217_add_payroll_columns_to_transactions_table.php does not comply with psr-4 autoloading standard (rule: Modules\ => ./Modules). Skipping.
2026-08-14T15:29:26.9110244Z Class CreateLicencaLogTable located in ./Modules/Officeimpresso/Database/Migrations/2026_04_23_200000_create_licenca_log_table.php does not comply with psr-4 autoloading standard (rule: Modules\ => ./Modules). Skipping.
2026-08-14T15:29:26.9111982Z Class CreateLicencaComputadorTable located in ./Modules/Officeimpresso/Database/Migrations/2024_11_05_101935_create_licenca_computador_table.php does not comply with psr-4 autoloading standard (rule: Modules\ => ./Modules). Skipping.
2026-08-14T15:29:26.9113941Z Class AddIndexesToLicencaComputador located in ./Modules/Officeimpresso/Database/Migrations/2026_04_23_200200_add_indexes_to_licenca_computador.php does not comply with psr-4 autoloading standard (rule: Modules\ => ./Modules). Skipping.
2026-08-14T15:29:26.9115683Z Class DropLicencaLogTriggers located in ./Modules/Officeimpresso/Database/Migrations/2026_04_24_000000_drop_licenca_log_triggers.php does not comply with psr-4 autoloading standard (rule: Modules\ => ./Modules). Skipping.
2026-08-14T15:29:26.9117576Z Class UpdateLicencaComputadorTable located in ./Modules/Officeimpresso/Database/Migrations/2024_11_07_083505_update_licenca_computador_table.php does not comply with psr-4 autoloading standard (rule: Modules\ => ./Modules). Skipping.
2026-08-14T15:29:26.9119324Z Class CreateLicencaLogTriggers located in ./Modules/Officeimpresso/Database/Migrations/2026_04_23_200100_create_licenca_log_triggers.php does not comply with psr-4 autoloading standard (rule: Modules\ => ./Modules). Skipping.
2026-08-14T15:29:26.9121036Z Class AddOfficeimpressoVersion located in ./Modules/Officeimpresso/Database/Migrations/2025_02_07_184909_add_officeimpresso_version.php does not comply with psr-4 autoloading standard (rule: Modules\ => ./Modules). Skipping.
2026-08-14T15:29:26.9122664Z Class FakeAsaasChargeStub located in ./Modules/RecurringBilling/Tests/Feature/CancelarCobrancaAsaasJobTest.php does not comply with psr-4 autoloading standard (rule: Modules\ => ./Modules). Skipping.
2026-08-14T15:29:26.9124415Z Class FakeAsaasRefundChargeStub located in ./Modules/RecurringBilling/Tests/Feature/RefundCobrancaAsaasJobTest.php does not comply with psr-4 autoloading standard (rule: Modules\ => ./Modules). Skipping.
2026-08-14T15:29:26.9126021Z Class CreateJobSheetsTable located in ./Modules/Repair/Database/Migrations/2020_07_31_130737_create_job_sheets_table.php does not comply with psr-4 autoloading standard (rule: Modules\ => ./Modules). Skipping.
2026-08-14T15:29:26.9127748Z Class AddUseForRepairColumnToBrandsTable located in ./Modules/Repair/Database/Migrations/2020_12_30_101842_add_use_for_repair_column_to_brands_table.php does not comply with psr-4 autoloading standard (rule: Modules\ => ./Modules). Skipping.
2026-08-14T15:29:26.9129559Z Class AddColumnsToRepairStatusesTable located in ./Modules/Repair/Database/Migrations/2020_07_11_120308_add_columns_to_repair_statuses_table.php does not comply with psr-4 autoloading standard (rule: Modules\ => ./Modules). Skipping.
2026-08-14T15:29:26.9131474Z Class AddJobSheetIdToTransactionsTable located in ./Modules/Repair/Database/Migrations/2020_08_07_124241_add_job_sheet_id_to_transactions_table.php does not comply with psr-4 autoloading standard (rule: Modules\ => ./Modules). Skipping.
2026-08-14T15:29:26.9133186Z Class AddRepairModuleIndexing located in ./Modules/Repair/Database/Migrations/2021_02_16_190423_add_repair_module_indexing.php does not comply with psr-4 autoloading standard (rule: Modules\ => ./Modules). Skipping.
2026-08-14T15:29:26.9134931Z Class MakeRepairStatusesTable located in ./Modules/Repair/Database/Migrations/2019_03_07_155813_make_repair_statuses_table.php does not comply with psr-4 autoloading standard (rule: Modules\ => ./Modules). Skipping.
2026-08-14T15:29:26.9136799Z Class AddRepairJobsheetSettingsColumnToBusinessTable located in ./Modules/Repair/Database/Migrations/2022_12_23_162847_add_repair_jobsheet_settings_column_to_business_table.php does not comply with psr-4 autoloading standard (rule: Modules\ => ./Modules). Skipping.
2026-08-14T15:29:26.9138800Z Class AddRepairSettingsColumnToBusinessTable located in ./Modules/Repair/Database/Migrations/2019_04_12_113901_add_repair_settings_column_to_business_table.php does not comply with psr-4 autoloading standard (rule: Modules\ => ./Modules). Skipping.
2026-08-14T15:29:26.9140675Z Class AddRepairVersionColumnToSystemTable located in ./Modules/Repair/Database/Migrations/2019_03_29_110241_add_repair_version_column_to_system_table.php does not comply with psr-4 autoloading standard (rule: Modules\ => ./Modules). Skipping.
2026-08-14T15:29:26.9142536Z Class AddPartsColumnToRepairJobSheetsTable located in ./Modules/Repair/Database/Migrations/2020_11_25_111050_add_parts_column_to_repair_job_sheets_table.php does not comply with psr-4 autoloading standard (rule: Modules\ => ./Modules). Skipping.
2026-08-14T15:29:26.9144518Z Class AddRepairColumnsToTransactionsTable located in ./Modules/Repair/Database/Migrations/2019_03_08_120634_add_repair_columns_to_transactions_table.php does not comply with psr-4 autoloading standard (rule: Modules\ => ./Modules). Skipping.
2026-08-14T15:29:26.9146533Z Class AddRepairModelIdColumnToProductsTable located in ./Modules/Repair/Database/Migrations/2020_05_06_103135_add_repair_model_id_column_to_products_table.php does not comply with psr-4 autoloading standard (rule: Modules\ => ./Modules). Skipping.
2026-08-14T15:29:26.9148257Z Class AddRepairPermissions located in ./Modules/Repair/Database/Migrations/2019_03_14_182704_add_repair_permissions.php does not comply with psr-4 autoloading standard (rule: Modules\ => ./Modules). Skipping.
2026-08-14T15:29:26.9150135Z Class AddJobSheetCustomFieldsToRepairJobSheetsTable located in ./Modules/Repair/Database/Migrations/2020_10_19_131934_add_job_sheet_custom_fields_to_repair_job_sheets_table.php does not comply with psr-4 autoloading standard (rule: Modules\ => ./Modules). Skipping.
2026-08-14T15:29:26.9152140Z Class AddEmailTemplateFieldToRepairStatusTable located in ./Modules/Repair/Database/Migrations/2020_08_22_104640_add_email_template_field_to_repair_status_table.php does not comply with psr-4 autoloading standard (rule: Modules\ => ./Modules). Skipping.
2026-08-14T15:29:26.9154061Z Class CreateDeviceModelsTable located in ./Modules/Repair/Database/Migrations/2020_05_05_125008_create_device_models_table.php does not comply with psr-4 autoloading standard (rule: Modules\ => ./Modules). Skipping.
2026-08-14T15:29:26.9155664Z Class FakeTelemetryAgent located in ./Modules/Jana/Tests/Feature/Telemetry/LangfuseAgentTelemetryListenerTest.php does not comply with psr-4 autoloading standard (rule: Modules\ => ./Modules). Skipping.
2026-08-14T15:29:26.9157271Z Class ObservableStreamAdapterFake located in ./Modules/Jana/Tests/Feature/Telemetry/ChatStreamObservabilityTest.php does not comply with psr-4 autoloading standard (rule: Modules\ => ./Modules). Skipping.
2026-08-14T15:29:26.9158881Z Class DisconnectingChatController located in ./Modules/Jana/Tests/Feature/Telemetry/ChatStreamObservabilityTest.php does not comply with psr-4 autoloading standard (rule: Modules\ => ./Modules). Skipping.
2026-08-14T15:29:26.9160583Z Class FakeStreamAdapterTokens located in ./Modules/Jana/Tests/Feature/Chat/ChatTokensTurnoTest.php does not comply with psr-4 autoloading standard (rule: Modules\ => ./Modules). Skipping.
2026-08-14T15:29:26.9162055Z Class FakeReconcilerBase located in ./Modules/Jana/Tests/Feature/Reconcile/ReconcileCommandTest.php does not comply with psr-4 autoloading standard (rule: Modules\ => ./Modules). Skipping.
2026-08-14T15:29:26.9163754Z Class FakeReconcilerState located in ./Modules/Jana/Tests/Feature/Reconcile/ReconcileCommandTest.php does not comply with psr-4 autoloading standard (rule: Modules\ => ./Modules). Skipping.
2026-08-14T15:29:26.9165221Z Class FakeIndexReconciler located in ./Modules/Jana/Tests/Feature/Reconcile/ReconcileCommandTest.php does not comply with psr-4 autoloading standard (rule: Modules\ => ./Modules). Skipping.
2026-08-14T15:29:26.9166721Z Class FakeSettingsReconciler located in ./Modules/Jana/Tests/Feature/Reconcile/ReconcileCommandTest.php does not comply with psr-4 autoloading standard (rule: Modules\ => ./Modules). Skipping.
2026-08-14T15:29:26.9168213Z Class FakeDeployReconciler located in ./Modules/Jana/Tests/Feature/Reconcile/ReconcileCommandTest.php does not comply with psr-4 autoloading standard (rule: Modules\ => ./Modules). Skipping.
2026-08-14T15:29:26.9169811Z Class CreateCopilotoConversasTable located in ./Modules/Jana/Database/Migrations/2026_04_24_000005_create_copiloto_conversas_table.php does not comply with psr-4 autoloading standard (rule: Modules\ => ./Modules). Skipping.
2026-08-14T15:29:26.9171536Z Class CreateCopilotoMetaFontesTable located in ./Modules/Jana/Database/Migrations/2026_04_24_000003_create_copiloto_meta_fontes_table.php does not comply with psr-4 autoloading standard (rule: Modules\ => ./Modules). Skipping.
2026-08-14T15:29:26.9173578Z Class CreateCopilotoMetaApuracoesTable located in ./Modules/Jana/Database/Migrations/2026_04_24_000004_create_copiloto_meta_apuracoes_table.php does not comply with psr-4 autoloading standard (rule: Modules\ => ./Modules). Skipping.
2026-08-14T15:29:26.9175304Z Class AddPromotionToMemoriaFacts located in ./Modules/Jana/Database/Migrations/2026_04_29_500002_add_promotion_to_memoria_facts.php does not comply with psr-4 autoloading standard (rule: Modules\ => ./Modules). Skipping.
2026-08-14T15:29:26.9177025Z Class CreateCopilotoNegativeCacheTable located in ./Modules/Jana/Database/Migrations/2026_04_29_500003_create_copiloto_negative_cache_table.php does not comply with psr-4 autoloading standard (rule: Modules\ => ./Modules). Skipping.
2026-08-14T15:29:26.9178828Z Class CreateCopilotoMemoriaMetricasTable located in ./Modules/Jana/Database/Migrations/2026_04_29_000001_create_copiloto_memoria_metricas_table.php does not comply with psr-4 autoloading standard (rule: Modules\ => ./Modules). Skipping.
2026-08-14T15:29:26.9180647Z Class CreateCopilotoMemoriaGabaritoTable located in ./Modules/Jana/Database/Migrations/2026_04_29_200001_create_copiloto_memoria_gabarito_table.php does not comply with psr-4 autoloading standard (rule: Modules\ => ./Modules). Skipping.
2026-08-14T15:29:26.9182448Z Class CreateCopilotoCacheSemanticoTable located in ./Modules/Jana/Database/Migrations/2026_04_29_400001_create_copiloto_cache_semantico_table.php does not comply with psr-4 autoloading standard (rule: Modules\ => ./Modules). Skipping.
2026-08-14T15:29:26.9184365Z Class CreateCopilotoBusinessProfileTable located in ./Modules/Jana/Database/Migrations/2026_04_29_500001_create_copiloto_business_profile_table.php does not comply with psr-4 autoloading standard (rule: Modules\ => ./Modules). Skipping.
2026-08-14T15:29:26.9186112Z Class CreateCopilotoMensagensTable located in ./Modules/Jana/Database/Migrations/2026_04_24_000006_create_copiloto_mensagens_table.php does not comply with psr-4 autoloading standard (rule: Modules\ => ./Modules). Skipping.
2026-08-14T15:29:26.9187952Z Class CreateCopilotoSugestoesTable located in ./Modules/Jana/Database/Migrations/2026_04_24_000007_create_copiloto_sugestoes_table.php does not comply with psr-4 autoloading standard (rule: Modules\ => ./Modules). Skipping.
2026-08-14T15:29:26.9189691Z Class CreateCopilotoMetaPeriodosTable located in ./Modules/Jana/Database/Migrations/2026_04_24_000002_create_copiloto_meta_periodos_table.php does not comply with psr-4 autoloading standard (rule: Modules\ => ./Modules). Skipping.
2026-08-14T15:29:26.9191375Z Class CreateCopilotoMetasTable located in ./Modules/Jana/Database/Migrations/2026_04_24_000001_create_copiloto_metas_table.php does not comply with psr-4 autoloading standard (rule: Modules\ => ./Modules). Skipping.
2026-08-14T15:29:26.9193056Z Class AddOptionsToPackagesTable located in ./Modules/Superadmin/Database/Migrations/2018_07_19_131721_add_options_to_packages_table.php does not comply with psr-4 autoloading standard (rule: Modules\ => ./Modules). Skipping.
2026-08-14T15:29:26.9194934Z Class AddMoreFieldsToPackagesTable located in ./Modules/Superadmin/Database/Migrations/2018_11_05_161848_add_more_fields_to_packages_table.php does not comply with psr-4 autoloading standard (rule: Modules\ => ./Modules). Skipping.
2026-08-14T15:29:26.9196721Z Class AddMissingDatabaseColumnIndexes located in ./Modules/Superadmin/Database/Migrations/2019_05_10_135434_add_missing_database_column_indexes.php does not comply with psr-4 autoloading standard (rule: Modules\ => ./Modules). Skipping.
2026-08-14T15:29:26.9198414Z Class CreatePackagesTable located in ./Modules/Superadmin/Database/Migrations/2018_06_27_185405_create_packages_table.php does not comply with psr-4 autoloading standard (rule: Modules\ => ./Modules). Skipping.
2026-08-14T15:29:26.9200143Z Class AddSuperadminCommunicatorLogsTable located in ./Modules/Superadmin/Database/Migrations/2018_08_30_105906_add_superadmin_communicator_logs_table.php does not comply with psr-4 autoloading standard (rule: Modules\ => ./Modules). Skipping.
2026-08-14T15:29:26.9202019Z Class AddRowsToSystemTable located in ./Modules/Superadmin/Database/Migrations/2018_07_17_182021_add_rows_to_system_table.php does not comply with psr-4 autoloading standard (rule: Modules\ => ./Modules). Skipping.
2026-08-14T15:29:26.9203829Z Class AddMinTerminationAlertDays located in ./Modules/Superadmin/Database/Migrations/2018_08_17_155534_add_min_termination_alert_days.php does not comply with psr-4 autoloading standard (rule: Modules\ => ./Modules). Skipping.
2026-08-14T15:29:26.9205545Z Class CreateSubscriptionsTable located in ./Modules/Superadmin/Database/Migrations/2018_06_28_182803_create_subscriptions_table.php does not comply with psr-4 autoloading standard (rule: Modules\ => ./Modules). Skipping.
2026-08-14T15:29:26.9207443Z Class AddBusinessBasedUsernameSettingsToSystemTable located in ./Modules/Superadmin/Database/Migrations/2018_08_28_105945_add_business_based_username_settings_to_system_table.php does not comply with psr-4 autoloading standard (rule: Modules\ => ./Modules). Skipping.
2026-08-14T15:29:26.9209424Z Class ModifySystemTableValuesNullDefault located in ./Modules/Superadmin/Database/Migrations/2018_12_10_124621_modify_system_table_values_null_default.php does not comply with psr-4 autoloading standard (rule: Modules\ => ./Modules). Skipping.
2026-08-14T15:29:26.9211288Z Class CreateSuperadminFrontendPagesTable located in ./Modules/Superadmin/Database/Migrations/2019_08_16_115300_create_superadmin_frontend_pages_table.php does not comply with psr-4 autoloading standard (rule: Modules\ => ./Modules). Skipping.
2026-08-14T15:29:26.9213157Z Class AddCustomPermissionsToPackagesTable located in ./Modules/Superadmin/Database/Migrations/2018_11_02_130636_add_custom_permissions_to_packages_table.php does not comply with psr-4 autoloading standard (rule: Modules\ => ./Modules). Skipping.
2026-08-14T15:29:26.9215058Z Class Modules\Ponto\Database\Factories\IntercorrenciaFactory located in ./Modules/Ponto/Database/factories/IntercorrenciaFactory.php does not comply with psr-4 autoloading standard (rule: Modules\ => ./Modules). Skipping.
2026-08-14T15:29:26.9216901Z Class Modules\Ponto\Database\Factories\ColaboradorFactory located in ./Modules/Ponto/Database/factories/ColaboradorFactory.php does not comply with psr-4 autoloading standard (rule: Modules\ => ./Modules). Skipping.
2026-08-14T15:29:26.9218548Z Class Modules\Ponto\Database\Factories\MarcacaoFactory located in ./Modules/Ponto/Database/factories/MarcacaoFactory.php does not comply with psr-4 autoloading standard (rule: Modules\ => ./Modules). Skipping.
2026-08-14T15:29:26.9220147Z Class Modules\Ponto\Database\Factories\EscalaFactory located in ./Modules/Ponto/Database/factories/EscalaFactory.php does not comply with psr-4 autoloading standard (rule: Modules\ => ./Modules). Skipping.
2026-08-14T15:29:26.9221772Z Class Modules\Ponto\Database\Factories\EscalaTurnoFactory located in ./Modules/Ponto/Database/factories/EscalaTurnoFactory.php does not comply with psr-4 autoloading standard (rule: Modules\ => ./Modules). Skipping.
2026-08-14T15:29:26.9223588Z Class CreatePontoBancoHorasTable located in ./Modules/Ponto/Database/Migrations/2026_04_18_000007_create_ponto_banco_horas_table.php does not comply with psr-4 autoloading standard (rule: Modules\ => ./Modules). Skipping.
2026-08-14T15:29:26.9225346Z Class CreatePontoColaboradorConfigTable located in ./Modules/Ponto/Database/Migrations/2026_04_18_000001_create_ponto_colaborador_config_table.php does not comply with psr-4 autoloading standard (rule: Modules\ => ./Modules). Skipping.
2026-08-14T15:29:26.9227136Z Class CreatePontoIntercorrenciasTable located in ./Modules/Ponto/Database/Migrations/2026_04_18_000005_create_ponto_intercorrencias_table.php does not comply with psr-4 autoloading standard (rule: Modules\ => ./Modules). Skipping.
2026-08-14T15:29:26.9228839Z Class CreatePontoMarcacoesTable located in ./Modules/Ponto/Database/Migrations/2026_04_18_000004_create_ponto_marcacoes_table.php does not comply with psr-4 autoloading standard (rule: Modules\ => ./Modules). Skipping.
2026-08-14T15:29:26.9230611Z Class CreatePontoEscalasTable located in ./Modules/Ponto/Database/Migrations/2026_04_18_000003_create_ponto_escalas_table.php does not comply with psr-4 autoloading standard (rule: Modules\ => ./Modules). Skipping.
2026-08-14T15:29:26.9232286Z Class CreatePontoApuracaoDiaTable located in ./Modules/Ponto/Database/Migrations/2026_04_18_000006_create_ponto_apuracao_dia_table.php does not comply with psr-4 autoloading standard (rule: Modules\ => ./Modules). Skipping.
2026-08-14T15:29:26.9234104Z Class CreatePontoImportacoesTable located in ./Modules/Ponto/Database/Migrations/2026_04_18_000008_create_ponto_importacoes_table.php does not comply with psr-4 autoloading standard (rule: Modules\ => ./Modules). Skipping.
2026-08-14T15:29:26.9235740Z Class CreatePontoRepsTable located in ./Modules/Ponto/Database/Migrations/2026_04_18_000002_create_ponto_reps_table.php does not comply with psr-4 autoloading standard (rule: Modules\ => ./Modules). Skipping.
2026-08-14T15:29:26.9237296Z Class CreateCmsPagesTable located in ./Modules/Cms/Database/Migrations/2022_08_04_143146_create_cms_pages_table.php does not comply with psr-4 autoloading standard (rule: Modules\ => ./Modules). Skipping.
2026-08-14T15:29:26.9238881Z Class CreateCmsPageMetasTable located in ./Modules/Cms/Database/Migrations/2022_09_15_122547_create_cms_page_metas_table.php does not comply with psr-4 autoloading standard (rule: Modules\ => ./Modules). Skipping.
2026-08-14T15:29:26.9240489Z Class CreateDefaultDataForCms located in ./Modules/Cms/Database/Migrations/2022_09_16_130337_create_default_data_for_cms.php does not comply with psr-4 autoloading standard (rule: Modules\ => ./Modules). Skipping.
2026-08-14T15:29:26.9242155Z Class AddLayoutColumnToCmsPagesTable located in ./Modules/Cms/Database/Migrations/2022_09_10_161849_add_layout_column_to_cms_pages_table.php does not comply with psr-4 autoloading standard (rule: Modules\ => ./Modules). Skipping.
2026-08-14T15:29:26.9243984Z Class CreateCmsSiteDetailsTable located in ./Modules/Cms/Database/Migrations/2022_09_10_163209_create_cms_site_details_table.php does not comply with psr-4 autoloading standard (rule: Modules\ => ./Modules). Skipping.
2026-08-14T15:29:26.9245720Z Class ManifestacaoServiceSemSefaz located in ./Modules/NfeBrasil/Tests/Feature/ManifestacaoContratoTest.php does not comply with psr-4 autoloading standard (rule: Modules\ => ./Modules). Skipping.
2026-08-14T15:29:26.9247348Z Class CreateNfeCertificadosTable located in ./Modules/NFSe/Database/Migrations/2026_05_01_000001_create_nfe_certificados_table.php does not comply with psr-4 autoloading standard (rule: Modules\ => ./Modules). Skipping.
2026-08-14T15:29:26.9249095Z Class CreateNfseProviderConfigsTable located in ./Modules/NFSe/Database/Migrations/2026_05_01_000002_create_nfse_provider_configs_table.php does not comply with psr-4 autoloading standard (rule: Modules\ => ./Modules). Skipping.
2026-08-14T15:29:26.9250756Z Class CreateNfseEmissoesTable located in ./Modules/NFSe/Database/Migrations/2026_05_01_000003_create_nfse_emissoes_table.php does not comply with psr-4 autoloading standard (rule: Modules\ => ./Modules). Skipping.
2026-08-14T15:29:26.9252366Z Class FakeBradescoCnabDriver located in ./Modules/PaymentGateway/Tests/Feature/CnabBoletoAdapterContractTest.php does not comply with psr-4 autoloading standard (rule: Modules\ => ./Modules). Skipping.
2026-08-14T15:29:26.9254188Z Class CreateAssetMaintenancesTable located in ./Modules/AssetManagement/Database/Migrations/2022_03_26_062215_create_asset_maintenances_table.php does not comply with psr-4 autoloading standard (rule: Modules\ => ./Modules). Skipping.
2026-08-14T15:29:26.9255976Z Class CreateAssetWarrantiesTable located in ./Modules/AssetManagement/Database/Migrations/2021_10_29_110841_create_asset_warranties_table.php does not comply with psr-4 autoloading standard (rule: Modules\ => ./Modules). Skipping.
2026-08-14T15:29:26.9257974Z Class AddMaintenanceNoteColumnToAssetMaintenancesTable located in ./Modules/AssetManagement/Database/Migrations/2022_05_11_070711_add_maintenance_note_column_to_asset_maintenances_table.php does not comply with psr-4 autoloading standard (rule: Modules\ => ./Modules). Skipping.
2026-08-14T15:29:26.9260167Z Class AddAssetSettingsColumnToBusinessTable located in ./Modules/AssetManagement/Database/Migrations/2020_08_21_180138_add_asset_settings_column_to_business_table.php does not comply with psr-4 autoloading standard (rule: Modules\ => ./Modules). Skipping.
2026-08-14T15:29:26.9262218Z Class AddAssetManagementModuleVersionToSystemTable located in ./Modules/AssetManagement/Database/Migrations/2020_08_19_175842_add_asset_management_module_version_to_system_table.php does not comply with psr-4 autoloading standard (rule: Modules\ => ./Modules). Skipping.
2026-08-14T15:29:26.9264148Z Class CreateAssetsTable located in ./Modules/AssetManagement/Database/Migrations/2020_08_20_114339_create_assets_table.php does not comply with psr-4 autoloading standard (rule: Modules\ => ./Modules). Skipping.
2026-08-14T15:29:26.9265875Z Class CreateAssetTransactionsTable located in ./Modules/AssetManagement/Database/Migrations/2020_08_20_173031_create_asset_transactions_table.php does not comply with psr-4 autoloading standard (rule: Modules\ => ./Modules). Skipping.
2026-08-14T15:29:26.9267794Z Class AddFolderIdColumnToSheetSpreadsheetsTable located in ./Modules/Spreadsheet/Database/Migrations/2023_01_16_124948_add_folder_id_column_to_sheet_spreadsheets_table.php does not comply with psr-4 autoloading standard (rule: Modules\ => ./Modules). Skipping.
2026-08-14T15:29:26.9269670Z Class CreateSpreadsheetSharesTable located in ./Modules/Spreadsheet/Database/Migrations/2021_03_12_175416_create_spreadsheet_shares_table.php does not comply with psr-4 autoloading standard (rule: Modules\ => ./Modules). Skipping.
2026-08-14T15:29:26.9271490Z Class AddSpreadsheetVersionToSystemTable located in ./Modules/Spreadsheet/Database/Migrations/2020_12_23_125610_add_spreadsheet_version_to_system_table.php does not comply with psr-4 autoloading standard (rule: Modules\ => ./Modules). Skipping.
2026-08-14T15:29:26.9273500Z Class CreateSpreadsheetsTable located in ./Modules/Spreadsheet/Database/Migrations/2020_12_23_153255_create_spreadsheets_table.php does not comply with psr-4 autoloading standard (rule: Modules\ => ./Modules). Skipping.
2026-08-14T15:29:26.9275283Z Class AddModuleVersionToSystemTable located in ./Modules/Woocommerce/Database/Migrations/2018_10_10_110400_add_module_version_to_system_table.php does not comply with psr-4 autoloading standard (rule: Modules\ => ./Modules). Skipping.
2026-08-14T15:29:26.9277025Z Class AddWoocommercePermissions located in ./Modules/Woocommerce/Database/Migrations/2018_12_03_163945_add_woocommerce_permissions.php does not comply with psr-4 autoloading standard (rule: Modules\ => ./Modules). Skipping.
2026-08-14T15:29:26.9278945Z Class AddWoocommerceTaxRateIdColumnToTaxRatesTable located in ./Modules/Woocommerce/Database/Migrations/2018_10_16_123522_add_woocommerce_tax_rate_id_column_to_tax_rates_table.php does not comply with psr-4 autoloading standard (rule: Modules\ => ./Modules). Skipping.
2026-08-14T15:29:26.9281063Z Class AddWoocommerceSkippedOrdersFieldsToBusinessTable located in ./Modules/Woocommerce/Database/Migrations/2020_09_07_124952_add_woocommerce_skipped_orders_fields_to_business_table.php does not comply with psr-4 autoloading standard (rule: Modules\ => ./Modules). Skipping.
2026-08-14T15:29:26.9283169Z Class AddWoocommerceWhOcSecretColumnToBusinessTable located in ./Modules/Woocommerce/Database/Migrations/2019_06_08_132440_add_woocommerce_wh_oc_secret_column_to_business_table.php does not comply with psr-4 autoloading standard (rule: Modules\ => ./Modules). Skipping.
2026-08-14T15:29:26.9285416Z Class AddDisableWoocommerceSyncColumnToProductsTable located in ./Modules/Woocommerce/Database/Migrations/2019_04_19_174129_add_disable_woocommerce_sync_column_to_products_table.php does not comply with psr-4 autoloading standard (rule: Modules\ => ./Modules). Skipping.
2026-08-14T15:29:26.9287492Z Class ChangeWoocommerceSyncLogsTable located in ./Modules/Woocommerce/Database/Migrations/2019_02_18_154414_change_woocommerce_sync_logs_table.php does not comply with psr-4 autoloading standard (rule: Modules\ => ./Modules). Skipping.
2026-08-14T15:29:26.9289304Z Class CreateWoocommerceSyncLogsTable located in ./Modules/Woocommerce/Database/Migrations/2018_10_11_173839_create_woocommerce_sync_logs_table.php does not comply with psr-4 autoloading standard (rule: Modules\ => ./Modules). Skipping.
2026-08-14T15:29:26.9291076Z Class AddWoocommerceModuleIndexing located in ./Modules/Woocommerce/Database/Migrations/2021_02_16_190608_add_woocommerce_module_indexing.php does not comply with psr-4 autoloading standard (rule: Modules\ => ./Modules). Skipping.
2026-08-14T15:29:26.9292827Z Class AddWoocommerceMediaIdColumns located in ./Modules/Woocommerce/Database/Migrations/2019_10_01_171828_add_woocommerce_media_id_columns.php does not comply with psr-4 autoloading standard (rule: Modules\ => ./Modules). Skipping.
2026-08-14T15:29:26.9294842Z Class AddWoocommerceApiSettingsToBusinessTable located in ./Modules/Woocommerce/Database/Migrations/2018_10_10_122845_add_woocommerce_api_settings_to_business_table.php does not comply with psr-4 autoloading standard (rule: Modules\ => ./Modules). Skipping.
2026-08-14T15:29:26.9296849Z Class AddWoocommerceCategoryIdToCategoriesTable located in ./Modules/Woocommerce/Database/Migrations/2018_10_10_162041_add_woocommerce_category_id_to_categories_table.php does not comply with psr-4 autoloading standard (rule: Modules\ => ./Modules). Skipping.
2026-08-14T15:29:26.9298968Z Class AddWoocommerceAttrIdColumnToVariationTemplatesTable located in ./Modules/Woocommerce/Database/Migrations/2018_10_23_111555_add_woocommerce_attr_id_column_to_variation_templates_table.php does not comply with psr-4 autoloading standard (rule: Modules\ => ./Modules). Skipping.
2026-08-14T15:29:26.9300561Z Class App\Cidades located in ./app/Http/Controllers/Cidades.php does not comply with psr-4 autoloading standard (rule: App\ => ./app). Skipping.
2026-08-14T15:29:26.9302178Z Class Modules\Restaurant\Http\Controllers\RestaurantController located in ./app/Http/Controllers/Restaurant/RestaurantController.php does not comply with psr-4 autoloading standard (rule: App\ => ./app). Skipping.
2026-08-14T15:29:26.9303912Z Class App\Http\Controllers\Api\CondicaopagtoController located in ./app/Http/Controllers/CondicaopagtoController.php does not comply with psr-4 autoloading standard (rule: App\ => ./app). Skipping.
2026-08-14T15:29:26.9305278Z Class App\Http\Controllers\SellController located in ./app/SellController.php does not comply with psr-4 autoloading standard (rule: App\ => ./app). Skipping.
2026-08-14T15:29:26.9306582Z Class App\Http\Controllers\EnviarXmlController located in ./app/Services/EnviarXmlController.php does not comply with psr-4 autoloading standard (rule: App\ => ./app). Skipping.
2026-08-14T15:29:27.1421676Z 167 packages you are using are looking for funding.
2026-08-14T15:29:27.1422350Z Use the `composer fund` command to find out more!
2026-08-14T15:29:27.1623270Z ##[group]Run npm ci
2026-08-14T15:29:27.1623770Z [36;1mnpm ci[0m
2026-08-14T15:29:27.1661628Z shell: /usr/bin/bash -e {0}
2026-08-14T15:29:27.1661894Z env:
2026-08-14T15:29:27.1662116Z   VISREG_GRAY_APPROVED: 0
2026-08-14T15:29:27.1662396Z   COMPOSER_PROCESS_TIMEOUT: 0
2026-08-14T15:29:27.1662673Z   COMPOSER_NO_INTERACTION: 1
2026-08-14T15:29:27.1662936Z   COMPOSER_NO_AUDIT: 1
2026-08-14T15:29:27.1663169Z ##[endgroup]
2026-08-14T15:29:27.9706632Z npm warn EBADENGINE Unsupported engine {
2026-08-14T15:29:27.9707826Z npm warn EBADENGINE   package: 'mute-stream@4.0.0',
2026-08-14T15:29:27.9708778Z npm warn EBADENGINE   required: { node: '^22.22.2 || ^24.15.0 || >=26.0.0' },
2026-08-14T15:29:27.9709829Z npm warn EBADENGINE   current: { node: 'v22.17.0', npm: '10.9.2' }
2026-08-14T15:29:27.9710530Z npm warn EBADENGINE }
2026-08-14T15:29:29.7766020Z npm warn deprecated whatwg-encoding@3.1.1: Use @exodus/bytes instead for a more spec-conformant and faster implementation
2026-08-14T15:29:34.6148174Z npm warn deprecated glob@10.5.0: Old versions of glob are not supported, and contain widely publicized security vulnerabilities, which have been fixed in the current version. Please update. Support for old versions may be purchased (at exorbitant rates) by contacting i@izs.me
2026-08-14T15:29:44.1740696Z 
2026-08-14T15:29:44.1741476Z added 1080 packages, and audited 1081 packages in 17s
2026-08-14T15:29:44.1741958Z 
2026-08-14T15:29:44.1742253Z 356 packages are looking for funding
2026-08-14T15:29:44.1742770Z   run `npm fund` for details
2026-08-14T15:29:44.2097953Z 
2026-08-14T15:29:44.2098927Z 21 vulnerabilities (1 low, 4 moderate, 15 high, 1 critical)
2026-08-14T15:29:44.2099303Z 
2026-08-14T15:29:44.2099553Z To address issues that do not require attention, run:
2026-08-14T15:29:44.2099922Z   npm audit fix
2026-08-14T15:29:44.2100059Z 
2026-08-14T15:29:44.2100311Z To address all issues (including breaking changes), run:
2026-08-14T15:29:44.2100725Z   npm audit fix --force
2026-08-14T15:29:44.2100906Z 
2026-08-14T15:29:44.2101044Z Run `npm audit` for details.
2026-08-14T15:29:44.2841239Z ##[group]Run node -e "const fs=require('fs'); const lock=require('./package-lock.json'); const expected=lock.packages['node_modules/playwright']?.version; const actual=JSON.parse(fs.readFileSync('./node_modules/playwright/package.json','utf8')).version; if (!expected || actual !== expected) throw new Error('Playwright fora do lock: '+actual+' != '+expected); console.log('Playwright lockado:', actual)"
2026-08-14T15:29:44.2845011Z [36;1mnode -e "const fs=require('fs'); const lock=require('./package-lock.json'); const expected=lock.packages['node_modules/playwright']?.version; const actual=JSON.parse(fs.readFileSync('./node_modules/playwright/package.json','utf8')).version; if (!expected || actual !== expected) throw new Error('Playwright fora do lock: '+actual+' != '+expected); console.log('Playwright lockado:', actual)"[0m
2026-08-14T15:29:44.2884684Z shell: /usr/bin/bash -e {0}
2026-08-14T15:29:44.2884969Z env:
2026-08-14T15:29:44.2885175Z   VISREG_GRAY_APPROVED: 0
2026-08-14T15:29:44.2885469Z   COMPOSER_PROCESS_TIMEOUT: 0
2026-08-14T15:29:44.2885726Z   COMPOSER_NO_INTERACTION: 1
2026-08-14T15:29:44.2885960Z   COMPOSER_NO_AUDIT: 1
2026-08-14T15:29:44.2886172Z ##[endgroup]
2026-08-14T15:29:44.3241690Z Playwright lockado: 1.60.0
2026-08-14T15:29:44.3330926Z ##[group]Run npx playwright install-deps chromium firefox webkit
2026-08-14T15:29:44.3331820Z [36;1mnpx playwright install-deps chromium firefox webkit[0m
2026-08-14T15:29:44.3375398Z shell: /usr/bin/bash -e {0}
2026-08-14T15:29:44.3375677Z env:
2026-08-14T15:29:44.3375890Z   VISREG_GRAY_APPROVED: 0
2026-08-14T15:29:44.3376153Z   COMPOSER_PROCESS_TIMEOUT: 0
2026-08-14T15:29:44.3376421Z   COMPOSER_NO_INTERACTION: 1
2026-08-14T15:29:44.3376669Z   COMPOSER_NO_AUDIT: 1
2026-08-14T15:29:44.3376897Z ##[endgroup]
2026-08-14T15:29:45.1392407Z Installing dependencies...
2026-08-14T15:29:45.1471375Z Switching to root user to install dependencies...
2026-08-14T15:29:45.2903712Z Get:1 file:/etc/apt/apt-mirrors.txt Mirrorlist [144 B]
2026-08-14T15:29:45.3037601Z Get:4 https://packages.microsoft.com/repos/azure-cli noble InRelease [3564 B]
2026-08-14T15:29:45.3314358Z Get:5 https://packages.microsoft.com/ubuntu/24.04/prod noble InRelease [3600 B]
2026-08-14T15:29:45.3316473Z Hit:2 http://azure.archive.ubuntu.com/ubuntu noble InRelease
2026-08-14T15:29:45.3330810Z Get:3 http://azure.archive.ubuntu.com/ubuntu noble-updates InRelease [126 kB]
2026-08-14T15:29:45.3386040Z Get:6 http://azure.archive.ubuntu.com/ubuntu noble-backports InRelease [126 kB]
2026-08-14T15:29:45.3404760Z Get:7 http://azure.archive.ubuntu.com/ubuntu noble-security InRelease [126 kB]
2026-08-14T15:29:45.3790146Z Get:8 https://dl.google.com/linux/chrome-stable/deb stable InRelease [2548 B]
2026-08-14T15:29:45.4525351Z Get:9 https://packages.microsoft.com/repos/azure-cli noble/main amd64 Packages [2452 B]
2026-08-14T15:29:45.5055479Z Get:10 https://packages.microsoft.com/ubuntu/24.04/prod noble/main armhf Packages [12.3 kB]
2026-08-14T15:29:45.5084524Z Get:11 https://packages.microsoft.com/ubuntu/24.04/prod noble/main arm64 Packages [280 kB]
2026-08-14T15:29:45.5134969Z Get:12 https://packages.microsoft.com/ubuntu/24.04/prod noble/main amd64 Packages [321 kB]
2026-08-14T15:29:45.6204448Z Get:13 http://azure.archive.ubuntu.com/ubuntu noble-updates/main amd64 Packages [1191 kB]
2026-08-14T15:29:45.6275501Z Get:14 http://azure.archive.ubuntu.com/ubuntu noble-updates/main Translation-en [282 kB]
2026-08-14T15:29:45.6306127Z Get:15 http://azure.archive.ubuntu.com/ubuntu noble-updates/main amd64 Components [180 kB]
2026-08-14T15:29:45.6313891Z Get:16 http://azure.archive.ubuntu.com/ubuntu noble-updates/universe amd64 Packages [1683 kB]
2026-08-14T15:29:45.6395292Z Get:17 http://azure.archive.ubuntu.com/ubuntu noble-updates/universe Translation-en [335 kB]
2026-08-14T15:29:45.6417477Z Get:18 http://azure.archive.ubuntu.com/ubuntu noble-updates/universe amd64 Components [388 kB]
2026-08-14T15:29:45.6447236Z Get:19 http://azure.archive.ubuntu.com/ubuntu noble-updates/restricted amd64 Packages [1424 kB]
2026-08-14T15:29:45.6520114Z Get:20 http://azure.archive.ubuntu.com/ubuntu noble-updates/restricted Translation-en [323 kB]
2026-08-14T15:29:45.6544272Z Get:21 http://azure.archive.ubuntu.com/ubuntu noble-updates/multiverse Translation-en [12.6 kB]
2026-08-14T15:29:45.6552396Z Get:22 http://azure.archive.ubuntu.com/ubuntu noble-updates/multiverse amd64 Components [940 B]
2026-08-14T15:29:45.7232267Z Get:23 http://azure.archive.ubuntu.com/ubuntu noble-backports/main amd64 Components [5768 B]
2026-08-14T15:29:45.7246966Z Get:24 http://azure.archive.ubuntu.com/ubuntu noble-backports/universe amd64 Components [12.6 kB]
2026-08-14T15:29:45.7321996Z Get:25 http://azure.archive.ubuntu.com/ubuntu noble-security/main amd64 Packages [934 kB]
2026-08-14T15:29:45.7377404Z Get:26 http://azure.archive.ubuntu.com/ubuntu noble-security/main Translation-en [202 kB]
2026-08-14T15:29:45.7396619Z Get:27 http://azure.archive.ubuntu.com/ubuntu noble-security/main amd64 Components [46.3 kB]
2026-08-14T15:29:45.7403116Z Get:28 http://azure.archive.ubuntu.com/ubuntu noble-security/universe amd64 Packages [1201 kB]
2026-08-14T15:29:45.7465334Z Get:29 http://azure.archive.ubuntu.com/ubuntu noble-security/universe Translation-en [240 kB]
2026-08-14T15:29:45.7485603Z Get:30 http://azure.archive.ubuntu.com/ubuntu noble-security/universe amd64 Components [76.3 kB]
2026-08-14T15:29:45.7514765Z Get:31 http://azure.archive.ubuntu.com/ubuntu noble-security/restricted amd64 Packages [1329 kB]
2026-08-14T15:29:45.7561194Z Get:32 http://azure.archive.ubuntu.com/ubuntu noble-security/restricted Translation-en [304 kB]
2026-08-14T15:29:45.7580375Z Get:33 http://azure.archive.ubuntu.com/ubuntu noble-security/multiverse Translation-en [10.9 kB]
2026-08-14T15:29:45.9178050Z Get:34 https://dl.google.com/linux/chrome-stable/deb stable/main amd64 Packages [1411 B]
2026-08-14T15:29:50.6329432Z Fetched 11.2 MB in 1s (7904 kB/s)
2026-08-14T15:29:51.4425125Z Reading package lists...
2026-08-14T15:29:51.4676051Z Reading package lists...
2026-08-14T15:29:51.7063943Z Building dependency tree...
2026-08-14T15:29:51.7066993Z Reading state information...
2026-08-14T15:29:51.7339829Z libasound2t64 is already the newest version (1.2.11-1ubuntu0.3).
2026-08-14T15:29:51.7340967Z libatk-bridge2.0-0t64 is already the newest version (2.52.0-1build1).
2026-08-14T15:29:51.7341847Z libatk1.0-0t64 is already the newest version (2.52.0-1build1).
2026-08-14T15:29:51.7342812Z libatspi2.0-0t64 is already the newest version (2.52.0-1build1).
2026-08-14T15:29:51.7343682Z libcairo2 is already the newest version (1.18.0-3build1).
2026-08-14T15:29:51.7344356Z libcups2t64 is already the newest version (2.4.7-1.2ubuntu7.14).
2026-08-14T15:29:51.7345008Z libdbus-1-3 is already the newest version (1.14.10-4ubuntu4.1).
2026-08-14T15:29:51.7345527Z libdbus-1-3 set to manually installed.
2026-08-14T15:29:51.7346092Z libdrm2 is already the newest version (2.4.125-1ubuntu0.1~24.04.2).
2026-08-14T15:29:51.7347122Z libgbm1 is already the newest version (25.2.8-0ubuntu0.24.04.2).
2026-08-14T15:29:51.7347770Z libglib2.0-0t64 is already the newest version (2.80.0-6ubuntu3.8).
2026-08-14T15:29:51.7348318Z libglib2.0-0t64 set to manually installed.
2026-08-14T15:29:51.7348856Z libnspr4 is already the newest version (2:4.35-1.1build1).
2026-08-14T15:29:51.7349454Z libnss3 is already the newest version (2:3.98-1ubuntu0.2).
2026-08-14T15:29:51.7350070Z libpango-1.0-0 is already the newest version (1.52.1+ds-1build1).
2026-08-14T15:29:51.7350607Z libpango-1.0-0 set to manually installed.
2026-08-14T15:29:51.7351123Z libx11-6 is already the newest version (2:1.8.7-1build1).
2026-08-14T15:29:51.7351604Z libx11-6 set to manually installed.
2026-08-14T15:29:51.7352078Z libxcb1 is already the newest version (1.15-1ubuntu2).
2026-08-14T15:29:51.7352538Z libxcb1 set to manually installed.
2026-08-14T15:29:51.7353069Z libxcomposite1 is already the newest version (1:0.4.5-1build3).
2026-08-14T15:29:51.7353877Z libxdamage1 is already the newest version (1:1.1.6-1build1).
2026-08-14T15:29:51.7354328Z libxext6 is already the newest version (2:1.3.4-1build2).
2026-08-14T15:29:51.7354696Z libxext6 set to manually installed.
2026-08-14T15:29:51.7355084Z libxfixes3 is already the newest version (1:6.0.0-2build1).
2026-08-14T15:29:51.7355569Z libxkbcommon0 is already the newest version (1.6.0-1build1).
2026-08-14T15:29:51.7356032Z libxrandr2 is already the newest version (2:1.5.2-2build1).
2026-08-14T15:29:51.7356490Z xvfb is already the newest version (2:21.1.12-1ubuntu1.6).
2026-08-14T15:29:51.7357020Z fonts-noto-color-emoji is already the newest version (2.047-0ubuntu0.24.04.1).
2026-08-14T15:29:51.7357580Z libfontconfig1 is already the newest version (2.15.0-1.1ubuntu2).
2026-08-14T15:29:51.7357993Z libfontconfig1 set to manually installed.
2026-08-14T15:29:51.7358438Z libfreetype6 is already the newest version (2.13.2+dfsg-1ubuntu0.1).
2026-08-14T15:29:51.7358866Z libfreetype6 set to manually installed.
2026-08-14T15:29:51.7359282Z fonts-liberation is already the newest version (1:2.1.5-3).
2026-08-14T15:29:51.7359778Z libcairo-gobject2 is already the newest version (1.18.0-3build1).
2026-08-14T15:29:51.7360212Z libcairo-gobject2 set to manually installed.
2026-08-14T15:29:51.7360704Z libgdk-pixbuf-2.0-0 is already the newest version (2.42.10+dfsg-3ubuntu3.3).
2026-08-14T15:29:51.7361609Z libgdk-pixbuf-2.0-0 set to manually installed.
2026-08-14T15:29:51.7362125Z libgtk-3-0t64 is already the newest version (3.24.41-4ubuntu1.3).
2026-08-14T15:29:51.7362661Z libpangocairo-1.0-0 is already the newest version (1.52.1+ds-1build1).
2026-08-14T15:29:51.7363114Z libpangocairo-1.0-0 set to manually installed.
2026-08-14T15:29:51.7363781Z libx11-xcb1 is already the newest version (2:1.8.7-1build1).
2026-08-14T15:29:51.7364243Z libxcb-shm0 is already the newest version (1.15-1ubuntu2).
2026-08-14T15:29:51.7364622Z libxcb-shm0 set to manually installed.
2026-08-14T15:29:51.7365017Z libxcursor1 is already the newest version (1:1.2.1-1build1).
2026-08-14T15:29:51.7365459Z libxi6 is already the newest version (2:1.8.1-1build1).
2026-08-14T15:29:51.7365918Z libxrender1 is already the newest version (1:0.9.10-1.1build1).
2026-08-14T15:29:51.7366316Z libxrender1 set to manually installed.
2026-08-14T15:29:51.7366701Z libicu74 is already the newest version (74.2-1ubuntu3.1).
2026-08-14T15:29:51.7367087Z libicu74 set to manually installed.
2026-08-14T15:29:51.7367492Z libatomic1 is already the newest version (14.2.0-4ubuntu2~24.04.1).
2026-08-14T15:29:51.7367899Z libatomic1 set to manually installed.
2026-08-14T15:29:51.7368301Z libenchant-2-2 is already the newest version (2.3.3-2build2).
2026-08-14T15:29:51.7368764Z libepoxy0 is already the newest version (1.5.10-1build1).
2026-08-14T15:29:51.7369270Z libevent-2.1-7t64 is already the newest version (2.1.12-stable-9ubuntu2).
2026-08-14T15:29:51.7369724Z libevent-2.1-7t64 set to manually installed.
2026-08-14T15:29:51.7370178Z libgstreamer1.0-0 is already the newest version (1.24.2-1ubuntu0.1).
2026-08-14T15:29:51.7370904Z libharfbuzz-icu0 is already the newest version (8.3.0-2build2).
2026-08-14T15:29:51.7371319Z libharfbuzz-icu0 set to manually installed.
2026-08-14T15:29:51.7371736Z libharfbuzz0b is already the newest version (8.3.0-2build2).
2026-08-14T15:29:51.7372131Z libharfbuzz0b set to manually installed.
2026-08-14T15:29:51.7372559Z libjpeg-turbo8 is already the newest version (2.1.5-2ubuntu2).
2026-08-14T15:29:51.7372967Z libjpeg-turbo8 set to manually installed.
2026-08-14T15:29:51.7373611Z liblcms2-2 is already the newest version (2.14-2ubuntu0.1).
2026-08-14T15:29:51.7374038Z liblcms2-2 set to manually installed.
2026-08-14T15:29:51.7374453Z libpng16-16t64 is already the newest version (1.6.43-5ubuntu0.6).
2026-08-14T15:29:51.7374867Z libpng16-16t64 set to manually installed.
2026-08-14T15:29:51.7375310Z libwayland-client0 is already the newest version (1.22.0-2.1build1).
2026-08-14T15:29:51.7375820Z libwayland-egl1 is already the newest version (1.22.0-2.1build1).
2026-08-14T15:29:51.7376289Z libwebp7 is already the newest version (1.3.2-0.4build3).
2026-08-14T15:29:51.7376661Z libwebp7 set to manually installed.
2026-08-14T15:29:51.7377079Z libwebpdemux2 is already the newest version (1.3.2-0.4build3).
2026-08-14T15:29:51.9625892Z libwebpdemux2 set to manually installed.
2026-08-14T15:29:51.9626800Z libxml2 is already the newest version (2.9.14+dfsg-1.3ubuntu3.8).
2026-08-14T15:29:51.9627548Z libxml2 set to manually installed.
2026-08-14T15:29:51.9628338Z libxslt1.1 is already the newest version (1.1.39-0exp1ubuntu0.24.04.3).
2026-08-14T15:29:51.9629155Z libxslt1.1 set to manually installed.
2026-08-14T15:29:51.9629881Z libavif16 is already the newest version (1.0.4-1ubuntu3).
2026-08-14T15:29:51.9630541Z libavif16 set to manually installed.
2026-08-14T15:29:51.9631226Z The following additional packages will be installed:
2026-08-14T15:29:51.9632047Z   glib-networking glib-networking-common glib-networking-services
2026-08-14T15:29:51.9632954Z   gsettings-desktop-schemas libaa1 libass9 libasyncns0 libavc1394-0
2026-08-14T15:29:51.9634225Z   libavfilter9 libavformat60 libavtp0 libavutil58 libblas3 libbluray2 libbs2b0
2026-08-14T15:29:51.9635235Z   libcaca0 libcdparanoia0 libchromaprint1 libcjson1 libcodec2-1.2 libdc1394-25
2026-08-14T15:29:51.9636123Z   libdca0 libdecor-0-0 libdirectfb-1.7-7t64 libdv4t64 libdvdnav4
2026-08-14T15:29:51.9637444Z   libdvdread8t64 libegl-mesa0 libegl1 libfaad2 libflac12t64 libfluidsynth3
2026-08-14T15:29:51.9638697Z   libfreeaptx0 libgme0 libgraphene-1.0-0 libgsm1 libgssdp-1.6-0
2026-08-14T15:29:51.9639690Z   libgstreamer-plugins-good1.0-0 libgtk-4-common libgupnp-1.6-0
2026-08-14T15:29:51.9640711Z   libgupnp-igd-1.6-0 libhwy1t64 libiec61883-0 libinstpatch-1.0-2
2026-08-14T15:29:51.9642109Z   libjack-jackd2-0 libjxl0.7 liblapack3 liblc3-1 libldacbt-enc2 liblilv-0-0
2026-08-14T15:29:51.9643213Z   liblrdf0 libltc11 libmbedcrypto7t64 libmfx1 libmjpegutils-2.1-0t64
2026-08-14T15:29:51.9644662Z   libmodplug1 libmp3lame0 libmpcdec6 libmpeg2encpp-2.1-0t64 libmpg123-0t64
2026-08-14T15:29:51.9645770Z   libmplex2-2.1-0t64 libmysofa1 libneon27t64 libnice10 libopenal-data
2026-08-14T15:29:51.9646774Z   libopenal1 libopenh264-7 libopenmpt0t64 libopenni2-0 liborc-0.4-0t64
2026-08-14T15:29:51.9647859Z   libpipewire-0.3-0t64 libplacebo338 libpocketsphinx3 libpostproc57
2026-08-14T15:29:51.9648846Z   libproxy1v5 libpulse0 libqrencode4 libraptor2-0 libraw1394-11 librist4
2026-08-14T15:29:51.9649687Z   librubberband2 libsamplerate0 libsbc1 libsdl2-2.0-0 libsecret-common
2026-08-14T15:29:51.9650294Z   libserd-0-0 libshine3 libshout3 libsndfile1 libsndio7.0 libsord-0-0
2026-08-14T15:29:51.9651031Z   libsoundtouch1 libsoup-3.0-0 libsoup-3.0-common libsoxr0 libspa-0.2-modules
2026-08-14T15:29:51.9651715Z   libspandsp2t64 libspeex1 libsphinxbase3t64 libsratom-0-0 libsrt1.5-gnutls
2026-08-14T15:29:51.9652356Z   libsrtp2-1 libssh-gcrypt-4 libswresample4 libswscale7 libtag1v5
2026-08-14T15:29:51.9653036Z   libtag1v5-vanilla libtheora0 libtwolame0 libudfread0 libunibreak5
2026-08-14T15:29:51.9654237Z   libv4l-0t64 libv4lconvert0t64 libva-drm2 libva-x11-2 libva2 libvdpau1
2026-08-14T15:29:51.9654936Z   libvidstab1.1 libvisual-0.4-0 libvo-aacenc0 libvo-amrwbenc0 libvorbisenc2
2026-08-14T15:29:51.9655651Z   libvpl2 libwavpack1 libwebrtc-audio-processing1 libwildmidi2 libxcb-xkb1
2026-08-14T15:29:51.9656275Z   libxkbcommon-x11-0 libxvidcore4 libzbar0t64 libzimg2 libzix-0-0
2026-08-14T15:29:51.9656962Z   libzvbi-common libzvbi0t64 libzxing3 ocl-icd-libopencl1 session-migration
2026-08-14T15:29:51.9657605Z   timgm6mb-soundfont xfonts-encodings xfonts-utils
2026-08-14T15:29:51.9658085Z Suggested packages:
2026-08-14T15:29:51.9658575Z   frei0r-plugins gvfs libcuda1 libnvcuvid1 libnvidia-encode1 libbluray-bdj
2026-08-14T15:29:51.9659293Z   libdirectfb-extra libdv-bin oss-compat libdvdcss2 libvisual-0.4-plugins
2026-08-14T15:29:51.9659959Z   jackd2 liblrdf0-dev libportaudio2 opus-tools pipewire pulseaudio
2026-08-14T15:29:51.9660571Z   raptor2-utils libraw1394-doc serdi sndiod sordi speex libwildmidi-config
2026-08-14T15:29:51.9661185Z   opencl-icd fluid-soundfont-gm
2026-08-14T15:29:51.9661560Z Recommended packages:
2026-08-14T15:29:51.9662039Z   fonts-ipafont-mincho fonts-tlwg-loma gstreamer1.0-x libaacs0
2026-08-14T15:29:51.9662678Z   default-libdecor-0-plugin-1 | libdecor-0-plugin-1 gstreamer1.0-gl
2026-08-14T15:29:51.9663302Z   libgtk-4-bin libgtk-4-media-gstreamer libpipewire-0.3-common
2026-08-14T15:29:51.9664339Z   pocketsphinx-en-us va-driver-all | va-driver vdpau-driver-all | vdpau-driver
2026-08-14T15:29:52.0872817Z The following NEW packages will be installed:
2026-08-14T15:29:52.0874442Z   fonts-freefont-ttf fonts-ipafont-gothic fonts-tlwg-loma-otf fonts-unifont
2026-08-14T15:29:52.0875554Z   fonts-wqy-zenhei glib-networking glib-networking-common
2026-08-14T15:29:52.0876915Z   glib-networking-services gsettings-desktop-schemas gstreamer1.0-libav
2026-08-14T15:29:52.0878385Z   gstreamer1.0-plugins-bad gstreamer1.0-plugins-base gstreamer1.0-plugins-good
2026-08-14T15:29:52.0879641Z   libaa1 libass9 libasyncns0 libavc1394-0 libavcodec60 libavfilter9
2026-08-14T15:29:52.0881031Z   libavformat60 libavtp0 libavutil58 libblas3 libbluray2 libbs2b0 libcaca0
2026-08-14T15:29:52.0882267Z   libcdparanoia0 libchromaprint1 libcjson1 libcodec2-1.2 libdc1394-25 libdca0
2026-08-14T15:29:52.0884203Z   libdecor-0-0 libdirectfb-1.7-7t64 libdv4t64 libdvdnav4 libdvdread8t64
2026-08-14T15:29:52.0885417Z   libegl-mesa0 libegl1 libfaad2 libflac12t64 libflite1 libfluidsynth3
2026-08-14T15:29:52.0886671Z   libfreeaptx0 libgles2 libgme0 libgraphene-1.0-0 libgsm1 libgssdp-1.6-0
2026-08-14T15:29:52.0887690Z   libgstreamer-gl1.0-0 libgstreamer-plugins-bad1.0-0
2026-08-14T15:29:52.0888907Z   libgstreamer-plugins-base1.0-0 libgstreamer-plugins-good1.0-0 libgtk-4-1
2026-08-14T15:29:52.0890186Z   libgtk-4-common libgupnp-1.6-0 libgupnp-igd-1.6-0 libhwy1t64 libhyphen0
2026-08-14T15:29:52.0891246Z   libiec61883-0 libinstpatch-1.0-2 libjack-jackd2-0 libjxl0.7 liblapack3
2026-08-14T15:29:52.0892462Z   liblc3-1 libldacbt-enc2 liblilv-0-0 liblrdf0 libltc11 libmanette-0.2-0
2026-08-14T15:29:52.0893769Z   libmbedcrypto7t64 libmfx1 libmjpegutils-2.1-0t64 libmodplug1 libmp3lame0
2026-08-14T15:29:52.0894889Z   libmpcdec6 libmpeg2encpp-2.1-0t64 libmpg123-0t64 libmplex2-2.1-0t64
2026-08-14T15:29:52.0896219Z   libmysofa1 libneon27t64 libnice10 libopenal-data libopenal1 libopenh264-7
2026-08-14T15:29:52.0897422Z   libopenmpt0t64 libopenni2-0 libopus0 liborc-0.4-0t64 libpipewire-0.3-0t64
2026-08-14T15:29:52.0898707Z   libplacebo338 libpocketsphinx3 libpostproc57 libproxy1v5 libpulse0
2026-08-14T15:29:52.0899818Z   libqrencode4 libraptor2-0 libraw1394-11 librist4 librubberband2
2026-08-14T15:29:52.0900890Z   libsamplerate0 libsbc1 libsdl2-2.0-0 libsecret-1-0 libsecret-common
2026-08-14T15:29:52.0901882Z   libserd-0-0 libshine3 libshout3 libsndfile1 libsndio7.0 libsord-0-0
2026-08-14T15:29:52.0903113Z   libsoundtouch1 libsoup-3.0-0 libsoup-3.0-common libsoxr0 libspa-0.2-modules
2026-08-14T15:29:52.0904495Z   libspandsp2t64 libspeex1 libsphinxbase3t64 libsratom-0-0 libsrt1.5-gnutls
2026-08-14T15:29:52.0905923Z   libsrtp2-1 libssh-gcrypt-4 libswresample4 libswscale7 libtag1v5
2026-08-14T15:29:52.0907313Z   libtag1v5-vanilla libtheora0 libtwolame0 libudfread0 libunibreak5
2026-08-14T15:29:52.0908576Z   libv4l-0t64 libv4lconvert0t64 libva-drm2 libva-x11-2 libva2 libvdpau1
2026-08-14T15:29:52.0909914Z   libvidstab1.1 libvisual-0.4-0 libvo-aacenc0 libvo-amrwbenc0 libvorbisenc2
2026-08-14T15:29:52.0911122Z   libvpl2 libvpx9 libwavpack1 libwayland-server0 libwebrtc-audio-processing1
2026-08-14T15:29:52.0912158Z   libwildmidi2 libwoff1 libx264-164 libxcb-xkb1 libxkbcommon-x11-0
2026-08-14T15:29:52.0913287Z   libxvidcore4 libzbar0t64 libzimg2 libzix-0-0 libzvbi-common libzvbi0t64
2026-08-14T15:29:52.0914695Z   libzxing3 ocl-icd-libopencl1 session-migration timgm6mb-soundfont
2026-08-14T15:29:52.0915864Z   xfonts-cyrillic xfonts-encodings xfonts-scalable xfonts-utils
2026-08-14T15:29:52.1154279Z 0 upgraded, 166 newly installed, 0 to remove and 8 not upgraded.
2026-08-14T15:29:52.1155453Z Need to get 104 MB of archives.
2026-08-14T15:29:52.1156365Z After this operation, 318 MB of additional disk space will be used.
2026-08-14T15:29:52.1157384Z Get:1 file:/etc/apt/apt-mirrors.txt Mirrorlist [144 B]
2026-08-14T15:29:52.2063973Z Get:2 http://azure.archive.ubuntu.com/ubuntu noble/universe amd64 fonts-ipafont-gothic all 00303-21ubuntu1 [3513 kB]
2026-08-14T15:29:52.3541354Z Get:3 http://azure.archive.ubuntu.com/ubuntu noble/main amd64 fonts-freefont-ttf all 20211204+svn4273-2 [5641 kB]
2026-08-14T15:29:52.5788691Z Get:4 http://azure.archive.ubuntu.com/ubuntu noble/universe amd64 fonts-tlwg-loma-otf all 1:0.7.3-1 [107 kB]
2026-08-14T15:29:52.6515304Z Get:5 http://azure.archive.ubuntu.com/ubuntu noble/universe amd64 fonts-unifont all 1:15.1.01-1build1 [2993 kB]
2026-08-14T15:29:52.8087528Z Get:6 http://azure.archive.ubuntu.com/ubuntu noble/universe amd64 fonts-wqy-zenhei all 0.9.45-8 [7472 kB]
2026-08-14T15:29:53.0218709Z Get:7 http://azure.archive.ubuntu.com/ubuntu noble/main amd64 libproxy1v5 amd64 0.5.4-4build1 [26.5 kB]
2026-08-14T15:29:53.0941811Z Get:8 http://azure.archive.ubuntu.com/ubuntu noble/main amd64 glib-networking-common all 2.80.0-1build1 [6702 B]
2026-08-14T15:29:53.1660746Z Get:9 http://azure.archive.ubuntu.com/ubuntu noble/main amd64 glib-networking-services amd64 2.80.0-1build1 [12.8 kB]
2026-08-14T15:29:53.2389847Z Get:10 http://azure.archive.ubuntu.com/ubuntu noble/main amd64 session-migration amd64 0.3.9build1 [9034 B]
2026-08-14T15:29:53.3108171Z Get:11 http://azure.archive.ubuntu.com/ubuntu noble-updates/main amd64 gsettings-desktop-schemas all 46.1-0ubuntu1 [35.6 kB]
2026-08-14T15:29:53.3829948Z Get:12 http://azure.archive.ubuntu.com/ubuntu noble/main amd64 glib-networking amd64 2.80.0-1build1 [64.1 kB]
2026-08-14T15:29:53.4555169Z Get:13 http://azure.archive.ubuntu.com/ubuntu noble-updates/universe amd64 libva2 amd64 2.20.0-2ubuntu0.2 [66.4 kB]
2026-08-14T15:29:53.5276469Z Get:14 http://azure.archive.ubuntu.com/ubuntu noble-updates/universe amd64 libva-drm2 amd64 2.20.0-2ubuntu0.2 [7124 B]
2026-08-14T15:29:53.5996865Z Get:15 http://azure.archive.ubuntu.com/ubuntu noble-updates/universe amd64 libva-x11-2 amd64 2.20.0-2ubuntu0.2 [12.0 kB]
2026-08-14T15:29:53.6717369Z Get:16 http://azure.archive.ubuntu.com/ubuntu noble/main amd64 libvdpau1 amd64 1.5-2build1 [27.8 kB]
2026-08-14T15:29:53.7437262Z Get:17 http://azure.archive.ubuntu.com/ubuntu noble/universe amd64 libvpl2 amd64 2023.3.0-1build1 [99.8 kB]
2026-08-14T15:29:53.8166164Z Get:18 http://azure.archive.ubuntu.com/ubuntu noble/universe amd64 ocl-icd-libopencl1 amd64 2.3.2-1build1 [38.5 kB]
2026-08-14T15:29:53.8955579Z Get:19 http://azure.archive.ubuntu.com/ubuntu noble/universe amd64 libavutil58 amd64 7:6.1.1-3ubuntu5 [401 kB]
2026-08-14T15:29:53.9674740Z Get:20 http://azure.archive.ubuntu.com/ubuntu noble/universe amd64 libcodec2-1.2 amd64 1.2.0-2build1 [8998 kB]
2026-08-14T15:29:54.2599840Z Get:21 http://azure.archive.ubuntu.com/ubuntu noble/universe amd64 libgsm1 amd64 1.0.22-1build1 [27.8 kB]
2026-08-14T15:29:54.3329096Z Get:22 http://azure.archive.ubuntu.com/ubuntu noble/universe amd64 libhwy1t64 amd64 1.0.7-8.1build1 [584 kB]
2026-08-14T15:29:54.4088040Z Get:23 http://azure.archive.ubuntu.com/ubuntu noble-updates/universe amd64 libjxl0.7 amd64 0.7.0-10.2ubuntu6.1 [1001 kB]
2026-08-14T15:29:54.4869599Z Get:24 http://azure.archive.ubuntu.com/ubuntu noble/main amd64 libmp3lame0 amd64 3.100-6build1 [142 kB]
2026-08-14T15:29:54.5601332Z Get:25 http://azure.archive.ubuntu.com/ubuntu noble/main amd64 libopus0 amd64 1.4-1build1 [208 kB]
2026-08-14T15:29:54.6336371Z Get:26 http://azure.archive.ubuntu.com/ubuntu noble/universe amd64 libshine3 amd64 3.1.1-2build1 [23.2 kB]
2026-08-14T15:29:54.7071323Z Get:27 http://azure.archive.ubuntu.com/ubuntu noble-updates/main amd64 libspeex1 amd64 1.2.1-2ubuntu2.24.04.1 [59.6 kB]
2026-08-14T15:29:54.7797872Z Get:28 http://azure.archive.ubuntu.com/ubuntu noble/universe amd64 libsoxr0 amd64 0.1.3-4build3 [80.0 kB]
2026-08-14T15:29:54.8523192Z Get:29 http://azure.archive.ubuntu.com/ubuntu noble/universe amd64 libswresample4 amd64 7:6.1.1-3ubuntu5 [63.8 kB]
2026-08-14T15:29:54.9249703Z Get:30 http://azure.archive.ubuntu.com/ubuntu noble/main amd64 libtheora0 amd64 1.1.1+dfsg.1-16.1build3 [211 kB]
2026-08-14T15:29:54.9981107Z Get:31 http://azure.archive.ubuntu.com/ubuntu noble/main amd64 libtwolame0 amd64 0.4.0-2build3 [52.3 kB]
2026-08-14T15:29:55.0710098Z Get:32 http://azure.archive.ubuntu.com/ubuntu noble/main amd64 libvorbisenc2 amd64 1.3.7-1build3 [80.8 kB]
2026-08-14T15:29:55.1432661Z Get:33 http://azure.archive.ubuntu.com/ubuntu noble-updates/main amd64 libvpx9 amd64 1.14.0-1ubuntu2.3 [1143 kB]
2026-08-14T15:29:55.2223912Z Get:34 http://azure.archive.ubuntu.com/ubuntu noble/universe amd64 libx264-164 amd64 2:0.164.3108+git31e19f9-1 [604 kB]
2026-08-14T15:29:55.2976770Z Get:35 http://azure.archive.ubuntu.com/ubuntu noble/universe amd64 libxvidcore4 amd64 2:1.3.7-1build1 [219 kB]
2026-08-14T15:29:55.3710534Z Get:36 http://azure.archive.ubuntu.com/ubuntu noble/universe amd64 libzvbi-common all 0.2.42-2 [42.4 kB]
2026-08-14T15:29:55.4443759Z Get:37 http://azure.archive.ubuntu.com/ubuntu noble/universe amd64 libzvbi0t64 amd64 0.2.42-2 [261 kB]
2026-08-14T15:29:55.5179108Z Get:38 http://azure.archive.ubuntu.com/ubuntu noble/universe amd64 libavcodec60 amd64 7:6.1.1-3ubuntu5 [5851 kB]
2026-08-14T15:29:55.6790676Z Get:39 http://azure.archive.ubuntu.com/ubuntu noble/universe amd64 libunibreak5 amd64 5.1-2build1 [25.0 kB]
2026-08-14T15:29:55.7526142Z Get:40 http://azure.archive.ubuntu.com/ubuntu noble/universe amd64 libass9 amd64 1:0.17.1-2build1 [104 kB]
2026-08-14T15:29:55.8268981Z Get:41 http://azure.archive.ubuntu.com/ubuntu noble/universe amd64 libudfread0 amd64 1.1.2-1build1 [19.0 kB]
2026-08-14T15:29:55.8988922Z Get:42 http://azure.archive.ubuntu.com/ubuntu noble/universe amd64 libbluray2 amd64 1:1.3.4-1build1 [159 kB]
2026-08-14T15:29:55.9719371Z Get:43 http://azure.archive.ubuntu.com/ubuntu noble/universe amd64 libchromaprint1 amd64 1.5.1-5 [30.5 kB]
2026-08-14T15:29:56.0442294Z Get:44 http://azure.archive.ubuntu.com/ubuntu noble/universe amd64 libgme0 amd64 0.6.3-7build1 [134 kB]
2026-08-14T15:29:56.1170035Z Get:45 http://azure.archive.ubuntu.com/ubuntu noble-updates/main amd64 libmpg123-0t64 amd64 1.32.5-1ubuntu1.1 [169 kB]
2026-08-14T15:29:56.1898958Z Get:46 http://azure.archive.ubuntu.com/ubuntu noble/universe amd64 libopenmpt0t64 amd64 0.7.3-1.1build3 [647 kB]
2026-08-14T15:29:56.2653746Z Get:47 http://azure.archive.ubuntu.com/ubuntu noble/universe amd64 libcjson1 amd64 1.7.17-1 [24.8 kB]
2026-08-14T15:29:56.3373824Z Get:48 http://azure.archive.ubuntu.com/ubuntu noble/universe amd64 libmbedcrypto7t64 amd64 2.28.8-1 [209 kB]
2026-08-14T15:29:56.4105400Z Get:49 http://azure.archive.ubuntu.com/ubuntu noble/universe amd64 librist4 amd64 0.2.10+dfsg-2 [74.9 kB]
2026-08-14T15:29:56.4837647Z Get:50 http://azure.archive.ubuntu.com/ubuntu noble/universe amd64 libsrt1.5-gnutls amd64 1.5.3-1build2 [316 kB]
2026-08-14T15:29:56.5599132Z Get:51 http://azure.archive.ubuntu.com/ubuntu noble-updates/main amd64 libssh-gcrypt-4 amd64 0.10.6-2ubuntu0.4 [225 kB]
2026-08-14T15:29:56.6336383Z Get:52 http://azure.archive.ubuntu.com/ubuntu noble/universe amd64 libavformat60 amd64 7:6.1.1-3ubuntu5 [1153 kB]
2026-08-14T15:29:56.7159569Z Get:53 http://azure.archive.ubuntu.com/ubuntu noble/universe amd64 libbs2b0 amd64 3.1.0+dfsg-7build1 [10.6 kB]
2026-08-14T15:29:56.7882649Z Get:54 http://azure.archive.ubuntu.com/ubuntu noble/universe amd64 libflite1 amd64 2.2-6build3 [13.6 MB]
2026-08-14T15:29:57.0998672Z Get:55 http://azure.archive.ubuntu.com/ubuntu noble/universe amd64 libserd-0-0 amd64 0.32.2-1 [43.6 kB]
2026-08-14T15:29:57.1727737Z Get:56 http://azure.archive.ubuntu.com/ubuntu noble/universe amd64 libzix-0-0 amd64 0.4.2-2build1 [23.6 kB]
2026-08-14T15:29:57.2451969Z Get:57 http://azure.archive.ubuntu.com/ubuntu noble/universe amd64 libsord-0-0 amd64 0.16.16-2build1 [15.8 kB]
2026-08-14T15:29:57.3173790Z Get:58 http://azure.archive.ubuntu.com/ubuntu noble/universe amd64 libsratom-0-0 amd64 0.6.16-1build1 [17.3 kB]
2026-08-14T15:29:57.3892706Z Get:59 http://azure.archive.ubuntu.com/ubuntu noble/universe amd64 liblilv-0-0 amd64 0.24.22-1build1 [41.0 kB]
2026-08-14T15:29:57.4614977Z Get:60 http://azure.archive.ubuntu.com/ubuntu noble/universe amd64 libmysofa1 amd64 1.3.2+dfsg-2ubuntu2 [1158 kB]
2026-08-14T15:29:57.5399604Z Get:61 http://azure.archive.ubuntu.com/ubuntu noble/universe amd64 libplacebo338 amd64 6.338.2-2build1 [2654 kB]
2026-08-14T15:29:57.6903729Z Get:62 http://azure.archive.ubuntu.com/ubuntu noble-updates/main amd64 libblas3 amd64 3.12.0-3build1.1 [238 kB]
2026-08-14T15:29:57.7637766Z Get:63 http://azure.archive.ubuntu.com/ubuntu noble-updates/main amd64 liblapack3 amd64 3.12.0-3build1.1 [2646 kB]
2026-08-14T15:29:57.9112080Z Get:64 http://azure.archive.ubuntu.com/ubuntu noble/main amd64 libasyncns0 amd64 0.8-6build4 [11.3 kB]
2026-08-14T15:29:57.9829168Z Get:65 http://azure.archive.ubuntu.com/ubuntu noble/main amd64 libflac12t64 amd64 1.4.3+ds-2.1ubuntu2 [197 kB]
2026-08-14T15:29:58.0558941Z Get:66 http://azure.archive.ubuntu.com/ubuntu noble-updates/main amd64 libsndfile1 amd64 1.2.2-1ubuntu5.24.04.1 [209 kB]
2026-08-14T15:29:58.1292370Z Get:67 http://azure.archive.ubuntu.com/ubuntu noble-updates/main amd64 libpulse0 amd64 1:16.1+dfsg1-2ubuntu10.1 [292 kB]
2026-08-14T15:29:58.2031903Z Get:68 http://azure.archive.ubuntu.com/ubuntu noble/universe amd64 libsphinxbase3t64 amd64 0.8+5prealpha+1-17build2 [126 kB]
2026-08-14T15:29:58.2757321Z Get:69 http://azure.archive.ubuntu.com/ubuntu noble/universe amd64 libpocketsphinx3 amd64 0.8.0+real5prealpha+1-15ubuntu5 [133 kB]
2026-08-14T15:29:58.3483146Z Get:70 http://azure.archive.ubuntu.com/ubuntu noble/universe amd64 libpostproc57 amd64 7:6.1.1-3ubuntu5 [49.9 kB]
2026-08-14T15:29:58.4209113Z Get:71 http://azure.archive.ubuntu.com/ubuntu noble/main amd64 libsamplerate0 amd64 0.2.2-4build1 [1344 kB]
2026-08-14T15:29:58.5823743Z Get:72 http://azure.archive.ubuntu.com/ubuntu noble/universe amd64 librubberband2 amd64 3.3.0+dfsg-2build1 [130 kB]
2026-08-14T15:29:58.6551550Z Get:73 http://azure.archive.ubuntu.com/ubuntu noble/universe amd64 libswscale7 amd64 7:6.1.1-3ubuntu5 [193 kB]
2026-08-14T15:29:58.7292802Z Get:74 http://azure.archive.ubuntu.com/ubuntu noble/universe amd64 libvidstab1.1 amd64 1.1.0-2build1 [38.5 kB]
2026-08-14T15:29:58.8015672Z Get:75 http://azure.archive.ubuntu.com/ubuntu noble/universe amd64 libzimg2 amd64 3.0.5+ds1-1build1 [254 kB]
2026-08-14T15:29:58.8765048Z Get:76 http://azure.archive.ubuntu.com/ubuntu noble/universe amd64 libavfilter9 amd64 7:6.1.1-3ubuntu5 [4235 kB]
2026-08-14T15:29:59.0316201Z Get:77 http://azure.archive.ubuntu.com/ubuntu noble-updates/main amd64 liborc-0.4-0t64 amd64 1:0.4.38-1ubuntu0.1 [207 kB]
2026-08-14T15:29:59.1045736Z Get:78 http://azure.archive.ubuntu.com/ubuntu noble-updates/main amd64 libgstreamer-plugins-base1.0-0 amd64 1.24.2-1ubuntu0.4 [862 kB]
2026-08-14T15:29:59.1812613Z Get:79 http://azure.archive.ubuntu.com/ubuntu noble/universe amd64 gstreamer1.0-libav amd64 1.24.1-1build1 [103 kB]
2026-08-14T15:29:59.2540545Z Get:80 http://azure.archive.ubuntu.com/ubuntu noble/main amd64 libcdparanoia0 amd64 3.10.2+debian-14build3 [48.5 kB]
2026-08-14T15:29:59.3262459Z Get:81 http://azure.archive.ubuntu.com/ubuntu noble/main amd64 libvisual-0.4-0 amd64 0.4.2-2build1 [115 kB]
2026-08-14T15:29:59.3995691Z Get:82 http://azure.archive.ubuntu.com/ubuntu noble-updates/main amd64 gstreamer1.0-plugins-base amd64 1.24.2-1ubuntu0.4 [721 kB]
2026-08-14T15:29:59.4755087Z Get:83 http://azure.archive.ubuntu.com/ubuntu noble/main amd64 libaa1 amd64 1.4p5-51.1 [49.9 kB]
2026-08-14T15:29:59.5477769Z Get:84 http://azure.archive.ubuntu.com/ubuntu noble/main amd64 libraw1394-11 amd64 2.1.2-2build3 [26.2 kB]
2026-08-14T15:29:59.6196612Z Get:85 http://azure.archive.ubuntu.com/ubuntu noble/main amd64 libavc1394-0 amd64 0.5.4-5build3 [15.4 kB]
2026-08-14T15:29:59.6950329Z Get:86 http://azure.archive.ubuntu.com/ubuntu noble-updates/main amd64 libcaca0 amd64 0.99.beta20-4ubuntu0.2 [209 kB]
2026-08-14T15:29:59.7688117Z Get:87 http://azure.archive.ubuntu.com/ubuntu noble/main amd64 libdv4t64 amd64 1.0.0-17.1build1 [63.2 kB]
2026-08-14T15:29:59.8412754Z Get:88 http://azure.archive.ubuntu.com/ubuntu noble-updates/main amd64 libgstreamer-plugins-good1.0-0 amd64 1.24.2-1ubuntu1.5 [33.5 kB]
2026-08-14T15:29:59.9131454Z Get:89 http://azure.archive.ubuntu.com/ubuntu noble/main amd64 libiec61883-0 amd64 1.2.0-6build1 [24.5 kB]
2026-08-14T15:29:59.9855191Z Get:90 http://azure.archive.ubuntu.com/ubuntu noble/main amd64 libshout3 amd64 2.4.6-1build2 [50.3 kB]
2026-08-14T15:30:00.0577306Z Get:91 http://azure.archive.ubuntu.com/ubuntu noble/main amd64 libtag1v5-vanilla amd64 1.13.1-1build1 [326 kB]
2026-08-14T15:30:00.1329754Z Get:92 http://azure.archive.ubuntu.com/ubuntu noble/main amd64 libtag1v5 amd64 1.13.1-1build1 [11.7 kB]
2026-08-14T15:30:00.2062015Z Get:93 http://azure.archive.ubuntu.com/ubuntu noble/main amd64 libv4lconvert0t64 amd64 1.26.1-4build3 [87.6 kB]
2026-08-14T15:30:00.2779582Z Get:94 http://azure.archive.ubuntu.com/ubuntu noble/main amd64 libv4l-0t64 amd64 1.26.1-4build3 [46.9 kB]
2026-08-14T15:30:00.3518057Z Get:95 http://azure.archive.ubuntu.com/ubuntu noble/main amd64 libwavpack1 amd64 5.6.0-1build1 [84.6 kB]
2026-08-14T15:30:00.4261091Z Get:96 http://azure.archive.ubuntu.com/ubuntu noble-updates/main amd64 libsoup-3.0-common all 3.4.4-5ubuntu0.7 [11.6 kB]
2026-08-14T15:30:00.4987926Z Get:97 http://azure.archive.ubuntu.com/ubuntu noble-updates/main amd64 libsoup-3.0-0 amd64 3.4.4-5ubuntu0.7 [292 kB]
2026-08-14T15:30:00.5728803Z Get:98 http://azure.archive.ubuntu.com/ubuntu noble-updates/main amd64 gstreamer1.0-plugins-good amd64 1.24.2-1ubuntu1.5 [2236 kB]
2026-08-14T15:30:00.7215747Z Get:99 http://azure.archive.ubuntu.com/ubuntu noble/universe amd64 libavtp0 amd64 0.2.0-1build1 [6414 B]
2026-08-14T15:30:00.7936128Z Get:100 http://azure.archive.ubuntu.com/ubuntu noble/universe amd64 libdc1394-25 amd64 2.2.6-4build1 [90.1 kB]
2026-08-14T15:30:00.8665965Z Get:101 http://azure.archive.ubuntu.com/ubuntu noble/main amd64 libdecor-0-0 amd64 0.2.2-1build2 [16.5 kB]
2026-08-14T15:30:00.9385399Z Get:102 http://azure.archive.ubuntu.com/ubuntu noble/main amd64 libgles2 amd64 1.7.0-1build1 [17.1 kB]
2026-08-14T15:30:01.0135955Z Get:103 http://azure.archive.ubuntu.com/ubuntu noble/universe amd64 libdirectfb-1.7-7t64 amd64 1.7.7-11.1ubuntu2 [1035 kB]
2026-08-14T15:30:01.2356715Z Get:104 http://azure.archive.ubuntu.com/ubuntu noble/universe amd64 libdvdread8t64 amd64 6.1.3-1.1build1 [54.7 kB]
2026-08-14T15:30:01.3099895Z Get:105 http://azure.archive.ubuntu.com/ubuntu noble/universe amd64 libdvdnav4 amd64 6.1.1-3build1 [39.5 kB]
2026-08-14T15:30:01.3845823Z Get:106 http://azure.archive.ubuntu.com/ubuntu noble-updates/main amd64 libegl-mesa0 amd64 25.2.8-0ubuntu0.24.04.2 [117 kB]
2026-08-14T15:30:01.4597941Z Get:107 http://azure.archive.ubuntu.com/ubuntu noble/universe amd64 libfaad2 amd64 2.11.1-1build1 [207 kB]
2026-08-14T15:30:01.5380459Z Get:108 http://azure.archive.ubuntu.com/ubuntu noble/universe amd64 libinstpatch-1.0-2 amd64 1.1.6-1build2 [251 kB]
2026-08-14T15:30:01.6837624Z Get:109 http://azure.archive.ubuntu.com/ubuntu noble/main amd64 libjack-jackd2-0 amd64 1.9.21~dfsg-3ubuntu3 [289 kB]
2026-08-14T15:30:01.8295718Z Get:110 http://azure.archive.ubuntu.com/ubuntu noble/main amd64 libwebrtc-audio-processing1 amd64 0.3.1-0ubuntu6 [290 kB]
2026-08-14T15:30:01.9756898Z Get:111 http://azure.archive.ubuntu.com/ubuntu noble-updates/main amd64 libspa-0.2-modules amd64 1.0.5-1ubuntu3.3 [628 kB]
2026-08-14T15:30:02.1271891Z Get:112 http://azure.archive.ubuntu.com/ubuntu noble-updates/main amd64 libpipewire-0.3-0t64 amd64 1.0.5-1ubuntu3.3 [252 kB]
2026-08-14T15:30:02.2066055Z Get:113 http://azure.archive.ubuntu.com/ubuntu noble-updates/main amd64 libsdl2-2.0-0 amd64 2.30.0+dfsg-1ubuntu3.1 [686 kB]
2026-08-14T15:30:02.3592742Z Get:114 http://azure.archive.ubuntu.com/ubuntu noble/universe amd64 timgm6mb-soundfont all 1.3-5 [5427 kB]
2026-08-14T15:30:02.8797500Z Get:115 http://azure.archive.ubuntu.com/ubuntu noble/universe amd64 libfluidsynth3 amd64 2.3.4-1build3 [249 kB]
2026-08-14T15:30:02.9589252Z Get:116 http://azure.archive.ubuntu.com/ubuntu noble/main amd64 libfreeaptx0 amd64 0.1.1-2build1 [13.5 kB]
2026-08-14T15:30:03.0327617Z Get:117 http://azure.archive.ubuntu.com/ubuntu noble/main amd64 libgraphene-1.0-0 amd64 1.10.8-3build2 [46.2 kB]
2026-08-14T15:30:03.1187226Z Get:118 http://azure.archive.ubuntu.com/ubuntu noble/main amd64 libgssdp-1.6-0 amd64 1.6.3-1build3 [40.4 kB]
2026-08-14T15:30:03.2005243Z Get:119 http://azure.archive.ubuntu.com/ubuntu noble/main amd64 libegl1 amd64 1.7.0-1build1 [28.7 kB]
2026-08-14T15:30:03.2910876Z Get:120 http://azure.archive.ubuntu.com/ubuntu noble-updates/main amd64 libgstreamer-gl1.0-0 amd64 1.24.2-1ubuntu0.4 [214 kB]
2026-08-14T15:30:03.3688805Z Get:121 http://azure.archive.ubuntu.com/ubuntu noble-updates/main amd64 libgtk-4-common all 4.14.5+ds-0ubuntu0.10 [1497 kB]
2026-08-14T15:30:03.5996411Z Get:122 http://azure.archive.ubuntu.com/ubuntu noble-updates/main amd64 libgtk-4-1 amd64 4.14.5+ds-0ubuntu0.10 [3295 kB]
2026-08-14T15:30:03.9739265Z Get:123 http://azure.archive.ubuntu.com/ubuntu noble/main amd64 libgupnp-1.6-0 amd64 1.6.6-1build3 [92.7 kB]
2026-08-14T15:30:04.0495385Z Get:124 http://azure.archive.ubuntu.com/ubuntu noble/universe amd64 libgupnp-igd-1.6-0 amd64 1.6.0-3build3 [16.5 kB]
2026-08-14T15:30:04.1235147Z Get:125 http://azure.archive.ubuntu.com/ubuntu noble/main amd64 libhyphen0 amd64 2.8.8-7build3 [26.5 kB]
2026-08-14T15:30:04.1984845Z Get:126 http://azure.archive.ubuntu.com/ubuntu noble/main amd64 liblc3-1 amd64 1.0.4-3build1 [69.7 kB]
2026-08-14T15:30:04.2730517Z Get:127 http://azure.archive.ubuntu.com/ubuntu noble/main amd64 libldacbt-enc2 amd64 2.0.2.3+git20200429+ed310a0-4ubuntu2 [27.1 kB]
2026-08-14T15:30:04.3472586Z Get:128 http://azure.archive.ubuntu.com/ubuntu noble-updates/main amd64 libraptor2-0 amd64 2.0.16-3ubuntu0.1 [165 kB]
2026-08-14T15:30:04.4245728Z Get:129 http://azure.archive.ubuntu.com/ubuntu noble/universe amd64 liblrdf0 amd64 0.6.1-4build1 [18.5 kB]
2026-08-14T15:30:04.5015104Z Get:130 http://azure.archive.ubuntu.com/ubuntu noble/universe amd64 libltc11 amd64 1.3.2-1build1 [13.0 kB]
2026-08-14T15:30:04.5759407Z Get:131 http://azure.archive.ubuntu.com/ubuntu noble/main amd64 libmanette-0.2-0 amd64 0.2.7-1build2 [30.6 kB]
2026-08-14T15:30:04.6506933Z Get:132 http://azure.archive.ubuntu.com/ubuntu noble/universe amd64 libmfx1 amd64 22.5.4-1 [3124 kB]
2026-08-14T15:30:04.9602514Z Get:133 http://azure.archive.ubuntu.com/ubuntu noble/universe amd64 libmjpegutils-2.1-0t64 amd64 1:2.1.0+debian-8.1build1 [25.5 kB]
2026-08-14T15:30:05.0352641Z Get:134 http://azure.archive.ubuntu.com/ubuntu noble/universe amd64 libmodplug1 amd64 1:0.8.9.0-3build1 [166 kB]
2026-08-14T15:30:05.1105418Z Get:135 http://azure.archive.ubuntu.com/ubuntu noble/universe amd64 libmpcdec6 amd64 2:0.1~r495-2build1 [32.7 kB]
2026-08-14T15:30:05.1844609Z Get:136 http://azure.archive.ubuntu.com/ubuntu noble/universe amd64 libmpeg2encpp-2.1-0t64 amd64 1:2.1.0+debian-8.1build1 [75.6 kB]
2026-08-14T15:30:05.2577459Z Get:137 http://azure.archive.ubuntu.com/ubuntu noble/universe amd64 libmplex2-2.1-0t64 amd64 1:2.1.0+debian-8.1build1 [46.1 kB]
2026-08-14T15:30:05.3305039Z Get:138 http://azure.archive.ubuntu.com/ubuntu noble/universe amd64 libneon27t64 amd64 0.33.0-1.1build3 [102 kB]
2026-08-14T15:30:05.4158664Z Get:139 http://azure.archive.ubuntu.com/ubuntu noble/universe amd64 libnice10 amd64 0.1.21-2build3 [157 kB]
2026-08-14T15:30:05.4905037Z Get:140 http://azure.archive.ubuntu.com/ubuntu noble/universe amd64 libopenal-data all 1:1.23.1-4build1 [161 kB]
2026-08-14T15:30:05.5685183Z Get:141 http://azure.archive.ubuntu.com/ubuntu noble/universe amd64 libopenh264-7 amd64 2.4.1+dfsg-1 [409 kB]
2026-08-14T15:30:05.7145259Z Get:142 http://azure.archive.ubuntu.com/ubuntu noble/universe amd64 libopenni2-0 amd64 2.2.0.33+dfsg-18 [370 kB]
2026-08-14T15:30:05.8579843Z Get:143 http://azure.archive.ubuntu.com/ubuntu noble/universe amd64 libqrencode4 amd64 4.1.1-1build2 [25.0 kB]
2026-08-14T15:30:05.9301486Z Get:144 http://azure.archive.ubuntu.com/ubuntu noble/main amd64 libsecret-common all 0.21.4-1build3 [4962 B]
2026-08-14T15:30:06.0036953Z Get:145 http://azure.archive.ubuntu.com/ubuntu noble/main amd64 libsecret-1-0 amd64 0.21.4-1build3 [116 kB]
2026-08-14T15:30:06.0770759Z Get:146 http://azure.archive.ubuntu.com/ubuntu noble/universe amd64 libsndio7.0 amd64 1.9.0-0.3build3 [29.6 kB]
2026-08-14T15:30:06.1491349Z Get:147 http://azure.archive.ubuntu.com/ubuntu noble/universe amd64 libsoundtouch1 amd64 2.3.2+ds1-1build1 [60.5 kB]
2026-08-14T15:30:06.2224918Z Get:148 http://azure.archive.ubuntu.com/ubuntu noble/universe amd64 libspandsp2t64 amd64 0.0.6+dfsg-2.1build1 [311 kB]
2026-08-14T15:30:06.3652623Z Get:149 http://azure.archive.ubuntu.com/ubuntu noble/universe amd64 libsrtp2-1 amd64 2.5.0-3build1 [41.9 kB]
2026-08-14T15:30:06.4378644Z Get:150 http://azure.archive.ubuntu.com/ubuntu noble/main amd64 libwayland-server0 amd64 1.22.0-2.1build1 [33.9 kB]
2026-08-14T15:30:06.5100312Z Get:151 http://azure.archive.ubuntu.com/ubuntu noble/universe amd64 libwildmidi2 amd64 0.4.3-1build3 [68.5 kB]
2026-08-14T15:30:06.5828064Z Get:152 http://azure.archive.ubuntu.com/ubuntu noble/main amd64 libwoff1 amd64 1.0.2-2build1 [45.3 kB]
2026-08-14T15:30:06.6552217Z Get:153 http://azure.archive.ubuntu.com/ubuntu noble/main amd64 libxcb-xkb1 amd64 1.15-1ubuntu2 [32.3 kB]
2026-08-14T15:30:06.7274018Z Get:154 http://azure.archive.ubuntu.com/ubuntu noble/main amd64 libxkbcommon-x11-0 amd64 1.6.0-1build1 [14.5 kB]
2026-08-14T15:30:06.7991154Z Get:155 http://azure.archive.ubuntu.com/ubuntu noble/universe amd64 libzbar0t64 amd64 0.23.93-4build3 [123 kB]
2026-08-14T15:30:06.8729920Z Get:156 http://azure.archive.ubuntu.com/ubuntu noble/universe amd64 libzxing3 amd64 2.2.1-3 [583 kB]
2026-08-14T15:30:07.0195356Z Get:157 http://azure.archive.ubuntu.com/ubuntu noble/main amd64 xfonts-encodings all 1:1.0.5-0ubuntu2 [578 kB]
2026-08-14T15:30:07.1674460Z Get:158 http://azure.archive.ubuntu.com/ubuntu noble/main amd64 xfonts-utils amd64 1:7.7+6build3 [94.4 kB]
2026-08-14T15:30:07.2402402Z Get:159 http://azure.archive.ubuntu.com/ubuntu noble/universe amd64 xfonts-cyrillic all 1:1.0.5+nmu1 [384 kB]
2026-08-14T15:30:07.3178981Z Get:160 http://azure.archive.ubuntu.com/ubuntu noble/main amd64 xfonts-scalable all 1:1.0.3-1.3 [304 kB]
2026-08-14T15:30:07.4029731Z Get:161 http://azure.archive.ubuntu.com/ubuntu noble/universe amd64 libgstreamer-plugins-bad1.0-0 amd64 1.24.2-1ubuntu4 [797 kB]
2026-08-14T15:30:07.5499853Z Get:162 http://azure.archive.ubuntu.com/ubuntu noble/universe amd64 libdca0 amd64 0.0.7-2build1 [93.8 kB]
2026-08-14T15:30:07.6236717Z Get:163 http://azure.archive.ubuntu.com/ubuntu noble/universe amd64 libopenal1 amd64 1:1.23.1-4build1 [540 kB]
2026-08-14T15:30:07.7666626Z Get:164 http://azure.archive.ubuntu.com/ubuntu noble/main amd64 libsbc1 amd64 2.0-1build1 [33.9 kB]
2026-08-14T15:30:07.8387293Z Get:165 http://azure.archive.ubuntu.com/ubuntu noble/universe amd64 libvo-aacenc0 amd64 0.1.3-2build1 [67.8 kB]
2026-08-14T15:30:07.9110348Z Get:166 http://azure.archive.ubuntu.com/ubuntu noble/universe amd64 libvo-amrwbenc0 amd64 0.1.3-2build1 [76.7 kB]
2026-08-14T15:30:07.9838159Z Get:167 http://azure.archive.ubuntu.com/ubuntu noble/universe amd64 gstreamer1.0-plugins-bad amd64 1.24.2-1ubuntu4 [3081 kB]
2026-08-14T15:30:08.6590503Z Fetched 104 MB in 16s (6469 kB/s)
2026-08-14T15:30:08.7075695Z Selecting previously unselected package fonts-ipafont-gothic.
2026-08-14T15:30:08.7284767Z (Reading database ... 
2026-08-14T15:30:08.7285476Z (Reading database ... 5%
2026-08-14T15:30:08.7286020Z (Reading database ... 10%
2026-08-14T15:30:08.7286409Z (Reading database ... 15%
2026-08-14T15:30:08.7286777Z (Reading database ... 20%
2026-08-14T15:30:08.7287136Z (Reading database ... 25%
2026-08-14T15:30:08.7287496Z (Reading database ... 30%
2026-08-14T15:30:08.7287875Z (Reading database ... 35%
2026-08-14T15:30:08.7288273Z (Reading database ... 40%
2026-08-14T15:30:08.7288789Z (Reading database ... 45%
2026-08-14T15:30:08.7289319Z (Reading database ... 50%
2026-08-14T15:30:08.7458351Z (Reading database ... 55%
2026-08-14T15:30:09.1940391Z (Reading database ... 60%
2026-08-14T15:30:09.5534922Z (Reading database ... 65%
2026-08-14T15:30:09.9080085Z (Reading database ... 70%
2026-08-14T15:30:10.4103277Z (Reading database ... 75%
2026-08-14T15:30:10.8620644Z (Reading database ... 80%
2026-08-14T15:30:11.2659718Z (Reading database ... 85%
2026-08-14T15:30:12.2114106Z (Reading database ... 90%
2026-08-14T15:30:12.9602454Z (Reading database ... 95%
2026-08-14T15:30:12.9603234Z (Reading database ... 100%
2026-08-14T15:30:12.9604631Z (Reading database ... 204615 files and directories currently installed.)
2026-08-14T15:30:12.9656859Z Preparing to unpack .../000-fonts-ipafont-gothic_00303-21ubuntu1_all.deb ...
2026-08-14T15:30:12.9802723Z Unpacking fonts-ipafont-gothic (00303-21ubuntu1) ...
2026-08-14T15:30:13.2179120Z Selecting previously unselected package fonts-freefont-ttf.
2026-08-14T15:30:13.2318015Z Preparing to unpack .../001-fonts-freefont-ttf_20211204+svn4273-2_all.deb ...
2026-08-14T15:30:13.2329527Z Unpacking fonts-freefont-ttf (20211204+svn4273-2) ...
2026-08-14T15:30:13.3197948Z Selecting previously unselected package fonts-tlwg-loma-otf.
2026-08-14T15:30:13.3339535Z Preparing to unpack .../002-fonts-tlwg-loma-otf_1%3a0.7.3-1_all.deb ...
2026-08-14T15:30:13.3348186Z Unpacking fonts-tlwg-loma-otf (1:0.7.3-1) ...
2026-08-14T15:30:13.3574855Z Selecting previously unselected package fonts-unifont.
2026-08-14T15:30:13.3710604Z Preparing to unpack .../003-fonts-unifont_1%3a15.1.01-1build1_all.deb ...
2026-08-14T15:30:13.3718590Z Unpacking fonts-unifont (1:15.1.01-1build1) ...
2026-08-14T15:30:13.4797884Z Selecting previously unselected package fonts-wqy-zenhei.
2026-08-14T15:30:13.4938158Z Preparing to unpack .../004-fonts-wqy-zenhei_0.9.45-8_all.deb ...
2026-08-14T15:30:13.5045240Z Unpacking fonts-wqy-zenhei (0.9.45-8) ...
2026-08-14T15:30:13.9890985Z Selecting previously unselected package libproxy1v5:amd64.
2026-08-14T15:30:14.0035391Z Preparing to unpack .../005-libproxy1v5_0.5.4-4build1_amd64.deb ...
2026-08-14T15:30:14.0056782Z Unpacking libproxy1v5:amd64 (0.5.4-4build1) ...
2026-08-14T15:30:14.0279169Z Selecting previously unselected package glib-networking-common.
2026-08-14T15:30:14.0417358Z Preparing to unpack .../006-glib-networking-common_2.80.0-1build1_all.deb ...
2026-08-14T15:30:14.0425578Z Unpacking glib-networking-common (2.80.0-1build1) ...
2026-08-14T15:30:14.0626065Z Selecting previously unselected package glib-networking-services.
2026-08-14T15:30:14.0762514Z Preparing to unpack .../007-glib-networking-services_2.80.0-1build1_amd64.deb ...
2026-08-14T15:30:14.0770337Z Unpacking glib-networking-services (2.80.0-1build1) ...
2026-08-14T15:30:14.0992584Z Selecting previously unselected package session-migration.
2026-08-14T15:30:14.1129797Z Preparing to unpack .../008-session-migration_0.3.9build1_amd64.deb ...
2026-08-14T15:30:14.1136917Z Unpacking session-migration (0.3.9build1) ...
2026-08-14T15:30:14.1364660Z Selecting previously unselected package gsettings-desktop-schemas.
2026-08-14T15:30:14.1504268Z Preparing to unpack .../009-gsettings-desktop-schemas_46.1-0ubuntu1_all.deb ...
2026-08-14T15:30:14.1513104Z Unpacking gsettings-desktop-schemas (46.1-0ubuntu1) ...
2026-08-14T15:30:14.1874484Z Selecting previously unselected package glib-networking:amd64.
2026-08-14T15:30:14.2013079Z Preparing to unpack .../010-glib-networking_2.80.0-1build1_amd64.deb ...
2026-08-14T15:30:14.2022457Z Unpacking glib-networking:amd64 (2.80.0-1build1) ...
2026-08-14T15:30:14.2287400Z Selecting previously unselected package libva2:amd64.
2026-08-14T15:30:14.2428015Z Preparing to unpack .../011-libva2_2.20.0-2ubuntu0.2_amd64.deb ...
2026-08-14T15:30:14.2436492Z Unpacking libva2:amd64 (2.20.0-2ubuntu0.2) ...
2026-08-14T15:30:14.2682403Z Selecting previously unselected package libva-drm2:amd64.
2026-08-14T15:30:14.2822034Z Preparing to unpack .../012-libva-drm2_2.20.0-2ubuntu0.2_amd64.deb ...
2026-08-14T15:30:14.2830951Z Unpacking libva-drm2:amd64 (2.20.0-2ubuntu0.2) ...
2026-08-14T15:30:14.3053322Z Selecting previously unselected package libva-x11-2:amd64.
2026-08-14T15:30:14.3188164Z Preparing to unpack .../013-libva-x11-2_2.20.0-2ubuntu0.2_amd64.deb ...
2026-08-14T15:30:14.3196640Z Unpacking libva-x11-2:amd64 (2.20.0-2ubuntu0.2) ...
2026-08-14T15:30:14.3417970Z Selecting previously unselected package libvdpau1:amd64.
2026-08-14T15:30:14.3551635Z Preparing to unpack .../014-libvdpau1_1.5-2build1_amd64.deb ...
2026-08-14T15:30:14.3560135Z Unpacking libvdpau1:amd64 (1.5-2build1) ...
2026-08-14T15:30:14.3791770Z Selecting previously unselected package libvpl2.
2026-08-14T15:30:14.3924040Z Preparing to unpack .../015-libvpl2_2023.3.0-1build1_amd64.deb ...
2026-08-14T15:30:14.3932447Z Unpacking libvpl2 (2023.3.0-1build1) ...
2026-08-14T15:30:14.4167924Z Selecting previously unselected package ocl-icd-libopencl1:amd64.
2026-08-14T15:30:14.4301698Z Preparing to unpack .../016-ocl-icd-libopencl1_2.3.2-1build1_amd64.deb ...
2026-08-14T15:30:14.4310152Z Unpacking ocl-icd-libopencl1:amd64 (2.3.2-1build1) ...
2026-08-14T15:30:14.4614308Z Selecting previously unselected package libavutil58:amd64.
2026-08-14T15:30:14.4750042Z Preparing to unpack .../017-libavutil58_7%3a6.1.1-3ubuntu5_amd64.deb ...
2026-08-14T15:30:14.4763691Z Unpacking libavutil58:amd64 (7:6.1.1-3ubuntu5) ...
2026-08-14T15:30:14.5037057Z Selecting previously unselected package libcodec2-1.2:amd64.
2026-08-14T15:30:14.5174880Z Preparing to unpack .../018-libcodec2-1.2_1.2.0-2build1_amd64.deb ...
2026-08-14T15:30:14.5183343Z Unpacking libcodec2-1.2:amd64 (1.2.0-2build1) ...
2026-08-14T15:30:14.6032182Z Selecting previously unselected package libgsm1:amd64.
2026-08-14T15:30:14.6169989Z Preparing to unpack .../019-libgsm1_1.0.22-1build1_amd64.deb ...
2026-08-14T15:30:14.6184180Z Unpacking libgsm1:amd64 (1.0.22-1build1) ...
2026-08-14T15:30:14.6419996Z Selecting previously unselected package libhwy1t64:amd64.
2026-08-14T15:30:14.6555324Z Preparing to unpack .../020-libhwy1t64_1.0.7-8.1build1_amd64.deb ...
2026-08-14T15:30:14.6566020Z Unpacking libhwy1t64:amd64 (1.0.7-8.1build1) ...
2026-08-14T15:30:14.6907319Z Selecting previously unselected package libjxl0.7:amd64.
2026-08-14T15:30:14.7049381Z Preparing to unpack .../021-libjxl0.7_0.7.0-10.2ubuntu6.1_amd64.deb ...
2026-08-14T15:30:14.7058489Z Unpacking libjxl0.7:amd64 (0.7.0-10.2ubuntu6.1) ...
2026-08-14T15:30:14.7411681Z Selecting previously unselected package libmp3lame0:amd64.
2026-08-14T15:30:14.7548973Z Preparing to unpack .../022-libmp3lame0_3.100-6build1_amd64.deb ...
2026-08-14T15:30:14.7558572Z Unpacking libmp3lame0:amd64 (3.100-6build1) ...
2026-08-14T15:30:14.7799416Z Selecting previously unselected package libopus0:amd64.
2026-08-14T15:30:14.7937180Z Preparing to unpack .../023-libopus0_1.4-1build1_amd64.deb ...
2026-08-14T15:30:14.7946847Z Unpacking libopus0:amd64 (1.4-1build1) ...
2026-08-14T15:30:14.8209411Z Selecting previously unselected package libshine3:amd64.
2026-08-14T15:30:14.8345205Z Preparing to unpack .../024-libshine3_3.1.1-2build1_amd64.deb ...
2026-08-14T15:30:14.8354894Z Unpacking libshine3:amd64 (3.1.1-2build1) ...
2026-08-14T15:30:14.8575053Z Selecting previously unselected package libspeex1:amd64.
2026-08-14T15:30:14.8714417Z Preparing to unpack .../025-libspeex1_1.2.1-2ubuntu2.24.04.1_amd64.deb ...
2026-08-14T15:30:14.8723842Z Unpacking libspeex1:amd64 (1.2.1-2ubuntu2.24.04.1) ...
2026-08-14T15:30:14.8960915Z Selecting previously unselected package libsoxr0:amd64.
2026-08-14T15:30:14.9100220Z Preparing to unpack .../026-libsoxr0_0.1.3-4build3_amd64.deb ...
2026-08-14T15:30:14.9109468Z Unpacking libsoxr0:amd64 (0.1.3-4build3) ...
2026-08-14T15:30:14.9371492Z Selecting previously unselected package libswresample4:amd64.
2026-08-14T15:30:14.9513902Z Preparing to unpack .../027-libswresample4_7%3a6.1.1-3ubuntu5_amd64.deb ...
2026-08-14T15:30:14.9524450Z Unpacking libswresample4:amd64 (7:6.1.1-3ubuntu5) ...
2026-08-14T15:30:14.9776415Z Selecting previously unselected package libtheora0:amd64.
2026-08-14T15:30:14.9917989Z Preparing to unpack .../028-libtheora0_1.1.1+dfsg.1-16.1build3_amd64.deb ...
2026-08-14T15:30:14.9925297Z Unpacking libtheora0:amd64 (1.1.1+dfsg.1-16.1build3) ...
2026-08-14T15:30:15.0187676Z Selecting previously unselected package libtwolame0:amd64.
2026-08-14T15:30:15.0328046Z Preparing to unpack .../029-libtwolame0_0.4.0-2build3_amd64.deb ...
2026-08-14T15:30:15.0337018Z Unpacking libtwolame0:amd64 (0.4.0-2build3) ...
2026-08-14T15:30:15.0572270Z Selecting previously unselected package libvorbisenc2:amd64.
2026-08-14T15:30:15.0711889Z Preparing to unpack .../030-libvorbisenc2_1.3.7-1build3_amd64.deb ...
2026-08-14T15:30:15.0723953Z Unpacking libvorbisenc2:amd64 (1.3.7-1build3) ...
2026-08-14T15:30:15.0974729Z Selecting previously unselected package libvpx9:amd64.
2026-08-14T15:30:15.1112900Z Preparing to unpack .../031-libvpx9_1.14.0-1ubuntu2.3_amd64.deb ...
2026-08-14T15:30:15.1121459Z Unpacking libvpx9:amd64 (1.14.0-1ubuntu2.3) ...
2026-08-14T15:30:15.1470553Z Selecting previously unselected package libx264-164:amd64.
2026-08-14T15:30:15.1609618Z Preparing to unpack .../032-libx264-164_2%3a0.164.3108+git31e19f9-1_amd64.deb ...
2026-08-14T15:30:15.1618735Z Unpacking libx264-164:amd64 (2:0.164.3108+git31e19f9-1) ...
2026-08-14T15:30:15.1911143Z Selecting previously unselected package libxvidcore4:amd64.
2026-08-14T15:30:15.2047089Z Preparing to unpack .../033-libxvidcore4_2%3a1.3.7-1build1_amd64.deb ...
2026-08-14T15:30:15.2056844Z Unpacking libxvidcore4:amd64 (2:1.3.7-1build1) ...
2026-08-14T15:30:15.2296363Z Selecting previously unselected package libzvbi-common.
2026-08-14T15:30:15.2430120Z Preparing to unpack .../034-libzvbi-common_0.2.42-2_all.deb ...
2026-08-14T15:30:15.2438774Z Unpacking libzvbi-common (0.2.42-2) ...
2026-08-14T15:30:15.3096333Z Selecting previously unselected package libzvbi0t64:amd64.
2026-08-14T15:30:15.3231245Z Preparing to unpack .../035-libzvbi0t64_0.2.42-2_amd64.deb ...
2026-08-14T15:30:15.3240990Z Unpacking libzvbi0t64:amd64 (0.2.42-2) ...
2026-08-14T15:30:15.3535579Z Selecting previously unselected package libavcodec60:amd64.
2026-08-14T15:30:15.3683333Z Preparing to unpack .../036-libavcodec60_7%3a6.1.1-3ubuntu5_amd64.deb ...
2026-08-14T15:30:15.3693875Z Unpacking libavcodec60:amd64 (7:6.1.1-3ubuntu5) ...
2026-08-14T15:30:15.4815153Z Selecting previously unselected package libunibreak5:amd64.
2026-08-14T15:30:15.4962510Z Preparing to unpack .../037-libunibreak5_5.1-2build1_amd64.deb ...
2026-08-14T15:30:15.4989855Z Unpacking libunibreak5:amd64 (5.1-2build1) ...
2026-08-14T15:30:15.5286077Z Selecting previously unselected package libass9:amd64.
2026-08-14T15:30:15.5450532Z Preparing to unpack .../038-libass9_1%3a0.17.1-2build1_amd64.deb ...
2026-08-14T15:30:15.5462795Z Unpacking libass9:amd64 (1:0.17.1-2build1) ...
2026-08-14T15:30:15.5790863Z Selecting previously unselected package libudfread0:amd64.
2026-08-14T15:30:15.5937089Z Preparing to unpack .../039-libudfread0_1.1.2-1build1_amd64.deb ...
2026-08-14T15:30:15.5964266Z Unpacking libudfread0:amd64 (1.1.2-1build1) ...
2026-08-14T15:30:15.6252452Z Selecting previously unselected package libbluray2:amd64.
2026-08-14T15:30:15.6395048Z Preparing to unpack .../040-libbluray2_1%3a1.3.4-1build1_amd64.deb ...
2026-08-14T15:30:15.6415214Z Unpacking libbluray2:amd64 (1:1.3.4-1build1) ...
2026-08-14T15:30:15.6672553Z Selecting previously unselected package libchromaprint1:amd64.
2026-08-14T15:30:15.6810821Z Preparing to unpack .../041-libchromaprint1_1.5.1-5_amd64.deb ...
2026-08-14T15:30:15.6819449Z Unpacking libchromaprint1:amd64 (1.5.1-5) ...
2026-08-14T15:30:15.7061182Z Selecting previously unselected package libgme0:amd64.
2026-08-14T15:30:15.7206549Z Preparing to unpack .../042-libgme0_0.6.3-7build1_amd64.deb ...
2026-08-14T15:30:15.7215219Z Unpacking libgme0:amd64 (0.6.3-7build1) ...
2026-08-14T15:30:15.7459408Z Selecting previously unselected package libmpg123-0t64:amd64.
2026-08-14T15:30:15.7600877Z Preparing to unpack .../043-libmpg123-0t64_1.32.5-1ubuntu1.1_amd64.deb ...
2026-08-14T15:30:15.7610050Z Unpacking libmpg123-0t64:amd64 (1.32.5-1ubuntu1.1) ...
2026-08-14T15:30:15.7854525Z Selecting previously unselected package libopenmpt0t64:amd64.
2026-08-14T15:30:15.7996374Z Preparing to unpack .../044-libopenmpt0t64_0.7.3-1.1build3_amd64.deb ...
2026-08-14T15:30:15.8005090Z Unpacking libopenmpt0t64:amd64 (0.7.3-1.1build3) ...
2026-08-14T15:30:15.8325359Z Selecting previously unselected package libcjson1:amd64.
2026-08-14T15:30:15.8464890Z Preparing to unpack .../045-libcjson1_1.7.17-1_amd64.deb ...
2026-08-14T15:30:15.8473831Z Unpacking libcjson1:amd64 (1.7.17-1) ...
2026-08-14T15:30:15.8710409Z Selecting previously unselected package libmbedcrypto7t64:amd64.
2026-08-14T15:30:15.8847253Z Preparing to unpack .../046-libmbedcrypto7t64_2.28.8-1_amd64.deb ...
2026-08-14T15:30:15.8855739Z Unpacking libmbedcrypto7t64:amd64 (2.28.8-1) ...
2026-08-14T15:30:15.9147867Z Selecting previously unselected package librist4:amd64.
2026-08-14T15:30:15.9290003Z Preparing to unpack .../047-librist4_0.2.10+dfsg-2_amd64.deb ...
2026-08-14T15:30:15.9298644Z Unpacking librist4:amd64 (0.2.10+dfsg-2) ...
2026-08-14T15:30:15.9527440Z Selecting previously unselected package libsrt1.5-gnutls:amd64.
2026-08-14T15:30:15.9665745Z Preparing to unpack .../048-libsrt1.5-gnutls_1.5.3-1build2_amd64.deb ...
2026-08-14T15:30:15.9674166Z Unpacking libsrt1.5-gnutls:amd64 (1.5.3-1build2) ...
2026-08-14T15:30:15.9939708Z Selecting previously unselected package libssh-gcrypt-4:amd64.
2026-08-14T15:30:16.0077765Z Preparing to unpack .../049-libssh-gcrypt-4_0.10.6-2ubuntu0.4_amd64.deb ...
2026-08-14T15:30:16.0098854Z Unpacking libssh-gcrypt-4:amd64 (0.10.6-2ubuntu0.4) ...
2026-08-14T15:30:16.0357783Z Selecting previously unselected package libavformat60:amd64.
2026-08-14T15:30:16.0495728Z Preparing to unpack .../050-libavformat60_7%3a6.1.1-3ubuntu5_amd64.deb ...
2026-08-14T15:30:16.0507366Z Unpacking libavformat60:amd64 (7:6.1.1-3ubuntu5) ...
2026-08-14T15:30:16.0847917Z Selecting previously unselected package libbs2b0:amd64.
2026-08-14T15:30:16.0983707Z Preparing to unpack .../051-libbs2b0_3.1.0+dfsg-7build1_amd64.deb ...
2026-08-14T15:30:16.0992417Z Unpacking libbs2b0:amd64 (3.1.0+dfsg-7build1) ...
2026-08-14T15:30:16.1555759Z Selecting previously unselected package libflite1:amd64.
2026-08-14T15:30:16.1695525Z Preparing to unpack .../052-libflite1_2.2-6build3_amd64.deb ...
2026-08-14T15:30:16.1705009Z Unpacking libflite1:amd64 (2.2-6build3) ...
2026-08-14T15:30:16.2826095Z Selecting previously unselected package libserd-0-0:amd64.
2026-08-14T15:30:16.2961972Z Preparing to unpack .../053-libserd-0-0_0.32.2-1_amd64.deb ...
2026-08-14T15:30:16.2970884Z Unpacking libserd-0-0:amd64 (0.32.2-1) ...
2026-08-14T15:30:16.3209127Z Selecting previously unselected package libzix-0-0:amd64.
2026-08-14T15:30:16.3345248Z Preparing to unpack .../054-libzix-0-0_0.4.2-2build1_amd64.deb ...
2026-08-14T15:30:16.3355314Z Unpacking libzix-0-0:amd64 (0.4.2-2build1) ...
2026-08-14T15:30:16.3586580Z Selecting previously unselected package libsord-0-0:amd64.
2026-08-14T15:30:16.3723864Z Preparing to unpack .../055-libsord-0-0_0.16.16-2build1_amd64.deb ...
2026-08-14T15:30:16.3732989Z Unpacking libsord-0-0:amd64 (0.16.16-2build1) ...
2026-08-14T15:30:16.3960549Z Selecting previously unselected package libsratom-0-0:amd64.
2026-08-14T15:30:16.4096644Z Preparing to unpack .../056-libsratom-0-0_0.6.16-1build1_amd64.deb ...
2026-08-14T15:30:16.4106144Z Unpacking libsratom-0-0:amd64 (0.6.16-1build1) ...
2026-08-14T15:30:16.4337248Z Selecting previously unselected package liblilv-0-0:amd64.
2026-08-14T15:30:16.4472787Z Preparing to unpack .../057-liblilv-0-0_0.24.22-1build1_amd64.deb ...
2026-08-14T15:30:16.4481648Z Unpacking liblilv-0-0:amd64 (0.24.22-1build1) ...
2026-08-14T15:30:16.4715813Z Selecting previously unselected package libmysofa1:amd64.
2026-08-14T15:30:16.4850315Z Preparing to unpack .../058-libmysofa1_1.3.2+dfsg-2ubuntu2_amd64.deb ...
2026-08-14T15:30:16.4859162Z Unpacking libmysofa1:amd64 (1.3.2+dfsg-2ubuntu2) ...
2026-08-14T15:30:16.5126731Z Selecting previously unselected package libplacebo338:amd64.
2026-08-14T15:30:16.5262080Z Preparing to unpack .../059-libplacebo338_6.338.2-2build1_amd64.deb ...
2026-08-14T15:30:16.5270847Z Unpacking libplacebo338:amd64 (6.338.2-2build1) ...
2026-08-14T15:30:16.5858153Z Selecting previously unselected package libblas3:amd64.
2026-08-14T15:30:16.5993661Z Preparing to unpack .../060-libblas3_3.12.0-3build1.1_amd64.deb ...
2026-08-14T15:30:16.6030392Z Unpacking libblas3:amd64 (3.12.0-3build1.1) ...
2026-08-14T15:30:16.6290085Z Selecting previously unselected package liblapack3:amd64.
2026-08-14T15:30:16.6426388Z Preparing to unpack .../061-liblapack3_3.12.0-3build1.1_amd64.deb ...
2026-08-14T15:30:16.6460941Z Unpacking liblapack3:amd64 (3.12.0-3build1.1) ...
2026-08-14T15:30:16.7034955Z Selecting previously unselected package libasyncns0:amd64.
2026-08-14T15:30:16.7174044Z Preparing to unpack .../062-libasyncns0_0.8-6build4_amd64.deb ...
2026-08-14T15:30:16.7182145Z Unpacking libasyncns0:amd64 (0.8-6build4) ...
2026-08-14T15:30:16.7407257Z Selecting previously unselected package libflac12t64:amd64.
2026-08-14T15:30:16.7547071Z Preparing to unpack .../063-libflac12t64_1.4.3+ds-2.1ubuntu2_amd64.deb ...
2026-08-14T15:30:16.7556221Z Unpacking libflac12t64:amd64 (1.4.3+ds-2.1ubuntu2) ...
2026-08-14T15:30:16.7800733Z Selecting previously unselected package libsndfile1:amd64.
2026-08-14T15:30:16.7938731Z Preparing to unpack .../064-libsndfile1_1.2.2-1ubuntu5.24.04.1_amd64.deb ...
2026-08-14T15:30:16.7948743Z Unpacking libsndfile1:amd64 (1.2.2-1ubuntu5.24.04.1) ...
2026-08-14T15:30:16.8218046Z Selecting previously unselected package libpulse0:amd64.
2026-08-14T15:30:16.8354339Z Preparing to unpack .../065-libpulse0_1%3a16.1+dfsg1-2ubuntu10.1_amd64.deb ...
2026-08-14T15:30:16.8423808Z Unpacking libpulse0:amd64 (1:16.1+dfsg1-2ubuntu10.1) ...
2026-08-14T15:30:16.8698715Z Selecting previously unselected package libsphinxbase3t64:amd64.
2026-08-14T15:30:16.8834267Z Preparing to unpack .../066-libsphinxbase3t64_0.8+5prealpha+1-17build2_amd64.deb ...
2026-08-14T15:30:16.8843796Z Unpacking libsphinxbase3t64:amd64 (0.8+5prealpha+1-17build2) ...
2026-08-14T15:30:16.9094386Z Selecting previously unselected package libpocketsphinx3:amd64.
2026-08-14T15:30:16.9229837Z Preparing to unpack .../067-libpocketsphinx3_0.8.0+real5prealpha+1-15ubuntu5_amd64.deb ...
2026-08-14T15:30:16.9239285Z Unpacking libpocketsphinx3:amd64 (0.8.0+real5prealpha+1-15ubuntu5) ...
2026-08-14T15:30:16.9482993Z Selecting previously unselected package libpostproc57:amd64.
2026-08-14T15:30:16.9618443Z Preparing to unpack .../068-libpostproc57_7%3a6.1.1-3ubuntu5_amd64.deb ...
2026-08-14T15:30:16.9627371Z Unpacking libpostproc57:amd64 (7:6.1.1-3ubuntu5) ...
2026-08-14T15:30:16.9868271Z Selecting previously unselected package libsamplerate0:amd64.
2026-08-14T15:30:17.0004979Z Preparing to unpack .../069-libsamplerate0_0.2.2-4build1_amd64.deb ...
2026-08-14T15:30:17.0013877Z Unpacking libsamplerate0:amd64 (0.2.2-4build1) ...
2026-08-14T15:30:17.0319777Z Selecting previously unselected package librubberband2:amd64.
2026-08-14T15:30:17.0457837Z Preparing to unpack .../070-librubberband2_3.3.0+dfsg-2build1_amd64.deb ...
2026-08-14T15:30:17.0466800Z Unpacking librubberband2:amd64 (3.3.0+dfsg-2build1) ...
2026-08-14T15:30:17.0720887Z Selecting previously unselected package libswscale7:amd64.
2026-08-14T15:30:17.0861385Z Preparing to unpack .../071-libswscale7_7%3a6.1.1-3ubuntu5_amd64.deb ...
2026-08-14T15:30:17.0870325Z Unpacking libswscale7:amd64 (7:6.1.1-3ubuntu5) ...
2026-08-14T15:30:17.1132906Z Selecting previously unselected package libvidstab1.1:amd64.
2026-08-14T15:30:17.1273155Z Preparing to unpack .../072-libvidstab1.1_1.1.0-2build1_amd64.deb ...
2026-08-14T15:30:17.1282342Z Unpacking libvidstab1.1:amd64 (1.1.0-2build1) ...
2026-08-14T15:30:17.1547819Z Selecting previously unselected package libzimg2:amd64.
2026-08-14T15:30:17.1687908Z Preparing to unpack .../073-libzimg2_3.0.5+ds1-1build1_amd64.deb ...
2026-08-14T15:30:17.1696768Z Unpacking libzimg2:amd64 (3.0.5+ds1-1build1) ...
2026-08-14T15:30:17.1970462Z Selecting previously unselected package libavfilter9:amd64.
2026-08-14T15:30:17.2107049Z Preparing to unpack .../074-libavfilter9_7%3a6.1.1-3ubuntu5_amd64.deb ...
2026-08-14T15:30:17.2116750Z Unpacking libavfilter9:amd64 (7:6.1.1-3ubuntu5) ...
2026-08-14T15:30:17.2899250Z Selecting previously unselected package liborc-0.4-0t64:amd64.
2026-08-14T15:30:17.3036734Z Preparing to unpack .../075-liborc-0.4-0t64_1%3a0.4.38-1ubuntu0.1_amd64.deb ...
2026-08-14T15:30:17.3045452Z Unpacking liborc-0.4-0t64:amd64 (1:0.4.38-1ubuntu0.1) ...
2026-08-14T15:30:17.3340515Z Selecting previously unselected package libgstreamer-plugins-base1.0-0:amd64.
2026-08-14T15:30:17.3480278Z Preparing to unpack .../076-libgstreamer-plugins-base1.0-0_1.24.2-1ubuntu0.4_amd64.deb ...
2026-08-14T15:30:17.3489792Z Unpacking libgstreamer-plugins-base1.0-0:amd64 (1.24.2-1ubuntu0.4) ...
2026-08-14T15:30:17.3834555Z Selecting previously unselected package gstreamer1.0-libav:amd64.
2026-08-14T15:30:17.3970737Z Preparing to unpack .../077-gstreamer1.0-libav_1.24.1-1build1_amd64.deb ...
2026-08-14T15:30:17.3979287Z Unpacking gstreamer1.0-libav:amd64 (1.24.1-1build1) ...
2026-08-14T15:30:17.4221333Z Selecting previously unselected package libcdparanoia0:amd64.
2026-08-14T15:30:17.4357718Z Preparing to unpack .../078-libcdparanoia0_3.10.2+debian-14build3_amd64.deb ...
2026-08-14T15:30:17.4366781Z Unpacking libcdparanoia0:amd64 (3.10.2+debian-14build3) ...
2026-08-14T15:30:17.4604898Z Selecting previously unselected package libvisual-0.4-0:amd64.
2026-08-14T15:30:17.4741468Z Preparing to unpack .../079-libvisual-0.4-0_0.4.2-2build1_amd64.deb ...
2026-08-14T15:30:17.4750812Z Unpacking libvisual-0.4-0:amd64 (0.4.2-2build1) ...
2026-08-14T15:30:17.4999320Z Selecting previously unselected package gstreamer1.0-plugins-base:amd64.
2026-08-14T15:30:17.5132156Z Preparing to unpack .../080-gstreamer1.0-plugins-base_1.24.2-1ubuntu0.4_amd64.deb ...
2026-08-14T15:30:17.5142392Z Unpacking gstreamer1.0-plugins-base:amd64 (1.24.2-1ubuntu0.4) ...
2026-08-14T15:30:17.5544664Z Selecting previously unselected package libaa1:amd64.
2026-08-14T15:30:17.5683725Z Preparing to unpack .../081-libaa1_1.4p5-51.1_amd64.deb ...
2026-08-14T15:30:17.5692722Z Unpacking libaa1:amd64 (1.4p5-51.1) ...
2026-08-14T15:30:17.6051850Z Selecting previously unselected package libraw1394-11:amd64.
2026-08-14T15:30:17.6185157Z Preparing to unpack .../082-libraw1394-11_2.1.2-2build3_amd64.deb ...
2026-08-14T15:30:17.6193814Z Unpacking libraw1394-11:amd64 (2.1.2-2build3) ...
2026-08-14T15:30:17.6419823Z Selecting previously unselected package libavc1394-0:amd64.
2026-08-14T15:30:17.6553783Z Preparing to unpack .../083-libavc1394-0_0.5.4-5build3_amd64.deb ...
2026-08-14T15:30:17.6561792Z Unpacking libavc1394-0:amd64 (0.5.4-5build3) ...
2026-08-14T15:30:17.6794902Z Selecting previously unselected package libcaca0:amd64.
2026-08-14T15:30:17.6927550Z Preparing to unpack .../084-libcaca0_0.99.beta20-4ubuntu0.2_amd64.deb ...
2026-08-14T15:30:17.6936655Z Unpacking libcaca0:amd64 (0.99.beta20-4ubuntu0.2) ...
2026-08-14T15:30:17.7201747Z Selecting previously unselected package libdv4t64:amd64.
2026-08-14T15:30:17.7338340Z Preparing to unpack .../085-libdv4t64_1.0.0-17.1build1_amd64.deb ...
2026-08-14T15:30:17.7347463Z Unpacking libdv4t64:amd64 (1.0.0-17.1build1) ...
2026-08-14T15:30:17.7598514Z Selecting previously unselected package libgstreamer-plugins-good1.0-0:amd64.
2026-08-14T15:30:17.7736064Z Preparing to unpack .../086-libgstreamer-plugins-good1.0-0_1.24.2-1ubuntu1.5_amd64.deb ...
2026-08-14T15:30:17.7746185Z Unpacking libgstreamer-plugins-good1.0-0:amd64 (1.24.2-1ubuntu1.5) ...
2026-08-14T15:30:17.7998364Z Selecting previously unselected package libiec61883-0:amd64.
2026-08-14T15:30:17.8134207Z Preparing to unpack .../087-libiec61883-0_1.2.0-6build1_amd64.deb ...
2026-08-14T15:30:17.8143794Z Unpacking libiec61883-0:amd64 (1.2.0-6build1) ...
2026-08-14T15:30:17.8393804Z Selecting previously unselected package libshout3:amd64.
2026-08-14T15:30:17.8529581Z Preparing to unpack .../088-libshout3_2.4.6-1build2_amd64.deb ...
2026-08-14T15:30:17.8539495Z Unpacking libshout3:amd64 (2.4.6-1build2) ...
2026-08-14T15:30:17.8776254Z Selecting previously unselected package libtag1v5-vanilla:amd64.
2026-08-14T15:30:17.8913780Z Preparing to unpack .../089-libtag1v5-vanilla_1.13.1-1build1_amd64.deb ...
2026-08-14T15:30:17.8922280Z Unpacking libtag1v5-vanilla:amd64 (1.13.1-1build1) ...
2026-08-14T15:30:17.9179079Z Selecting previously unselected package libtag1v5:amd64.
2026-08-14T15:30:17.9313189Z Preparing to unpack .../090-libtag1v5_1.13.1-1build1_amd64.deb ...
2026-08-14T15:30:17.9321096Z Unpacking libtag1v5:amd64 (1.13.1-1build1) ...
2026-08-14T15:30:17.9542100Z Selecting previously unselected package libv4lconvert0t64:amd64.
2026-08-14T15:30:17.9675803Z Preparing to unpack .../091-libv4lconvert0t64_1.26.1-4build3_amd64.deb ...
2026-08-14T15:30:17.9684699Z Unpacking libv4lconvert0t64:amd64 (1.26.1-4build3) ...
2026-08-14T15:30:17.9933085Z Selecting previously unselected package libv4l-0t64:amd64.
2026-08-14T15:30:18.0075386Z Preparing to unpack .../092-libv4l-0t64_1.26.1-4build3_amd64.deb ...
2026-08-14T15:30:18.0085097Z Unpacking libv4l-0t64:amd64 (1.26.1-4build3) ...
2026-08-14T15:30:18.0338616Z Selecting previously unselected package libwavpack1:amd64.
2026-08-14T15:30:18.0476956Z Preparing to unpack .../093-libwavpack1_5.6.0-1build1_amd64.deb ...
2026-08-14T15:30:18.0485404Z Unpacking libwavpack1:amd64 (5.6.0-1build1) ...
2026-08-14T15:30:18.0715953Z Selecting previously unselected package libsoup-3.0-common.
2026-08-14T15:30:18.0851120Z Preparing to unpack .../094-libsoup-3.0-common_3.4.4-5ubuntu0.7_all.deb ...
2026-08-14T15:30:18.0860250Z Unpacking libsoup-3.0-common (3.4.4-5ubuntu0.7) ...
2026-08-14T15:30:18.1091178Z Selecting previously unselected package libsoup-3.0-0:amd64.
2026-08-14T15:30:18.1231742Z Preparing to unpack .../095-libsoup-3.0-0_3.4.4-5ubuntu0.7_amd64.deb ...
2026-08-14T15:30:18.1240598Z Unpacking libsoup-3.0-0:amd64 (3.4.4-5ubuntu0.7) ...
2026-08-14T15:30:18.1498166Z Selecting previously unselected package gstreamer1.0-plugins-good:amd64.
2026-08-14T15:30:18.1636761Z Preparing to unpack .../096-gstreamer1.0-plugins-good_1.24.2-1ubuntu1.5_amd64.deb ...
2026-08-14T15:30:18.1647989Z Unpacking gstreamer1.0-plugins-good:amd64 (1.24.2-1ubuntu1.5) ...
2026-08-14T15:30:18.2247096Z Selecting previously unselected package libavtp0:amd64.
2026-08-14T15:30:18.2385596Z Preparing to unpack .../097-libavtp0_0.2.0-1build1_amd64.deb ...
2026-08-14T15:30:18.2394151Z Unpacking libavtp0:amd64 (0.2.0-1build1) ...
2026-08-14T15:30:18.2621286Z Selecting previously unselected package libdc1394-25:amd64.
2026-08-14T15:30:18.2759473Z Preparing to unpack .../098-libdc1394-25_2.2.6-4build1_amd64.deb ...
2026-08-14T15:30:18.2768631Z Unpacking libdc1394-25:amd64 (2.2.6-4build1) ...
2026-08-14T15:30:18.3004383Z Selecting previously unselected package libdecor-0-0:amd64.
2026-08-14T15:30:18.3138117Z Preparing to unpack .../099-libdecor-0-0_0.2.2-1build2_amd64.deb ...
2026-08-14T15:30:18.3148121Z Unpacking libdecor-0-0:amd64 (0.2.2-1build2) ...
2026-08-14T15:30:18.3379417Z Selecting previously unselected package libgles2:amd64.
2026-08-14T15:30:18.3515813Z Preparing to unpack .../100-libgles2_1.7.0-1build1_amd64.deb ...
2026-08-14T15:30:18.3526589Z Unpacking libgles2:amd64 (1.7.0-1build1) ...
2026-08-14T15:30:18.3760796Z Selecting previously unselected package libdirectfb-1.7-7t64:amd64.
2026-08-14T15:30:18.3897296Z Preparing to unpack .../101-libdirectfb-1.7-7t64_1.7.7-11.1ubuntu2_amd64.deb ...
2026-08-14T15:30:18.3908173Z Unpacking libdirectfb-1.7-7t64:amd64 (1.7.7-11.1ubuntu2) ...
2026-08-14T15:30:18.4356356Z Selecting previously unselected package libdvdread8t64:amd64.
2026-08-14T15:30:18.4493760Z Preparing to unpack .../102-libdvdread8t64_6.1.3-1.1build1_amd64.deb ...
2026-08-14T15:30:18.4505105Z Unpacking libdvdread8t64:amd64 (6.1.3-1.1build1) ...
2026-08-14T15:30:18.4773333Z Selecting previously unselected package libdvdnav4:amd64.
2026-08-14T15:30:18.4909632Z Preparing to unpack .../103-libdvdnav4_6.1.1-3build1_amd64.deb ...
2026-08-14T15:30:18.4918767Z Unpacking libdvdnav4:amd64 (6.1.1-3build1) ...
2026-08-14T15:30:18.5156938Z Selecting previously unselected package libegl-mesa0:amd64.
2026-08-14T15:30:18.5294392Z Preparing to unpack .../104-libegl-mesa0_25.2.8-0ubuntu0.24.04.2_amd64.deb ...
2026-08-14T15:30:18.5302630Z Unpacking libegl-mesa0:amd64 (25.2.8-0ubuntu0.24.04.2) ...
2026-08-14T15:30:18.5552982Z Selecting previously unselected package libfaad2:amd64.
2026-08-14T15:30:18.5692606Z Preparing to unpack .../105-libfaad2_2.11.1-1build1_amd64.deb ...
2026-08-14T15:30:18.5702140Z Unpacking libfaad2:amd64 (2.11.1-1build1) ...
2026-08-14T15:30:18.5967633Z Selecting previously unselected package libinstpatch-1.0-2:amd64.
2026-08-14T15:30:18.6106476Z Preparing to unpack .../106-libinstpatch-1.0-2_1.1.6-1build2_amd64.deb ...
2026-08-14T15:30:18.6120337Z Unpacking libinstpatch-1.0-2:amd64 (1.1.6-1build2) ...
2026-08-14T15:30:18.6385529Z Selecting previously unselected package libjack-jackd2-0:amd64.
2026-08-14T15:30:18.6525551Z Preparing to unpack .../107-libjack-jackd2-0_1.9.21~dfsg-3ubuntu3_amd64.deb ...
2026-08-14T15:30:18.6533792Z Unpacking libjack-jackd2-0:amd64 (1.9.21~dfsg-3ubuntu3) ...
2026-08-14T15:30:18.6831655Z Selecting previously unselected package libwebrtc-audio-processing1:amd64.
2026-08-14T15:30:18.6968693Z Preparing to unpack .../108-libwebrtc-audio-processing1_0.3.1-0ubuntu6_amd64.deb ...
2026-08-14T15:30:18.6979254Z Unpacking libwebrtc-audio-processing1:amd64 (0.3.1-0ubuntu6) ...
2026-08-14T15:30:18.7230774Z Selecting previously unselected package libspa-0.2-modules:amd64.
2026-08-14T15:30:18.7371072Z Preparing to unpack .../109-libspa-0.2-modules_1.0.5-1ubuntu3.3_amd64.deb ...
2026-08-14T15:30:18.7381343Z Unpacking libspa-0.2-modules:amd64 (1.0.5-1ubuntu3.3) ...
2026-08-14T15:30:18.7725055Z Selecting previously unselected package libpipewire-0.3-0t64:amd64.
2026-08-14T15:30:18.7871743Z Preparing to unpack .../110-libpipewire-0.3-0t64_1.0.5-1ubuntu3.3_amd64.deb ...
2026-08-14T15:30:18.7879861Z Unpacking libpipewire-0.3-0t64:amd64 (1.0.5-1ubuntu3.3) ...
2026-08-14T15:30:18.8149406Z Selecting previously unselected package libsdl2-2.0-0:amd64.
2026-08-14T15:30:18.8287533Z Preparing to unpack .../111-libsdl2-2.0-0_2.30.0+dfsg-1ubuntu3.1_amd64.deb ...
2026-08-14T15:30:18.8296704Z Unpacking libsdl2-2.0-0:amd64 (2.30.0+dfsg-1ubuntu3.1) ...
2026-08-14T15:30:18.8616437Z Selecting previously unselected package timgm6mb-soundfont.
2026-08-14T15:30:18.8753097Z Preparing to unpack .../112-timgm6mb-soundfont_1.3-5_all.deb ...
2026-08-14T15:30:18.8764779Z Unpacking timgm6mb-soundfont (1.3-5) ...
2026-08-14T15:30:19.2201133Z Selecting previously unselected package libfluidsynth3:amd64.
2026-08-14T15:30:19.2340657Z Preparing to unpack .../113-libfluidsynth3_2.3.4-1build3_amd64.deb ...
2026-08-14T15:30:19.2348943Z Unpacking libfluidsynth3:amd64 (2.3.4-1build3) ...
2026-08-14T15:30:19.2616369Z Selecting previously unselected package libfreeaptx0:amd64.
2026-08-14T15:30:19.2754039Z Preparing to unpack .../114-libfreeaptx0_0.1.1-2build1_amd64.deb ...
2026-08-14T15:30:19.2762905Z Unpacking libfreeaptx0:amd64 (0.1.1-2build1) ...
2026-08-14T15:30:19.3004046Z Selecting previously unselected package libgraphene-1.0-0:amd64.
2026-08-14T15:30:19.3139012Z Preparing to unpack .../115-libgraphene-1.0-0_1.10.8-3build2_amd64.deb ...
2026-08-14T15:30:19.3147992Z Unpacking libgraphene-1.0-0:amd64 (1.10.8-3build2) ...
2026-08-14T15:30:19.3390445Z Selecting previously unselected package libgssdp-1.6-0:amd64.
2026-08-14T15:30:19.3528176Z Preparing to unpack .../116-libgssdp-1.6-0_1.6.3-1build3_amd64.deb ...
2026-08-14T15:30:19.3542367Z Unpacking libgssdp-1.6-0:amd64 (1.6.3-1build3) ...
2026-08-14T15:30:19.3783909Z Selecting previously unselected package libegl1:amd64.
2026-08-14T15:30:19.3918412Z Preparing to unpack .../117-libegl1_1.7.0-1build1_amd64.deb ...
2026-08-14T15:30:19.3932186Z Unpacking libegl1:amd64 (1.7.0-1build1) ...
2026-08-14T15:30:19.4173746Z Selecting previously unselected package libgstreamer-gl1.0-0:amd64.
2026-08-14T15:30:19.4307713Z Preparing to unpack .../118-libgstreamer-gl1.0-0_1.24.2-1ubuntu0.4_amd64.deb ...
2026-08-14T15:30:19.4317544Z Unpacking libgstreamer-gl1.0-0:amd64 (1.24.2-1ubuntu0.4) ...
2026-08-14T15:30:19.4570428Z Selecting previously unselected package libgtk-4-common.
2026-08-14T15:30:19.4708174Z Preparing to unpack .../119-libgtk-4-common_4.14.5+ds-0ubuntu0.10_all.deb ...
2026-08-14T15:30:19.4717903Z Unpacking libgtk-4-common (4.14.5+ds-0ubuntu0.10) ...
2026-08-14T15:30:19.5226911Z Selecting previously unselected package libgtk-4-1:amd64.
2026-08-14T15:30:19.5362508Z Preparing to unpack .../120-libgtk-4-1_4.14.5+ds-0ubuntu0.10_amd64.deb ...
2026-08-14T15:30:19.5373946Z Unpacking libgtk-4-1:amd64 (4.14.5+ds-0ubuntu0.10) ...
2026-08-14T15:30:19.6052936Z Selecting previously unselected package libgupnp-1.6-0:amd64.
2026-08-14T15:30:19.6186780Z Preparing to unpack .../121-libgupnp-1.6-0_1.6.6-1build3_amd64.deb ...
2026-08-14T15:30:19.6198269Z Unpacking libgupnp-1.6-0:amd64 (1.6.6-1build3) ...
2026-08-14T15:30:19.6484506Z Selecting previously unselected package libgupnp-igd-1.6-0:amd64.
2026-08-14T15:30:19.6618822Z Preparing to unpack .../122-libgupnp-igd-1.6-0_1.6.0-3build3_amd64.deb ...
2026-08-14T15:30:19.6628051Z Unpacking libgupnp-igd-1.6-0:amd64 (1.6.0-3build3) ...
2026-08-14T15:30:19.6858357Z Selecting previously unselected package libhyphen0:amd64.
2026-08-14T15:30:19.7000493Z Preparing to unpack .../123-libhyphen0_2.8.8-7build3_amd64.deb ...
2026-08-14T15:30:19.7009852Z Unpacking libhyphen0:amd64 (2.8.8-7build3) ...
2026-08-14T15:30:19.7246757Z Selecting previously unselected package liblc3-1:amd64.
2026-08-14T15:30:19.7385822Z Preparing to unpack .../124-liblc3-1_1.0.4-3build1_amd64.deb ...
2026-08-14T15:30:19.7393983Z Unpacking liblc3-1:amd64 (1.0.4-3build1) ...
2026-08-14T15:30:19.7635481Z Selecting previously unselected package libldacbt-enc2:amd64.
2026-08-14T15:30:19.7773301Z Preparing to unpack .../125-libldacbt-enc2_2.0.2.3+git20200429+ed310a0-4ubuntu2_amd64.deb ...
2026-08-14T15:30:19.7785922Z Unpacking libldacbt-enc2:amd64 (2.0.2.3+git20200429+ed310a0-4ubuntu2) ...
2026-08-14T15:30:19.8020098Z Selecting previously unselected package libraptor2-0:amd64.
2026-08-14T15:30:19.8157078Z Preparing to unpack .../126-libraptor2-0_2.0.16-3ubuntu0.1_amd64.deb ...
2026-08-14T15:30:19.8167914Z Unpacking libraptor2-0:amd64 (2.0.16-3ubuntu0.1) ...
2026-08-14T15:30:19.8427485Z Selecting previously unselected package liblrdf0:amd64.
2026-08-14T15:30:19.8566010Z Preparing to unpack .../127-liblrdf0_0.6.1-4build1_amd64.deb ...
2026-08-14T15:30:19.8574711Z Unpacking liblrdf0:amd64 (0.6.1-4build1) ...
2026-08-14T15:30:19.8813912Z Selecting previously unselected package libltc11:amd64.
2026-08-14T15:30:19.8949186Z Preparing to unpack .../128-libltc11_1.3.2-1build1_amd64.deb ...
2026-08-14T15:30:19.8958484Z Unpacking libltc11:amd64 (1.3.2-1build1) ...
2026-08-14T15:30:19.9184741Z Selecting previously unselected package libmanette-0.2-0:amd64.
2026-08-14T15:30:19.9320605Z Preparing to unpack .../129-libmanette-0.2-0_0.2.7-1build2_amd64.deb ...
2026-08-14T15:30:19.9329186Z Unpacking libmanette-0.2-0:amd64 (0.2.7-1build2) ...
2026-08-14T15:30:19.9565168Z Selecting previously unselected package libmfx1:amd64.
2026-08-14T15:30:19.9701360Z Preparing to unpack .../130-libmfx1_22.5.4-1_amd64.deb ...
2026-08-14T15:30:19.9709708Z Unpacking libmfx1:amd64 (22.5.4-1) ...
2026-08-14T15:30:20.0670069Z Selecting previously unselected package libmjpegutils-2.1-0t64:amd64.
2026-08-14T15:30:20.0804086Z Preparing to unpack .../131-libmjpegutils-2.1-0t64_1%3a2.1.0+debian-8.1build1_amd64.deb ...
2026-08-14T15:30:20.0812494Z Unpacking libmjpegutils-2.1-0t64:amd64 (1:2.1.0+debian-8.1build1) ...
2026-08-14T15:30:20.1041351Z Selecting previously unselected package libmodplug1:amd64.
2026-08-14T15:30:20.1175734Z Preparing to unpack .../132-libmodplug1_1%3a0.8.9.0-3build1_amd64.deb ...
2026-08-14T15:30:20.1185302Z Unpacking libmodplug1:amd64 (1:0.8.9.0-3build1) ...
2026-08-14T15:30:20.1432117Z Selecting previously unselected package libmpcdec6:amd64.
2026-08-14T15:30:20.1568875Z Preparing to unpack .../133-libmpcdec6_2%3a0.1~r495-2build1_amd64.deb ...
2026-08-14T15:30:20.1578243Z Unpacking libmpcdec6:amd64 (2:0.1~r495-2build1) ...
2026-08-14T15:30:20.1807462Z Selecting previously unselected package libmpeg2encpp-2.1-0t64:amd64.
2026-08-14T15:30:20.1943148Z Preparing to unpack .../134-libmpeg2encpp-2.1-0t64_1%3a2.1.0+debian-8.1build1_amd64.deb ...
2026-08-14T15:30:20.1951761Z Unpacking libmpeg2encpp-2.1-0t64:amd64 (1:2.1.0+debian-8.1build1) ...
2026-08-14T15:30:20.2200608Z Selecting previously unselected package libmplex2-2.1-0t64:amd64.
2026-08-14T15:30:20.2339515Z Preparing to unpack .../135-libmplex2-2.1-0t64_1%3a2.1.0+debian-8.1build1_amd64.deb ...
2026-08-14T15:30:20.2348805Z Unpacking libmplex2-2.1-0t64:amd64 (1:2.1.0+debian-8.1build1) ...
2026-08-14T15:30:20.2581493Z Selecting previously unselected package libneon27t64:amd64.
2026-08-14T15:30:20.2727613Z Preparing to unpack .../136-libneon27t64_0.33.0-1.1build3_amd64.deb ...
2026-08-14T15:30:20.2735964Z Unpacking libneon27t64:amd64 (0.33.0-1.1build3) ...
2026-08-14T15:30:20.3025370Z Selecting previously unselected package libnice10:amd64.
2026-08-14T15:30:20.3170571Z Preparing to unpack .../137-libnice10_0.1.21-2build3_amd64.deb ...
2026-08-14T15:30:20.3181061Z Unpacking libnice10:amd64 (0.1.21-2build3) ...
2026-08-14T15:30:20.3432114Z Selecting previously unselected package libopenal-data.
2026-08-14T15:30:20.3571130Z Preparing to unpack .../138-libopenal-data_1%3a1.23.1-4build1_all.deb ...
2026-08-14T15:30:20.3581039Z Unpacking libopenal-data (1:1.23.1-4build1) ...
2026-08-14T15:30:20.3838989Z Selecting previously unselected package libopenh264-7:amd64.
2026-08-14T15:30:20.3975537Z Preparing to unpack .../139-libopenh264-7_2.4.1+dfsg-1_amd64.deb ...
2026-08-14T15:30:20.3983614Z Unpacking libopenh264-7:amd64 (2.4.1+dfsg-1) ...
2026-08-14T15:30:20.4276382Z Selecting previously unselected package libopenni2-0:amd64.
2026-08-14T15:30:20.4416462Z Preparing to unpack .../140-libopenni2-0_2.2.0.33+dfsg-18_amd64.deb ...
2026-08-14T15:30:20.4452571Z Unpacking libopenni2-0:amd64 (2.2.0.33+dfsg-18) ...
2026-08-14T15:30:20.4740177Z Selecting previously unselected package libqrencode4:amd64.
2026-08-14T15:30:20.4879466Z Preparing to unpack .../141-libqrencode4_4.1.1-1build2_amd64.deb ...
2026-08-14T15:30:20.4887503Z Unpacking libqrencode4:amd64 (4.1.1-1build2) ...
2026-08-14T15:30:20.5108241Z Selecting previously unselected package libsecret-common.
2026-08-14T15:30:20.5244341Z Preparing to unpack .../142-libsecret-common_0.21.4-1build3_all.deb ...
2026-08-14T15:30:20.5252386Z Unpacking libsecret-common (0.21.4-1build3) ...
2026-08-14T15:30:20.5479153Z Selecting previously unselected package libsecret-1-0:amd64.
2026-08-14T15:30:20.5616175Z Preparing to unpack .../143-libsecret-1-0_0.21.4-1build3_amd64.deb ...
2026-08-14T15:30:20.5624990Z Unpacking libsecret-1-0:amd64 (0.21.4-1build3) ...
2026-08-14T15:30:20.5876834Z Selecting previously unselected package libsndio7.0:amd64.
2026-08-14T15:30:20.6012898Z Preparing to unpack .../144-libsndio7.0_1.9.0-0.3build3_amd64.deb ...
2026-08-14T15:30:20.6023519Z Unpacking libsndio7.0:amd64 (1.9.0-0.3build3) ...
2026-08-14T15:30:20.6251091Z Selecting previously unselected package libsoundtouch1:amd64.
2026-08-14T15:30:20.6385433Z Preparing to unpack .../145-libsoundtouch1_2.3.2+ds1-1build1_amd64.deb ...
2026-08-14T15:30:20.6393817Z Unpacking libsoundtouch1:amd64 (2.3.2+ds1-1build1) ...
2026-08-14T15:30:20.6646854Z Selecting previously unselected package libspandsp2t64:amd64.
2026-08-14T15:30:20.6782642Z Preparing to unpack .../146-libspandsp2t64_0.0.6+dfsg-2.1build1_amd64.deb ...
2026-08-14T15:30:20.6790987Z Unpacking libspandsp2t64:amd64 (0.0.6+dfsg-2.1build1) ...
2026-08-14T15:30:20.7182653Z Selecting previously unselected package libsrtp2-1:amd64.
2026-08-14T15:30:20.7318989Z Preparing to unpack .../147-libsrtp2-1_2.5.0-3build1_amd64.deb ...
2026-08-14T15:30:20.7327200Z Unpacking libsrtp2-1:amd64 (2.5.0-3build1) ...
2026-08-14T15:30:20.7565150Z Selecting previously unselected package libwayland-server0:amd64.
2026-08-14T15:30:20.7700308Z Preparing to unpack .../148-libwayland-server0_1.22.0-2.1build1_amd64.deb ...
2026-08-14T15:30:20.7761728Z Unpacking libwayland-server0:amd64 (1.22.0-2.1build1) ...
2026-08-14T15:30:20.7997637Z Selecting previously unselected package libwildmidi2:amd64.
2026-08-14T15:30:20.8133702Z Preparing to unpack .../149-libwildmidi2_0.4.3-1build3_amd64.deb ...
2026-08-14T15:30:20.8141962Z Unpacking libwildmidi2:amd64 (0.4.3-1build3) ...
2026-08-14T15:30:20.8392276Z Selecting previously unselected package libwoff1:amd64.
2026-08-14T15:30:20.8531800Z Preparing to unpack .../150-libwoff1_1.0.2-2build1_amd64.deb ...
2026-08-14T15:30:20.8543626Z Unpacking libwoff1:amd64 (1.0.2-2build1) ...
2026-08-14T15:30:20.8791739Z Selecting previously unselected package libxcb-xkb1:amd64.
2026-08-14T15:30:20.8929570Z Preparing to unpack .../151-libxcb-xkb1_1.15-1ubuntu2_amd64.deb ...
2026-08-14T15:30:20.8937279Z Unpacking libxcb-xkb1:amd64 (1.15-1ubuntu2) ...
2026-08-14T15:30:20.9175555Z Selecting previously unselected package libxkbcommon-x11-0:amd64.
2026-08-14T15:30:20.9311218Z Preparing to unpack .../152-libxkbcommon-x11-0_1.6.0-1build1_amd64.deb ...
2026-08-14T15:30:20.9320767Z Unpacking libxkbcommon-x11-0:amd64 (1.6.0-1build1) ...
2026-08-14T15:30:20.9544099Z Selecting previously unselected package libzbar0t64:amd64.
2026-08-14T15:30:20.9678923Z Preparing to unpack .../153-libzbar0t64_0.23.93-4build3_amd64.deb ...
2026-08-14T15:30:20.9686861Z Unpacking libzbar0t64:amd64 (0.23.93-4build3) ...
2026-08-14T15:30:21.0233144Z Selecting previously unselected package libzxing3:amd64.
2026-08-14T15:30:21.0368099Z Preparing to unpack .../154-libzxing3_2.2.1-3_amd64.deb ...
2026-08-14T15:30:21.0376089Z Unpacking libzxing3:amd64 (2.2.1-3) ...
2026-08-14T15:30:21.0650335Z Selecting previously unselected package xfonts-encodings.
2026-08-14T15:30:21.0787533Z Preparing to unpack .../155-xfonts-encodings_1%3a1.0.5-0ubuntu2_all.deb ...
2026-08-14T15:30:21.0798320Z Unpacking xfonts-encodings (1:1.0.5-0ubuntu2) ...
2026-08-14T15:30:21.1122196Z Selecting previously unselected package xfonts-utils.
2026-08-14T15:30:21.1261081Z Preparing to unpack .../156-xfonts-utils_1%3a7.7+6build3_amd64.deb ...
2026-08-14T15:30:21.1269412Z Unpacking xfonts-utils (1:7.7+6build3) ...
2026-08-14T15:30:21.1713632Z Selecting previously unselected package xfonts-cyrillic.
2026-08-14T15:30:21.1848070Z Preparing to unpack .../157-xfonts-cyrillic_1%3a1.0.5+nmu1_all.deb ...
2026-08-14T15:30:21.1856819Z Unpacking xfonts-cyrillic (1:1.0.5+nmu1) ...
2026-08-14T15:30:21.2233682Z Selecting previously unselected package xfonts-scalable.
2026-08-14T15:30:21.2367006Z Preparing to unpack .../158-xfonts-scalable_1%3a1.0.3-1.3_all.deb ...
2026-08-14T15:30:21.2375138Z Unpacking xfonts-scalable (1:1.0.3-1.3) ...
2026-08-14T15:30:21.2647166Z Selecting previously unselected package libgstreamer-plugins-bad1.0-0:amd64.
2026-08-14T15:30:21.2781098Z Preparing to unpack .../159-libgstreamer-plugins-bad1.0-0_1.24.2-1ubuntu4_amd64.deb ...
2026-08-14T15:30:21.2790718Z Unpacking libgstreamer-plugins-bad1.0-0:amd64 (1.24.2-1ubuntu4) ...
2026-08-14T15:30:21.3218932Z Selecting previously unselected package libdca0:amd64.
2026-08-14T15:30:21.3359835Z Preparing to unpack .../160-libdca0_0.0.7-2build1_amd64.deb ...
2026-08-14T15:30:21.3372700Z Unpacking libdca0:amd64 (0.0.7-2build1) ...
2026-08-14T15:30:21.3629834Z Selecting previously unselected package libopenal1:amd64.
2026-08-14T15:30:21.3767841Z Preparing to unpack .../161-libopenal1_1%3a1.23.1-4build1_amd64.deb ...
2026-08-14T15:30:21.3776960Z Unpacking libopenal1:amd64 (1:1.23.1-4build1) ...
2026-08-14T15:30:21.4062095Z Selecting previously unselected package libsbc1:amd64.
2026-08-14T15:30:21.4196799Z Preparing to unpack .../162-libsbc1_2.0-1build1_amd64.deb ...
2026-08-14T15:30:21.4206454Z Unpacking libsbc1:amd64 (2.0-1build1) ...
2026-08-14T15:30:21.4480086Z Selecting previously unselected package libvo-aacenc0:amd64.
2026-08-14T15:30:21.4614216Z Preparing to unpack .../163-libvo-aacenc0_0.1.3-2build1_amd64.deb ...
2026-08-14T15:30:21.4623184Z Unpacking libvo-aacenc0:amd64 (0.1.3-2build1) ...
2026-08-14T15:30:21.4867854Z Selecting previously unselected package libvo-amrwbenc0:amd64.
2026-08-14T15:30:21.5005375Z Preparing to unpack .../164-libvo-amrwbenc0_0.1.3-2build1_amd64.deb ...
2026-08-14T15:30:21.5016054Z Unpacking libvo-amrwbenc0:amd64 (0.1.3-2build1) ...
2026-08-14T15:30:21.5257506Z Selecting previously unselected package gstreamer1.0-plugins-bad:amd64.
2026-08-14T15:30:21.5392819Z Preparing to unpack .../165-gstreamer1.0-plugins-bad_1.24.2-1ubuntu4_amd64.deb ...
2026-08-14T15:30:21.5528269Z Unpacking gstreamer1.0-plugins-bad:amd64 (1.24.2-1ubuntu4) ...
2026-08-14T15:30:21.7707143Z Setting up libgme0:amd64 (0.6.3-7build1) ...
2026-08-14T15:30:21.7735223Z Setting up libchromaprint1:amd64 (1.5.1-5) ...
2026-08-14T15:30:21.7755255Z Setting up libssh-gcrypt-4:amd64 (0.10.6-2ubuntu0.4) ...
2026-08-14T15:30:21.7777714Z Setting up libhwy1t64:amd64 (1.0.7-8.1build1) ...
2026-08-14T15:30:21.7800135Z Setting up libfreeaptx0:amd64 (0.1.1-2build1) ...
2026-08-14T15:30:21.7822431Z Setting up libdvdread8t64:amd64 (6.1.3-1.1build1) ...
2026-08-14T15:30:21.7849073Z Setting up libudfread0:amd64 (1.1.2-1build1) ...
2026-08-14T15:30:21.7869173Z Setting up libmodplug1:amd64 (1:0.8.9.0-3build1) ...
2026-08-14T15:30:21.7890630Z Setting up libcdparanoia0:amd64 (3.10.2+debian-14build3) ...
2026-08-14T15:30:21.7916113Z Setting up libwayland-server0:amd64 (1.22.0-2.1build1) ...
2026-08-14T15:30:21.7937360Z Setting up libvo-amrwbenc0:amd64 (0.1.3-2build1) ...
2026-08-14T15:30:21.7963739Z Setting up session-migration (0.3.9build1) ...
2026-08-14T15:30:21.9327947Z Created symlink /etc/systemd/user/graphical-session-pre.target.wants/session-migration.service → /usr/lib/systemd/user/session-migration.service.
2026-08-14T15:30:21.9328897Z 
2026-08-14T15:30:21.9360187Z Setting up libraw1394-11:amd64 (2.1.2-2build3) ...
2026-08-14T15:30:21.9386229Z Setting up libsbc1:amd64 (2.0-1build1) ...
2026-08-14T15:30:21.9410184Z Setting up libproxy1v5:amd64 (0.5.4-4build1) ...
2026-08-14T15:30:21.9432975Z Setting up libneon27t64:amd64 (0.33.0-1.1build3) ...
2026-08-14T15:30:21.9457938Z Setting up libtag1v5-vanilla:amd64 (1.13.1-1build1) ...
2026-08-14T15:30:21.9477999Z Setting up libopenni2-0:amd64 (2.2.0.33+dfsg-18) ...
2026-08-14T15:30:21.9654520Z Setting up libspeex1:amd64 (1.2.1-2ubuntu2.24.04.1) ...
2026-08-14T15:30:21.9676781Z Setting up libshine3:amd64 (3.1.1-2build1) ...
2026-08-14T15:30:21.9699790Z Setting up libcaca0:amd64 (0.99.beta20-4ubuntu0.2) ...
2026-08-14T15:30:21.9725954Z Setting up libvpl2 (2023.3.0-1build1) ...
2026-08-14T15:30:21.9749957Z Setting up libv4lconvert0t64:amd64 (1.26.1-4build3) ...
2026-08-14T15:30:21.9771988Z Setting up libx264-164:amd64 (2:0.164.3108+git31e19f9-1) ...
2026-08-14T15:30:21.9797175Z Setting up libtwolame0:amd64 (0.4.0-2build3) ...
2026-08-14T15:30:21.9836783Z Setting up libmbedcrypto7t64:amd64 (2.28.8-1) ...
2026-08-14T15:30:21.9859093Z Setting up libwoff1:amd64 (1.0.2-2build1) ...
2026-08-14T15:30:21.9882548Z Setting up liblc3-1:amd64 (1.0.4-3build1) ...
2026-08-14T15:30:21.9905801Z Setting up libqrencode4:amd64 (4.1.1-1build2) ...
2026-08-14T15:30:21.9929905Z Setting up libhyphen0:amd64 (2.8.8-7build3) ...
2026-08-14T15:30:21.9958133Z Setting up libgsm1:amd64 (1.0.22-1build1) ...
2026-08-14T15:30:21.9997787Z Setting up libvisual-0.4-0:amd64 (0.4.2-2build1) ...
2026-08-14T15:30:22.0022976Z Setting up libsoxr0:amd64 (0.1.3-4build3) ...
2026-08-14T15:30:22.0056198Z Setting up libzix-0-0:amd64 (0.4.2-2build1) ...
2026-08-14T15:30:22.0090124Z Setting up libcodec2-1.2:amd64 (1.2.0-2build1) ...
2026-08-14T15:30:22.0112704Z Setting up libmanette-0.2-0:amd64 (0.2.7-1build2) ...
2026-08-14T15:30:22.0136347Z Setting up libsrtp2-1:amd64 (2.5.0-3build1) ...
2026-08-14T15:30:22.0161803Z Setting up libmysofa1:amd64 (1.3.2+dfsg-2ubuntu2) ...
2026-08-14T15:30:22.0183188Z Setting up libraptor2-0:amd64 (2.0.16-3ubuntu0.1) ...
2026-08-14T15:30:22.0205684Z Setting up libldacbt-enc2:amd64 (2.0.2.3+git20200429+ed310a0-4ubuntu2) ...
2026-08-14T15:30:22.0427182Z Setting up fonts-wqy-zenhei (0.9.45-8) ...
2026-08-14T15:30:22.0599643Z Setting up libwebrtc-audio-processing1:amd64 (0.3.1-0ubuntu6) ...
2026-08-14T15:30:22.0622716Z Setting up fonts-freefont-ttf (20211204+svn4273-2) ...
2026-08-14T15:30:22.0643804Z Setting up libsoup-3.0-common (3.4.4-5ubuntu0.7) ...
2026-08-14T15:30:22.0664703Z Setting up libmpg123-0t64:amd64 (1.32.5-1ubuntu1.1) ...
2026-08-14T15:30:22.0688009Z Setting up libcjson1:amd64 (1.7.17-1) ...
2026-08-14T15:30:22.0710062Z Setting up libxvidcore4:amd64 (2:1.3.7-1build1) ...
2026-08-14T15:30:22.0731471Z Setting up libmpcdec6:amd64 (2:0.1~r495-2build1) ...
2026-08-14T15:30:22.0791140Z Setting up libmjpegutils-2.1-0t64:amd64 (1:2.1.0+debian-8.1build1) ...
2026-08-14T15:30:22.0814684Z Setting up liborc-0.4-0t64:amd64 (1:0.4.38-1ubuntu0.1) ...
2026-08-14T15:30:22.0835869Z Setting up libxcb-xkb1:amd64 (1.15-1ubuntu2) ...
2026-08-14T15:30:22.0857700Z Setting up libvo-aacenc0:amd64 (0.1.3-2build1) ...
2026-08-14T15:30:22.0879125Z Setting up librist4:amd64 (0.2.10+dfsg-2) ...
2026-08-14T15:30:22.0917150Z Setting up libblas3:amd64 (3.12.0-3build1.1) ...
2026-08-14T15:30:22.0987608Z update-alternatives: using /usr/lib/x86_64-linux-gnu/blas/libblas.so.3 to provide /usr/lib/x86_64-linux-gnu/libblas.so.3 (libblas.so.3-x86_64-linux-gnu) in auto mode
2026-08-14T15:30:22.1005253Z Setting up libegl-mesa0:amd64 (25.2.8-0ubuntu0.24.04.2) ...
2026-08-14T15:30:22.1026548Z Setting up libsoundtouch1:amd64 (2.3.2+ds1-1build1) ...
2026-08-14T15:30:22.1050170Z Setting up libplacebo338:amd64 (6.338.2-2build1) ...
2026-08-14T15:30:22.1072210Z Setting up libgles2:amd64 (1.7.0-1build1) ...
2026-08-14T15:30:22.1094836Z Setting up fonts-tlwg-loma-otf (1:0.7.3-1) ...
2026-08-14T15:30:22.1118275Z Setting up libva2:amd64 (2.20.0-2ubuntu0.2) ...
2026-08-14T15:30:22.1140168Z Setting up libspa-0.2-modules:amd64 (1.0.5-1ubuntu3.3) ...
2026-08-14T15:30:22.1167073Z Setting up libzxing3:amd64 (2.2.1-3) ...
2026-08-14T15:30:22.1190480Z Setting up xfonts-encodings (1:1.0.5-0ubuntu2) ...
2026-08-14T15:30:22.1210633Z Setting up libopus0:amd64 (1.4-1build1) ...
2026-08-14T15:30:22.1272242Z Setting up libfaad2:amd64 (2.11.1-1build1) ...
2026-08-14T15:30:22.1294186Z Setting up libxkbcommon-x11-0:amd64 (1.6.0-1build1) ...
2026-08-14T15:30:22.1316255Z Setting up libdc1394-25:amd64 (2.2.6-4build1) ...
2026-08-14T15:30:22.1340601Z Setting up libunibreak5:amd64 (5.1-2build1) ...
2026-08-14T15:30:22.1363488Z Setting up libdv4t64:amd64 (1.0.0-17.1build1) ...
2026-08-14T15:30:22.1385715Z Setting up libjxl0.7:amd64 (0.7.0-10.2ubuntu6.1) ...
2026-08-14T15:30:22.1408560Z Setting up libopenh264-7:amd64 (2.4.1+dfsg-1) ...
2026-08-14T15:30:22.1430969Z Setting up libltc11:amd64 (1.3.2-1build1) ...
2026-08-14T15:30:22.1452273Z Setting up libv4l-0t64:amd64 (1.26.1-4build3) ...
2026-08-14T15:30:22.1475711Z Setting up libavtp0:amd64 (0.2.0-1build1) ...
2026-08-14T15:30:22.1498219Z Setting up libsndio7.0:amd64 (1.9.0-0.3build3) ...
2026-08-14T15:30:22.1522090Z Setting up libdirectfb-1.7-7t64:amd64 (1.7.7-11.1ubuntu2) ...
2026-08-14T15:30:22.1545811Z Setting up libspandsp2t64:amd64 (0.0.6+dfsg-2.1build1) ...
2026-08-14T15:30:22.1569376Z Setting up libvidstab1.1:amd64 (1.1.0-2build1) ...
2026-08-14T15:30:22.1590595Z Setting up libvpx9:amd64 (1.14.0-1ubuntu2.3) ...
2026-08-14T15:30:22.1614440Z Setting up libsrt1.5-gnutls:amd64 (1.5.3-1build2) ...
2026-08-14T15:30:22.1637128Z Setting up libtag1v5:amd64 (1.13.1-1build1) ...
2026-08-14T15:30:22.1661219Z Setting up libflite1:amd64 (2.2-6build3) ...
2026-08-14T15:30:22.1686189Z Setting up libva-drm2:amd64 (2.20.0-2ubuntu0.2) ...
2026-08-14T15:30:22.1887034Z Setting up fonts-ipafont-gothic (00303-21ubuntu1) ...
2026-08-14T15:30:22.1964640Z update-alternatives: using /usr/share/fonts/opentype/ipafont-gothic/ipag.ttf to provide /usr/share/fonts/truetype/fonts-japanese-gothic.ttf (fonts-japanese-gothic.ttf) in auto mode
2026-08-14T15:30:22.1981009Z Setting up ocl-icd-libopencl1:amd64 (2.3.2-1build1) ...
2026-08-14T15:30:22.2001914Z Setting up libasyncns0:amd64 (0.8-6build4) ...
2026-08-14T15:30:22.2041015Z Setting up libwildmidi2:amd64 (0.4.3-1build3) ...
2026-08-14T15:30:22.2060896Z Setting up libvdpau1:amd64 (1.5-2build1) ...
2026-08-14T15:30:22.2092887Z Setting up libwavpack1:amd64 (5.6.0-1build1) ...
2026-08-14T15:30:22.2116032Z Setting up libbs2b0:amd64 (3.1.0+dfsg-7build1) ...
2026-08-14T15:30:22.2137360Z Setting up libtheora0:amd64 (1.1.1+dfsg.1-16.1build3) ...
2026-08-14T15:30:22.2160234Z Setting up libegl1:amd64 (1.7.0-1build1) ...
2026-08-14T15:30:22.2183171Z Setting up libdecor-0-0:amd64 (0.2.2-1build2) ...
2026-08-14T15:30:22.2205728Z Setting up libdca0:amd64 (0.0.7-2build1) ...
2026-08-14T15:30:22.2229586Z Setting up libzimg2:amd64 (3.0.5+ds1-1build1) ...
2026-08-14T15:30:22.2250905Z Setting up libopenal-data (1:1.23.1-4build1) ...
2026-08-14T15:30:22.2281737Z Setting up libflac12t64:amd64 (1.4.3+ds-2.1ubuntu2) ...
2026-08-14T15:30:22.2302153Z Setting up libgtk-4-common (4.14.5+ds-0ubuntu0.10) ...
2026-08-14T15:30:22.2330412Z Setting up libmpeg2encpp-2.1-0t64:amd64 (1:2.1.0+debian-8.1build1) ...
2026-08-14T15:30:22.2354165Z Setting up glib-networking-common (2.80.0-1build1) ...
2026-08-14T15:30:22.2379901Z Setting up libmfx1:amd64 (22.5.4-1) ...
2026-08-14T15:30:22.2401336Z Setting up libbluray2:amd64 (1:1.3.4-1build1) ...
2026-08-14T15:30:22.2426512Z Setting up libsamplerate0:amd64 (0.2.2-4build1) ...
2026-08-14T15:30:22.2447204Z Setting up timgm6mb-soundfont (1.3-5) ...
2026-08-14T15:30:22.2538144Z update-alternatives: using /usr/share/sounds/sf2/TimGM6mb.sf2 to provide /usr/share/sounds/sf2/default-GM.sf2 (default-GM.sf2) in auto mode
2026-08-14T15:30:22.2584976Z update-alternatives: using /usr/share/sounds/sf2/TimGM6mb.sf2 to provide /usr/share/sounds/sf3/default-GM.sf3 (default-GM.sf3) in auto mode
2026-08-14T15:30:22.2605815Z Setting up libva-x11-2:amd64 (2.20.0-2ubuntu0.2) ...
2026-08-14T15:30:22.2626765Z Setting up libmplex2-2.1-0t64:amd64 (1:2.1.0+debian-8.1build1) ...
2026-08-14T15:30:22.2653913Z Setting up libpipewire-0.3-0t64:amd64 (1.0.5-1ubuntu3.3) ...
2026-08-14T15:30:22.2678262Z Setting up libopenmpt0t64:amd64 (0.7.3-1.1build3) ...
2026-08-14T15:30:22.2701627Z Setting up libzvbi-common (0.2.42-2) ...
2026-08-14T15:30:22.2723085Z Setting up libsecret-common (0.21.4-1build3) ...
2026-08-14T15:30:22.2747158Z Setting up libmp3lame0:amd64 (3.100-6build1) ...
2026-08-14T15:30:22.2768752Z Setting up libgraphene-1.0-0:amd64 (1.10.8-3build2) ...
2026-08-14T15:30:22.2789763Z Setting up libvorbisenc2:amd64 (1.3.7-1build3) ...
2026-08-14T15:30:22.2816784Z Setting up libdvdnav4:amd64 (6.1.1-3build1) ...
2026-08-14T15:30:22.2841073Z Setting up fonts-unifont (1:15.1.01-1build1) ...
2026-08-14T15:30:22.2862756Z Setting up libaa1:amd64 (1.4p5-51.1) ...
2026-08-14T15:30:22.2891847Z Setting up libiec61883-0:amd64 (1.2.0-6build1) ...
2026-08-14T15:30:22.2912383Z Setting up libserd-0-0:amd64 (0.32.2-1) ...
2026-08-14T15:30:22.2933919Z Setting up libavc1394-0:amd64 (0.5.4-5build3) ...
2026-08-14T15:30:22.2955130Z Setting up gsettings-desktop-schemas (46.1-0ubuntu1) ...
2026-08-14T15:30:22.2978283Z Setting up glib-networking-services (2.80.0-1build1) ...
2026-08-14T15:30:22.3001757Z Setting up liblapack3:amd64 (3.12.0-3build1.1) ...
2026-08-14T15:30:22.3068222Z update-alternatives: using /usr/lib/x86_64-linux-gnu/lapack/liblapack.so.3 to provide /usr/lib/x86_64-linux-gnu/liblapack.so.3 (liblapack.so.3-x86_64-linux-gnu) in auto mode
2026-08-14T15:30:22.3085494Z Setting up libzvbi0t64:amd64 (0.2.42-2) ...
2026-08-14T15:30:22.3106947Z Setting up liblrdf0:amd64 (0.6.1-4build1) ...
2026-08-14T15:30:22.3147186Z Setting up libzbar0t64:amd64 (0.23.93-4build3) ...
2026-08-14T15:30:22.3168566Z Setting up libgstreamer-plugins-base1.0-0:amd64 (1.24.2-1ubuntu0.4) ...
2026-08-14T15:30:22.3191465Z Setting up libavutil58:amd64 (7:6.1.1-3ubuntu5) ...
2026-08-14T15:30:22.3215710Z Setting up libopenal1:amd64 (1:1.23.1-4build1) ...
2026-08-14T15:30:22.3239288Z Setting up xfonts-utils (1:7.7+6build3) ...
2026-08-14T15:30:22.3291083Z Setting up libsecret-1-0:amd64 (0.21.4-1build3) ...
2026-08-14T15:30:22.3314376Z Setting up libgstreamer-plugins-good1.0-0:amd64 (1.24.2-1ubuntu1.5) ...
2026-08-14T15:30:22.3333944Z Setting up libgstreamer-gl1.0-0:amd64 (1.24.2-1ubuntu0.4) ...
2026-08-14T15:30:22.3359014Z Setting up gstreamer1.0-plugins-base:amd64 (1.24.2-1ubuntu0.4) ...
2026-08-14T15:30:22.3379966Z Setting up libass9:amd64 (1:0.17.1-2build1) ...
2026-08-14T15:30:22.3400960Z Setting up libswresample4:amd64 (7:6.1.1-3ubuntu5) ...
2026-08-14T15:30:22.3425318Z Setting up libshout3:amd64 (2.4.6-1build2) ...
2026-08-14T15:30:22.3448329Z Setting up libavcodec60:amd64 (7:6.1.1-3ubuntu5) ...
2026-08-14T15:30:22.3471251Z Setting up librubberband2:amd64 (3.3.0+dfsg-2build1) ...
2026-08-14T15:30:22.3496357Z Setting up libjack-jackd2-0:amd64 (1.9.21~dfsg-3ubuntu3) ...
2026-08-14T15:30:22.3516557Z Setting up libsord-0-0:amd64 (0.16.16-2build1) ...
2026-08-14T15:30:22.3537875Z Setting up xfonts-cyrillic (1:1.0.5+nmu1) ...
2026-08-14T15:30:22.3914422Z Setting up libpostproc57:amd64 (7:6.1.1-3ubuntu5) ...
2026-08-14T15:30:22.3939297Z Setting up libsratom-0-0:amd64 (0.6.16-1build1) ...
2026-08-14T15:30:22.3961862Z Setting up libsndfile1:amd64 (1.2.2-1ubuntu5.24.04.1) ...
2026-08-14T15:30:22.3984573Z Setting up liblilv-0-0:amd64 (0.24.22-1build1) ...
2026-08-14T15:30:22.4008408Z Setting up libinstpatch-1.0-2:amd64 (1.1.6-1build2) ...
2026-08-14T15:30:22.4037087Z Setting up xfonts-scalable (1:1.0.3-1.3) ...
2026-08-14T15:30:22.4324688Z Setting up libswscale7:amd64 (7:6.1.1-3ubuntu5) ...
2026-08-14T15:30:22.4353219Z Setting up libpulse0:amd64 (1:16.1+dfsg1-2ubuntu10.1) ...
2026-08-14T15:30:22.4432365Z Setting up libavformat60:amd64 (7:6.1.1-3ubuntu5) ...
2026-08-14T15:30:22.4457396Z Setting up libsphinxbase3t64:amd64 (0.8+5prealpha+1-17build2) ...
2026-08-14T15:30:22.4481543Z Setting up libsdl2-2.0-0:amd64 (2.30.0+dfsg-1ubuntu3.1) ...
2026-08-14T15:30:22.4504114Z Setting up libfluidsynth3:amd64 (2.3.4-1build3) ...
2026-08-14T15:30:22.4528732Z Setting up libpocketsphinx3:amd64 (0.8.0+real5prealpha+1-15ubuntu5) ...
2026-08-14T15:30:22.4558139Z Setting up libavfilter9:amd64 (7:6.1.1-3ubuntu5) ...
2026-08-14T15:30:22.4580521Z Setting up gstreamer1.0-libav:amd64 (1.24.1-1build1) ...
2026-08-14T15:30:22.5115550Z Processing triggers for fontconfig (2.15.0-1.1ubuntu2) ...
2026-08-14T15:30:23.0419223Z Processing triggers for libc-bin (2.39-0ubuntu8.8) ...
2026-08-14T15:30:27.0438327Z Processing triggers for libglib2.0-0t64:amd64 (2.80.0-6ubuntu3.8) ...
2026-08-14T15:30:27.0875781Z Setting up libgtk-4-1:amd64 (4.14.5+ds-0ubuntu0.10) ...
2026-08-14T15:30:27.1681417Z Setting up glib-networking:amd64 (2.80.0-1build1) ...
2026-08-14T15:30:27.1770832Z Setting up libsoup-3.0-0:amd64 (3.4.4-5ubuntu0.7) ...
2026-08-14T15:30:27.1807178Z Setting up libgssdp-1.6-0:amd64 (1.6.3-1build3) ...
2026-08-14T15:30:27.1884973Z Setting up gstreamer1.0-plugins-good:amd64 (1.24.2-1ubuntu1.5) ...
2026-08-14T15:30:27.2035757Z Setting up libgupnp-1.6-0:amd64 (1.6.6-1build3) ...
2026-08-14T15:30:27.2107957Z Setting up libgupnp-igd-1.6-0:amd64 (1.6.0-3build3) ...
2026-08-14T15:30:27.2147732Z Setting up libnice10:amd64 (0.1.21-2build3) ...
2026-08-14T15:30:27.2207226Z Setting up libgstreamer-plugins-bad1.0-0:amd64 (1.24.2-1ubuntu4) ...
2026-08-14T15:30:27.2255603Z Setting up gstreamer1.0-plugins-bad:amd64 (1.24.2-1ubuntu4) ...
2026-08-14T15:30:27.2282369Z Processing triggers for libc-bin (2.39-0ubuntu8.8) ...
2026-08-14T15:30:28.5534586Z 
2026-08-14T15:30:28.5535679Z Running kernel seems to be up-to-date.
2026-08-14T15:30:28.5536082Z 
2026-08-14T15:30:28.5536281Z Restarting services...
2026-08-14T15:30:28.5619686Z  systemctl restart php8.3-fpm.service
2026-08-14T15:30:28.6741209Z 
2026-08-14T15:30:28.6742657Z No containers need to be restarted.
2026-08-14T15:30:28.6743093Z 
2026-08-14T15:30:28.6744034Z No user sessions are running outdated binaries.
2026-08-14T15:30:28.6744655Z 
2026-08-14T15:30:28.6745428Z No VM guests are running outdated hypervisor (qemu) binaries on this host.
2026-08-14T15:30:29.8557412Z ##[group]Run npx playwright install chromium firefox webkit
2026-08-14T15:30:29.8557884Z [36;1mnpx playwright install chromium firefox webkit[0m
2026-08-14T15:30:29.8596292Z shell: /usr/bin/bash -e {0}
2026-08-14T15:30:29.8596578Z env:
2026-08-14T15:30:29.8596789Z   VISREG_GRAY_APPROVED: 0
2026-08-14T15:30:29.8597044Z   COMPOSER_PROCESS_TIMEOUT: 0
2026-08-14T15:30:29.8597311Z   COMPOSER_NO_INTERACTION: 1
2026-08-14T15:30:29.8597562Z   COMPOSER_NO_AUDIT: 1
2026-08-14T15:30:29.8597796Z ##[endgroup]
2026-08-14T15:30:30.6662695Z Downloading Chrome for Testing 148.0.7778.96 (playwright chromium v1223) from https://cdn.playwright.dev/builds/cft/148.0.7778.96/linux64/chrome-linux64.zip
2026-08-14T15:30:31.7374082Z |                                                                                |   0% of 175.4 MiB
2026-08-14T15:30:31.9132038Z |■■■■■■■■                                                                        |  10% of 175.4 MiB
2026-08-14T15:30:32.1033940Z |■■■■■■■■■■■■■■■■                                                                |  20% of 175.4 MiB
2026-08-14T15:30:32.2696018Z |■■■■■■■■■■■■■■■■■■■■■■■■                                                        |  30% of 175.4 MiB
2026-08-14T15:30:32.4523856Z |■■■■■■■■■■■■■■■■■■■■■■■■■■■■■■■■                                                |  40% of 175.4 MiB
2026-08-14T15:30:32.6188362Z |■■■■■■■■■■■■■■■■■■■■■■■■■■■■■■■■■■■■■■■■                                        |  50% of 175.4 MiB
2026-08-14T15:30:32.8024360Z |■■■■■■■■■■■■■■■■■■■■■■■■■■■■■■■■■■■■■■■■■■■■■■■■                                |  60% of 175.4 MiB
2026-08-14T15:30:32.9965580Z |■■■■■■■■■■■■■■■■■■■■■■■■■■■■■■■■■■■■■■■■■■■■■■■■■■■■■■■■                        |  70% of 175.4 MiB
2026-08-14T15:30:33.1652516Z |■■■■■■■■■■■■■■■■■■■■■■■■■■■■■■■■■■■■■■■■■■■■■■■■■■■■■■■■■■■■■■■■                |  80% of 175.4 MiB
2026-08-14T15:30:33.3225917Z |■■■■■■■■■■■■■■■■■■■■■■■■■■■■■■■■■■■■■■■■■■■■■■■■■■■■■■■■■■■■■■■■■■■■■■■■        |  90% of 175.4 MiB
2026-08-14T15:30:33.4931932Z |■■■■■■■■■■■■■■■■■■■■■■■■■■■■■■■■■■■■■■■■■■■■■■■■■■■■■■■■■■■■■■■■■■■■■■■■■■■■■■■■| 100% of 175.4 MiB
2026-08-14T15:30:36.2371499Z Chrome for Testing 148.0.7778.96 (playwright chromium v1223) downloaded to /home/runner/.cache/ms-playwright/chromium-1223
2026-08-14T15:30:36.2373687Z Downloading FFmpeg (playwright ffmpeg v1011) from https://cdn.playwright.dev/dbazure/download/playwright/builds/ffmpeg/1011/ffmpeg-linux.zip
2026-08-14T15:30:37.2284532Z |                                                                                |   0% of 2.3 MiB
2026-08-14T15:30:37.2351466Z |■■■■■■■■                                                                        |  10% of 2.3 MiB
2026-08-14T15:30:37.2386127Z |■■■■■■■■■■■■■■■■                                                                |  20% of 2.3 MiB
2026-08-14T15:30:37.2401277Z |■■■■■■■■■■■■■■■■■■■■■■■■                                                        |  30% of 2.3 MiB
2026-08-14T15:30:37.2420370Z |■■■■■■■■■■■■■■■■■■■■■■■■■■■■■■■■                                                |  40% of 2.3 MiB
2026-08-14T15:30:37.2431740Z |■■■■■■■■■■■■■■■■■■■■■■■■■■■■■■■■■■■■■■■■                                        |  50% of 2.3 MiB
2026-08-14T15:30:37.2444509Z |■■■■■■■■■■■■■■■■■■■■■■■■■■■■■■■■■■■■■■■■■■■■■■■■                                |  60% of 2.3 MiB
2026-08-14T15:30:37.2458484Z |■■■■■■■■■■■■■■■■■■■■■■■■■■■■■■■■■■■■■■■■■■■■■■■■■■■■■■■■                        |  70% of 2.3 MiB
2026-08-14T15:30:37.2473613Z |■■■■■■■■■■■■■■■■■■■■■■■■■■■■■■■■■■■■■■■■■■■■■■■■■■■■■■■■■■■■■■■■                |  80% of 2.3 MiB
2026-08-14T15:30:37.2485949Z |■■■■■■■■■■■■■■■■■■■■■■■■■■■■■■■■■■■■■■■■■■■■■■■■■■■■■■■■■■■■■■■■■■■■■■■■        |  90% of 2.3 MiB
2026-08-14T15:30:37.2499249Z |■■■■■■■■■■■■■■■■■■■■■■■■■■■■■■■■■■■■■■■■■■■■■■■■■■■■■■■■■■■■■■■■■■■■■■■■■■■■■■■■| 100% of 2.3 MiB
2026-08-14T15:30:37.3138951Z FFmpeg (playwright ffmpeg v1011) downloaded to /home/runner/.cache/ms-playwright/ffmpeg-1011
2026-08-14T15:30:37.3142400Z Downloading Chrome Headless Shell 148.0.7778.96 (playwright chromium-headless-shell v1223) from https://cdn.playwright.dev/builds/cft/148.0.7778.96/linux64/chrome-headless-shell-linux64.zip
2026-08-14T15:30:38.3763853Z |                                                                                |   0% of 113.2 MiB
2026-08-14T15:30:38.5171696Z |■■■■■■■■                                                                        |  10% of 113.2 MiB
2026-08-14T15:30:38.6009724Z |■■■■■■■■■■■■■■■■                                                                |  20% of 113.2 MiB
2026-08-14T15:30:38.6910352Z |■■■■■■■■■■■■■■■■■■■■■■■■                                                        |  30% of 113.2 MiB
2026-08-14T15:30:38.7629552Z |■■■■■■■■■■■■■■■■■■■■■■■■■■■■■■■■                                                |  40% of 113.2 MiB
2026-08-14T15:30:38.8564369Z |■■■■■■■■■■■■■■■■■■■■■■■■■■■■■■■■■■■■■■■■                                        |  50% of 113.2 MiB
2026-08-14T15:30:38.9422035Z |■■■■■■■■■■■■■■■■■■■■■■■■■■■■■■■■■■■■■■■■■■■■■■■■                                |  60% of 113.2 MiB
2026-08-14T15:30:39.0128480Z |■■■■■■■■■■■■■■■■■■■■■■■■■■■■■■■■■■■■■■■■■■■■■■■■■■■■■■■■                        |  70% of 113.2 MiB
2026-08-14T15:30:39.0917670Z |■■■■■■■■■■■■■■■■■■■■■■■■■■■■■■■■■■■■■■■■■■■■■■■■■■■■■■■■■■■■■■■■                |  80% of 113.2 MiB
2026-08-14T15:30:39.2088821Z |■■■■■■■■■■■■■■■■■■■■■■■■■■■■■■■■■■■■■■■■■■■■■■■■■■■■■■■■■■■■■■■■■■■■■■■■        |  90% of 113.2 MiB
2026-08-14T15:30:39.3129570Z |■■■■■■■■■■■■■■■■■■■■■■■■■■■■■■■■■■■■■■■■■■■■■■■■■■■■■■■■■■■■■■■■■■■■■■■■■■■■■■■■| 100% of 113.2 MiB
2026-08-14T15:30:41.3381388Z Chrome Headless Shell 148.0.7778.96 (playwright chromium-headless-shell v1223) downloaded to /home/runner/.cache/ms-playwright/chromium_headless_shell-1223
2026-08-14T15:30:41.3384985Z Downloading Firefox 150.0.2 (playwright firefox v1522) from https://cdn.playwright.dev/dbazure/download/playwright/builds/firefox/1522/firefox-ubuntu-24.04.zip
2026-08-14T15:30:42.3457503Z |                                                                                |   0% of 104.3 MiB
2026-08-14T15:30:42.4196357Z |■■■■■■■■                                                                        |  10% of 104.3 MiB
2026-08-14T15:30:42.4891618Z |■■■■■■■■■■■■■■■■                                                                |  20% of 104.3 MiB
2026-08-14T15:30:42.5365568Z |■■■■■■■■■■■■■■■■■■■■■■■■                                                        |  30% of 104.3 MiB
2026-08-14T15:30:42.5879610Z |■■■■■■■■■■■■■■■■■■■■■■■■■■■■■■■■                                                |  40% of 104.3 MiB
2026-08-14T15:30:42.6290909Z |■■■■■■■■■■■■■■■■■■■■■■■■■■■■■■■■■■■■■■■■                                        |  50% of 104.3 MiB
2026-08-14T15:30:42.6761798Z |■■■■■■■■■■■■■■■■■■■■■■■■■■■■■■■■■■■■■■■■■■■■■■■■                                |  60% of 104.3 MiB
2026-08-14T15:30:42.7227971Z |■■■■■■■■■■■■■■■■■■■■■■■■■■■■■■■■■■■■■■■■■■■■■■■■■■■■■■■■                        |  70% of 104.3 MiB
2026-08-14T15:30:42.7673939Z |■■■■■■■■■■■■■■■■■■■■■■■■■■■■■■■■■■■■■■■■■■■■■■■■■■■■■■■■■■■■■■■■                |  80% of 104.3 MiB
2026-08-14T15:30:42.8089618Z |■■■■■■■■■■■■■■■■■■■■■■■■■■■■■■■■■■■■■■■■■■■■■■■■■■■■■■■■■■■■■■■■■■■■■■■■        |  90% of 104.3 MiB
2026-08-14T15:30:42.8493157Z |■■■■■■■■■■■■■■■■■■■■■■■■■■■■■■■■■■■■■■■■■■■■■■■■■■■■■■■■■■■■■■■■■■■■■■■■■■■■■■■■| 100% of 104.3 MiB
2026-08-14T15:30:44.6424621Z Firefox 150.0.2 (playwright firefox v1522) downloaded to /home/runner/.cache/ms-playwright/firefox-1522
2026-08-14T15:30:44.6428720Z Downloading WebKit 26.4 (playwright webkit v2287) from https://cdn.playwright.dev/dbazure/download/playwright/builds/webkit/2287/webkit-ubuntu-24.04.zip
2026-08-14T15:30:45.6311979Z |                                                                                |   0% of 101.3 MiB
2026-08-14T15:30:45.7033156Z |■■■■■■■■                                                                        |  10% of 101.3 MiB
2026-08-14T15:30:45.7708400Z |■■■■■■■■■■■■■■■■                                                                |  20% of 101.3 MiB
2026-08-14T15:30:45.8185868Z |■■■■■■■■■■■■■■■■■■■■■■■■                                                        |  30% of 101.3 MiB
2026-08-14T15:30:45.8722518Z |■■■■■■■■■■■■■■■■■■■■■■■■■■■■■■■■                                                |  40% of 101.3 MiB
2026-08-14T15:30:45.9119042Z |■■■■■■■■■■■■■■■■■■■■■■■■■■■■■■■■■■■■■■■■                                        |  50% of 101.3 MiB
2026-08-14T15:30:45.9496594Z |■■■■■■■■■■■■■■■■■■■■■■■■■■■■■■■■■■■■■■■■■■■■■■■■                                |  60% of 101.3 MiB
2026-08-14T15:30:45.9867956Z |■■■■■■■■■■■■■■■■■■■■■■■■■■■■■■■■■■■■■■■■■■■■■■■■■■■■■■■■                        |  70% of 101.3 MiB
2026-08-14T15:30:46.0237020Z |■■■■■■■■■■■■■■■■■■■■■■■■■■■■■■■■■■■■■■■■■■■■■■■■■■■■■■■■■■■■■■■■                |  80% of 101.3 MiB
2026-08-14T15:30:46.0615904Z |■■■■■■■■■■■■■■■■■■■■■■■■■■■■■■■■■■■■■■■■■■■■■■■■■■■■■■■■■■■■■■■■■■■■■■■■        |  90% of 101.3 MiB
2026-08-14T15:30:46.0980519Z |■■■■■■■■■■■■■■■■■■■■■■■■■■■■■■■■■■■■■■■■■■■■■■■■■■■■■■■■■■■■■■■■■■■■■■■■■■■■■■■■| 100% of 101.3 MiB
2026-08-14T15:30:47.9390326Z WebKit 26.4 (playwright webkit v2287) downloaded to /home/runner/.cache/ms-playwright/webkit-2287
2026-08-14T15:30:48.3204133Z ##[group]Run mkdir -p storage/framework/{cache,views,sessions,testing} bootstrap/cache
2026-08-14T15:30:48.3204863Z [36;1mmkdir -p storage/framework/{cache,views,sessions,testing} bootstrap/cache[0m
2026-08-14T15:30:48.3205334Z [36;1mcat > .env <<'EOF'[0m
2026-08-14T15:30:48.3205598Z [36;1mAPP_NAME=oimpresso-visreg[0m
2026-08-14T15:30:48.3205858Z [36;1mAPP_KEY=[0m
2026-08-14T15:30:48.3206078Z [36;1mAPP_ENV=testing[0m
2026-08-14T15:30:48.3206310Z [36;1mAPP_DEBUG=true[0m
2026-08-14T15:30:48.3206571Z [36;1mAPP_URL=http://localhost[0m
2026-08-14T15:30:48.3206847Z [36;1mLOG_CHANNEL=stderr[0m
2026-08-14T15:30:48.3207088Z [36;1mDB_CONNECTION=mysql[0m
2026-08-14T15:30:48.3207328Z [36;1mDB_HOST=127.0.0.1[0m
2026-08-14T15:30:48.3207559Z [36;1mDB_PORT=3306[0m
2026-08-14T15:30:48.3207789Z [36;1mDB_DATABASE=oimpresso_test[0m
2026-08-14T15:30:48.3208062Z [36;1mDB_USERNAME=root[0m
2026-08-14T15:30:48.3208289Z [36;1mDB_PASSWORD=root[0m
2026-08-14T15:30:48.3208551Z [36;1mCACHE_DRIVER=array[0m
2026-08-14T15:30:48.3208798Z [36;1mQUEUE_CONNECTION=sync[0m
2026-08-14T15:30:48.3209045Z [36;1mSESSION_DRIVER=file[0m
2026-08-14T15:30:48.3209284Z [36;1mMAIL_MAILER=array[0m
2026-08-14T15:30:48.3209521Z [36;1mBCRYPT_ROUNDS=4[0m
2026-08-14T15:30:48.3209757Z [36;1mTELESCOPE_ENABLED=false[0m
2026-08-14T15:30:48.3210048Z [36;1mVIEW_COMPILED_PATH=storage/framework/views[0m
2026-08-14T15:30:48.3210493Z [36;1m# MWART_CLIENTE_INDEX=true: sem o flag, /cliente cai no Blade legacy e dá 500[0m
2026-08-14T15:30:48.3211051Z [36;1m# (provado por screenshot do artifact #2320) → fica fora do gate. Com o flag,[0m
2026-08-14T15:30:48.3211654Z [36;1m# renderiza a Page Inertia canônica de Clientes — que é o que o gate deve proteger.[0m
2026-08-14T15:30:48.3212106Z [36;1mMWART_CLIENTE_INDEX=true[0m
2026-08-14T15:30:48.3212353Z [36;1mEOF[0m
2026-08-14T15:30:48.3212571Z [36;1mphp artisan key:generate --force[0m
2026-08-14T15:30:48.3212892Z [36;1mphp artisan package:discover --ansi[0m
2026-08-14T15:30:48.3213190Z [36;1mphp artisan migrate --force[0m
2026-08-14T15:30:48.3213815Z [36;1mecho "=== schema-squash check: tabelas criadas ==="[0m
2026-08-14T15:30:48.3214523Z [36;1mphp artisan tinker --execute="echo count(DB::select('show tables')).' tabelas';"[0m
2026-08-14T15:30:48.3253164Z shell: /usr/bin/bash -e {0}
2026-08-14T15:30:48.3253716Z env:
2026-08-14T15:30:48.3254053Z   VISREG_GRAY_APPROVED: 0
2026-08-14T15:30:48.3254324Z   COMPOSER_PROCESS_TIMEOUT: 0
2026-08-14T15:30:48.3254577Z   COMPOSER_NO_INTERACTION: 1
2026-08-14T15:30:48.3254816Z   COMPOSER_NO_AUDIT: 1
2026-08-14T15:30:48.3255034Z ##[endgroup]
2026-08-14T15:30:48.4244199Z PHP Warning:  The opentelemetry extension must be loaded in order to autoload the OpenTelemetry Laravel auto-instrumentation in /home/runner/work/oimpresso.com/oimpresso.com/vendor/open-telemetry/opentelemetry-auto-laravel/_register.php on line 13
2026-08-14T15:30:48.8544980Z 
2026-08-14T15:30:48.8545677Z    INFO  Application key set successfully.  
2026-08-14T15:30:48.8546189Z 
2026-08-14T15:30:48.9559733Z PHP Warning:  The opentelemetry extension must be loaded in order to autoload the OpenTelemetry Laravel auto-instrumentation in /home/runner/work/oimpresso.com/oimpresso.com/vendor/open-telemetry/opentelemetry-auto-laravel/_register.php on line 13
2026-08-14T15:30:49.3810273Z 
2026-08-14T15:30:49.3811901Z   [37;44m INFO [39;49m Discovering packages.  
2026-08-14T15:30:49.3812370Z 
2026-08-14T15:30:49.3871185Z   aloha/twilio [90m.[39m[90m.[39m[90m.[39m[90m.[39m[90m.[39m[90m.[39m[90m.[39m[90m.[39m[90m.[39m[90m.[39m[90m.[39m[90m.[39m[90m.[39m[90m.[39m[90m.[39m[90m.[39m[90m.[39m[90m.[39m[90m.[39m[90m.[39m[90m.[39m[90m.[39m[90m.[39m[90m.[39m[90m.[39m[90m.[39m[90m.[39m[90m.[39m[90m.[39m[90m.[39m[90m.[39m[90m.[39m[90m.[39m[90m.[39m[90m.[39m[90m.[39m[90m.[39m[90m.[39m[90m.[39m[90m.[39m[90m.[39m[90m.[39m[90m.[39m[90m.[39m[90m.[39m[90m.[39m[90m.[39m[90m.[39m[90m.[39m[90m.[39m[90m.[39m[90m.[39m[90m.[39m[90m.[39m[90m.[39m[90m.[39m[90m.[39m[90m.[39m [32;1mDONE[39;22m
2026-08-14T15:30:49.3878142Z   barryvdh/laravel-dompdf [90m.[39m[90m.[39m[90m.[39m[90m.[39m[90m.[39m[90m.[39m[90m.[39m[90m.[39m[90m.[39m[90m.[39m[90m.[39m[90m.[39m[90m.[39m[90m.[39m[90m.[39m[90m.[39m[90m.[39m[90m.[39m[90m.[39m[90m.[39m[90m.[39m[90m.[39m[90m.[39m[90m.[39m[90m.[39m[90m.[39m[90m.[39m[90m.[39m[90m.[39m[90m.[39m[90m.[39m[90m.[39m[90m.[39m[90m.[39m[90m.[39m[90m.[39m[90m.[39m[90m.[39m[90m.[39m[90m.[39m[90m.[39m[90m.[39m[90m.[39m[90m.[39m[90m.[39m[90m.[39m[90m.[39m [32;1mDONE[39;22m
2026-08-14T15:30:49.3884166Z   consoletvs/charts [90m.[39m[90m.[39m[90m.[39m[90m.[39m[90m.[39m[90m.[39m[90m.[39m[90m.[39m[90m.[39m[90m.[39m[90m.[39m[90m.[39m[90m.[39m[90m.[39m[90m.[39m[90m.[39m[90m.[39m[90m.[39m[90m.[39m[90m.[39m[90m.[39m[90m.[39m[90m.[39m[90m.[39m[90m.[39m[90m.[39m[90m.[39m[90m.[39m[90m.[39m[90m.[39m[90m.[39m[90m.[39m[90m.[39m[90m.[39m[90m.[39m[90m.[39m[90m.[39m[90m.[39m[90m.[39m[90m.[39m[90m.[39m[90m.[39m[90m.[39m[90m.[39m[90m.[39m[90m.[39m[90m.[39m[90m.[39m[90m.[39m[90m.[39m[90m.[39m[90m.[39m[90m.[39m [32;1mDONE[39;22m
2026-08-14T15:30:49.3887589Z   eduardokum/laravel-mail-auto-embed [90m.[39m[90m.[39m[90m.[39m[90m.[39m[90m.[39m[90m.[39m[90m.[39m[90m.[39m[90m.[39m[90m.[39m[90m.[39m[90m.[39m[90m.[39m[90m.[39m[90m.[39m[90m.[39m[90m.[39m[90m.[39m[90m.[39m[90m.[39m[90m.[39m[90m.[39m[90m.[39m[90m.[39m[90m.[39m[90m.[39m[90m.[39m[90m.[39m[90m.[39m[90m.[39m[90m.[39m[90m.[39m[90m.[39m[90m.[39m[90m.[39m[90m.[39m [32;1mDONE[39;22m
2026-08-14T15:30:49.3890532Z   inertiajs/inertia-laravel [90m.[39m[90m.[39m[90m.[39m[90m.[39m[90m.[39m[90m.[39m[90m.[39m[90m.[39m[90m.[39m[90m.[39m[90m.[39m[90m.[39m[90m.[39m[90m.[39m[90m.[39m[90m.[39m[90m.[39m[90m.[39m[90m.[39m[90m.[39m[90m.[39m[90m.[39m[90m.[39m[90m.[39m[90m.[39m[90m.[39m[90m.[39m[90m.[39m[90m.[39m[90m.[39m[90m.[39m[90m.[39m[90m.[39m[90m.[39m[90m.[39m[90m.[39m[90m.[39m[90m.[39m[90m.[39m[90m.[39m[90m.[39m[90m.[39m[90m.[39m[90m.[39m[90m.[39m [32;1mDONE[39;22m
2026-08-14T15:30:49.3894880Z   knuckleswtf/scribe [90m.[39m[90m.[39m[90m.[39m[90m.[39m[90m.[39m[90m.[39m[90m.[39m[90m.[39m[90m.[39m[90m.[39m[90m.[39m[90m.[39m[90m.[39m[90m.[39m[90m.[39m[90m.[39m[90m.[39m[90m.[39m[90m.[39m[90m.[39m[90m.[39m[90m.[39m[90m.[39m[90m.[39m[90m.[39m[90m.[39m[90m.[39m[90m.[39m[90m.[39m[90m.[39m[90m.[39m[90m.[39m[90m.[39m[90m.[39m[90m.[39m[90m.[39m[90m.[39m[90m.[39m[90m.[39m[90m.[39m[90m.[39m[90m.[39m[90m.[39m[90m.[39m[90m.[39m[90m.[39m[90m.[39m[90m.[39m[90m.[39m[90m.[39m[90m.[39m[90m.[39m [32;1mDONE[39;22m
2026-08-14T15:30:49.3898793Z   laravel/ai [90m.[39m[90m.[39m[90m.[39m[90m.[39m[90m.[39m[90m.[39m[90m.[39m[90m.[39m[90m.[39m[90m.[39m[90m.[39m[90m.[39m[90m.[39m[90m.[39m[90m.[39m[90m.[39m[90m.[39m[90m.[39m[90m.[39m[90m.[39m[90m.[39m[90m.[39m[90m.[39m[90m.[39m[90m.[39m[90m.[39m[90m.[39m[90m.[39m[90m.[39m[90m.[39m[90m.[39m[90m.[39m[90m.[39m[90m.[39m[90m.[39m[90m.[39m[90m.[39m[90m.[39m[90m.[39m[90m.[39m[90m.[39m[90m.[39m[90m.[39m[90m.[39m[90m.[39m[90m.[39m[90m.[39m[90m.[39m[90m.[39m[90m.[39m[90m.[39m[90m.[39m[90m.[39m[90m.[39m[90m.[39m[90m.[39m[90m.[39m[90m.[39m[90m.[39m[90m.[39m [32;1mDONE[39;22m
2026-08-14T15:30:49.3903647Z   laravel/boost [90m.[39m[90m.[39m[90m.[39m[90m.[39m[90m.[39m[90m.[39m[90m.[39m[90m.[39m[90m.[39m[90m.[39m[90m.[39m[90m.[39m[90m.[39m[90m.[39m[90m.[39m[90m.[39m[90m.[39m[90m.[39m[90m.[39m[90m.[39m[90m.[39m[90m.[39m[90m.[39m[90m.[39m[90m.[39m[90m.[39m[90m.[39m[90m.[39m[90m.[39m[90m.[39m[90m.[39m[90m.[39m[90m.[39m[90m.[39m[90m.[39m[90m.[39m[90m.[39m[90m.[39m[90m.[39m[90m.[39m[90m.[39m[90m.[39m[90m.[39m[90m.[39m[90m.[39m[90m.[39m[90m.[39m[90m.[39m[90m.[39m[90m.[39m[90m.[39m[90m.[39m[90m.[39m[90m.[39m[90m.[39m[90m.[39m[90m.[39m [32;1mDONE[39;22m
2026-08-14T15:30:49.3907848Z   laravel/legacy-factories [90m.[39m[90m.[39m[90m.[39m[90m.[39m[90m.[39m[90m.[39m[90m.[39m[90m.[39m[90m.[39m[90m.[39m[90m.[39m[90m.[39m[90m.[39m[90m.[39m[90m.[39m[90m.[39m[90m.[39m[90m.[39m[90m.[39m[90m.[39m[90m.[39m[90m.[39m[90m.[39m[90m.[39m[90m.[39m[90m.[39m[90m.[39m[90m.[39m[90m.[39m[90m.[39m[90m.[39m[90m.[39m[90m.[39m[90m.[39m[90m.[39m[90m.[39m[90m.[39m[90m.[39m[90m.[39m[90m.[39m[90m.[39m[90m.[39m[90m.[39m[90m.[39m[90m.[39m[90m.[39m [32;1mDONE[39;22m
2026-08-14T15:30:49.3913244Z   laravel/mcp [90m.[39m[90m.[39m[90m.[39m[90m.[39m[90m.[39m[90m.[39m[90m.[39m[90m.[39m[90m.[39m[90m.[39m[90m.[39m[90m.[39m[90m.[39m[90m.[39m[90m.[39m[90m.[39m[90m.[39m[90m.[39m[90m.[39m[90m.[39m[90m.[39m[90m.[39m[90m.[39m[90m.[39m[90m.[39m[90m.[39m[90m.[39m[90m.[39m[90m.[39m[90m.[39m[90m.[39m[90m.[39m[90m.[39m[90m.[39m[90m.[39m[90m.[39m[90m.[39m[90m.[39m[90m.[39m[90m.[39m[90m.[39m[90m.[39m[90m.[39m[90m.[39m[90m.[39m[90m.[39m[90m.[39m[90m.[39m[90m.[39m[90m.[39m[90m.[39m[90m.[39m[90m.[39m[90m.[39m[90m.[39m[90m.[39m[90m.[39m[90m.[39m[90m.[39m [32;1mDONE[39;22m
2026-08-14T15:30:49.3917739Z   laravel/octane [90m.[39m[90m.[39m[90m.[39m[90m.[39m[90m.[39m[90m.[39m[90m.[39m[90m.[39m[90m.[39m[90m.[39m[90m.[39m[90m.[39m[90m.[39m[90m.[39m[90m.[39m[90m.[39m[90m.[39m[90m.[39m[90m.[39m[90m.[39m[90m.[39m[90m.[39m[90m.[39m[90m.[39m[90m.[39m[90m.[39m[90m.[39m[90m.[39m[90m.[39m[90m.[39m[90m.[39m[90m.[39m[90m.[39m[90m.[39m[90m.[39m[90m.[39m[90m.[39m[90m.[39m[90m.[39m[90m.[39m[90m.[39m[90m.[39m[90m.[39m[90m.[39m[90m.[39m[90m.[39m[90m.[39m[90m.[39m[90m.[39m[90m.[39m[90m.[39m[90m.[39m[90m.[39m[90m.[39m[90m.[39m[90m.[39m [32;1mDONE[39;22m
2026-08-14T15:30:49.3923994Z   laravel/pail [90m.[39m[90m.[39m[90m.[39m[90m.[39m[90m.[39m[90m.[39m[90m.[39m[90m.[39m[90m.[39m[90m.[39m[90m.[39m[90m.[39m[90m.[39m[90m.[39m[90m.[39m[90m.[39m[90m.[39m[90m.[39m[90m.[39m[90m.[39m[90m.[39m[90m.[39m[90m.[39m[90m.[39m[90m.[39m[90m.[39m[90m.[39m[90m.[39m[90m.[39m[90m.[39m[90m.[39m[90m.[39m[90m.[39m[90m.[39m[90m.[39m[90m.[39m[90m.[39m[90m.[39m[90m.[39m[90m.[39m[90m.[39m[90m.[39m[90m.[39m[90m.[39m[90m.[39m[90m.[39m[90m.[39m[90m.[39m[90m.[39m[90m.[39m[90m.[39m[90m.[39m[90m.[39m[90m.[39m[90m.[39m[90m.[39m[90m.[39m[90m.[39m [32;1mDONE[39;22m
2026-08-14T15:30:49.3930277Z   laravel/passport [90m.[39m[90m.[39m[90m.[39m[90m.[39m[90m.[39m[90m.[39m[90m.[39m[90m.[39m[90m.[39m[90m.[39m[90m.[39m[90m.[39m[90m.[39m[90m.[39m[90m.[39m[90m.[39m[90m.[39m[90m.[39m[90m.[39m[90m.[39m[90m.[39m[90m.[39m[90m.[39m[90m.[39m[90m.[39m[90m.[39m[90m.[39m[90m.[39m[90m.[39m[90m.[39m[90m.[39m[90m.[39m[90m.[39m[90m.[39m[90m.[39m[90m.[39m[90m.[39m[90m.[39m[90m.[39m[90m.[39m[90m.[39m[90m.[39m[90m.[39m[90m.[39m[90m.[39m[90m.[39m[90m.[39m[90m.[39m[90m.[39m[90m.[39m[90m.[39m[90m.[39m[90m.[39m[90m.[39m [32;1mDONE[39;22m
2026-08-14T15:30:49.3935562Z   laravel/reverb [90m.[39m[90m.[39m[90m.[39m[90m.[39m[90m.[39m[90m.[39m[90m.[39m[90m.[39m[90m.[39m[90m.[39m[90m.[39m[90m.[39m[90m.[39m[90m.[39m[90m.[39m[90m.[39m[90m.[39m[90m.[39m[90m.[39m[90m.[39m[90m.[39m[90m.[39m[90m.[39m[90m.[39m[90m.[39m[90m.[39m[90m.[39m[90m.[39m[90m.[39m[90m.[39m[90m.[39m[90m.[39m[90m.[39m[90m.[39m[90m.[39m[90m.[39m[90m.[39m[90m.[39m[90m.[39m[90m.[39m[90m.[39m[90m.[39m[90m.[39m[90m.[39m[90m.[39m[90m.[39m[90m.[39m[90m.[39m[90m.[39m[90m.[39m[90m.[39m[90m.[39m[90m.[39m[90m.[39m[90m.[39m[90m.[39m [32;1mDONE[39;22m
2026-08-14T15:30:49.3939916Z   laravel/roster [90m.[39m[90m.[39m[90m.[39m[90m.[39m[90m.[39m[90m.[39m[90m.[39m[90m.[39m[90m.[39m[90m.[39m[90m.[39m[90m.[39m[90m.[39m[90m.[39m[90m.[39m[90m.[39m[90m.[39m[90m.[39m[90m.[39m[90m.[39m[90m.[39m[90m.[39m[90m.[39m[90m.[39m[90m.[39m[90m.[39m[90m.[39m[90m.[39m[90m.[39m[90m.[39m[90m.[39m[90m.[39m[90m.[39m[90m.[39m[90m.[39m[90m.[39m[90m.[39m[90m.[39m[90m.[39m[90m.[39m[90m.[39m[90m.[39m[90m.[39m[90m.[39m[90m.[39m[90m.[39m[90m.[39m[90m.[39m[90m.[39m[90m.[39m[90m.[39m[90m.[39m[90m.[39m[90m.[39m[90m.[39m[90m.[39m [32;1mDONE[39;22m
2026-08-14T15:30:49.3945197Z   laravel/scout [90m.[39m[90m.[39m[90m.[39m[90m.[39m[90m.[39m[90m.[39m[90m.[39m[90m.[39m[90m.[39m[90m.[39m[90m.[39m[90m.[39m[90m.[39m[90m.[39m[90m.[39m[90m.[39m[90m.[39m[90m.[39m[90m.[39m[90m.[39m[90m.[39m[90m.[39m[90m.[39m[90m.[39m[90m.[39m[90m.[39m[90m.[39m[90m.[39m[90m.[39m[90m.[39m[90m.[39m[90m.[39m[90m.[39m[90m.[39m[90m.[39m[90m.[39m[90m.[39m[90m.[39m[90m.[39m[90m.[39m[90m.[39m[90m.[39m[90m.[39m[90m.[39m[90m.[39m[90m.[39m[90m.[39m[90m.[39m[90m.[39m[90m.[39m[90m.[39m[90m.[39m[90m.[39m[90m.[39m[90m.[39m[90m.[39m[90m.[39m [32;1mDONE[39;22m
2026-08-14T15:30:49.3951114Z   laravel/sentinel [90m.[39m[90m.[39m[90m.[39m[90m.[39m[90m.[39m[90m.[39m[90m.[39m[90m.[39m[90m.[39m[90m.[39m[90m.[39m[90m.[39m[90m.[39m[90m.[39m[90m.[39m[90m.[39m[90m.[39m[90m.[39m[90m.[39m[90m.[39m[90m.[39m[90m.[39m[90m.[39m[90m.[39m[90m.[39m[90m.[39m[90m.[39m[90m.[39m[90m.[39m[90m.[39m[90m.[39m[90m.[39m[90m.[39m[90m.[39m[90m.[39m[90m.[39m[90m.[39m[90m.[39m[90m.[39m[90m.[39m[90m.[39m[90m.[39m[90m.[39m[90m.[39m[90m.[39m[90m.[39m[90m.[39m[90m.[39m[90m.[39m[90m.[39m[90m.[39m[90m.[39m[90m.[39m[90m.[39m [32;1mDONE[39;22m
2026-08-14T15:30:49.3957203Z   laravel/telescope [90m.[39m[90m.[39m[90m.[39m[90m.[39m[90m.[39m[90m.[39m[90m.[39m[90m.[39m[90m.[39m[90m.[39m[90m.[39m[90m.[39m[90m.[39m[90m.[39m[90m.[39m[90m.[39m[90m.[39m[90m.[39m[90m.[39m[90m.[39m[90m.[39m[90m.[39m[90m.[39m[90m.[39m[90m.[39m[90m.[39m[90m.[39m[90m.[39m[90m.[39m[90m.[39m[90m.[39m[90m.[39m[90m.[39m[90m.[39m[90m.[39m[90m.[39m[90m.[39m[90m.[39m[90m.[39m[90m.[39m[90m.[39m[90m.[39m[90m.[39m[90m.[39m[90m.[39m[90m.[39m[90m.[39m[90m.[39m[90m.[39m[90m.[39m[90m.[39m[90m.[39m[90m.[39m [32;1mDONE[39;22m
2026-08-14T15:30:49.3961337Z   laravel/tinker [90m.[39m[90m.[39m[90m.[39m[90m.[39m[90m.[39m[90m.[39m[90m.[39m[90m.[39m[90m.[39m[90m.[39m[90m.[39m[90m.[39m[90m.[39m[90m.[39m[90m.[39m[90m.[39m[90m.[39m[90m.[39m[90m.[39m[90m.[39m[90m.[39m[90m.[39m[90m.[39m[90m.[39m[90m.[39m[90m.[39m[90m.[39m[90m.[39m[90m.[39m[90m.[39m[90m.[39m[90m.[39m[90m.[39m[90m.[39m[90m.[39m[90m.[39m[90m.[39m[90m.[39m[90m.[39m[90m.[39m[90m.[39m[90m.[39m[90m.[39m[90m.[39m[90m.[39m[90m.[39m[90m.[39m[90m.[39m[90m.[39m[90m.[39m[90m.[39m[90m.[39m[90m.[39m[90m.[39m[90m.[39m[90m.[39m [32;1mDONE[39;22m
2026-08-14T15:30:49.3966212Z   laravel/ui [90m.[39m[90m.[39m[90m.[39m[90m.[39m[90m.[39m[90m.[39m[90m.[39m[90m.[39m[90m.[39m[90m.[39m[90m.[39m[90m.[39m[90m.[39m[90m.[39m[90m.[39m[90m.[39m[90m.[39m[90m.[39m[90m.[39m[90m.[39m[90m.[39m[90m.[39m[90m.[39m[90m.[39m[90m.[39m[90m.[39m[90m.[39m[90m.[39m[90m.[39m[90m.[39m[90m.[39m[90m.[39m[90m.[39m[90m.[39m[90m.[39m[90m.[39m[90m.[39m[90m.[39m[90m.[39m[90m.[39m[90m.[39m[90m.[39m[90m.[39m[90m.[39m[90m.[39m[90m.[39m[90m.[39m[90m.[39m[90m.[39m[90m.[39m[90m.[39m[90m.[39m[90m.[39m[90m.[39m[90m.[39m[90m.[39m[90m.[39m[90m.[39m[90m.[39m[90m.[39m [32;1mDONE[39;22m
2026-08-14T15:30:49.3970497Z   laravel/wayfinder [90m.[39m[90m.[39m[90m.[39m[90m.[39m[90m.[39m[90m.[39m[90m.[39m[90m.[39m[90m.[39m[90m.[39m[90m.[39m[90m.[39m[90m.[39m[90m.[39m[90m.[39m[90m.[39m[90m.[39m[90m.[39m[90m.[39m[90m.[39m[90m.[39m[90m.[39m[90m.[39m[90m.[39m[90m.[39m[90m.[39m[90m.[39m[90m.[39m[90m.[39m[90m.[39m[90m.[39m[90m.[39m[90m.[39m[90m.[39m[90m.[39m[90m.[39m[90m.[39m[90m.[39m[90m.[39m[90m.[39m[90m.[39m[90m.[39m[90m.[39m[90m.[39m[90m.[39m[90m.[39m[90m.[39m[90m.[39m[90m.[39m[90m.[39m[90m.[39m[90m.[39m[90m.[39m [32;1mDONE[39;22m
2026-08-14T15:30:49.3976106Z   maatwebsite/excel [90m.[39m[90m.[39m[90m.[39m[90m.[39m[90m.[39m[90m.[39m[90m.[39m[90m.[39m[90m.[39m[90m.[39m[90m.[39m[90m.[39m[90m.[39m[90m.[39m[90m.[39m[90m.[39m[90m.[39m[90m.[39m[90m.[39m[90m.[39m[90m.[39m[90m.[39m[90m.[39m[90m.[39m[90m.[39m[90m.[39m[90m.[39m[90m.[39m[90m.[39m[90m.[39m[90m.[39m[90m.[39m[90m.[39m[90m.[39m[90m.[39m[90m.[39m[90m.[39m[90m.[39m[90m.[39m[90m.[39m[90m.[39m[90m.[39m[90m.[39m[90m.[39m[90m.[39m[90m.[39m[90m.[39m[90m.[39m[90m.[39m[90m.[39m[90m.[39m[90m.[39m[90m.[39m [32;1mDONE[39;22m
2026-08-14T15:30:49.3980288Z   milon/barcode [90m.[39m[90m.[39m[90m.[39m[90m.[39m[90m.[39m[90m.[39m[90m.[39m[90m.[39m[90m.[39m[90m.[39m[90m.[39m[90m.[39m[90m.[39m[90m.[39m[90m.[39m[90m.[39m[90m.[39m[90m.[39m[90m.[39m[90m.[39m[90m.[39m[90m.[39m[90m.[39m[90m.[39m[90m.[39m[90m.[39m[90m.[39m[90m.[39m[90m.[39m[90m.[39m[90m.[39m[90m.[39m[90m.[39m[90m.[39m[90m.[39m[90m.[39m[90m.[39m[90m.[39m[90m.[39m[90m.[39m[90m.[39m[90m.[39m[90m.[39m[90m.[39m[90m.[39m[90m.[39m[90m.[39m[90m.[39m[90m.[39m[90m.[39m[90m.[39m[90m.[39m[90m.[39m[90m.[39m[90m.[39m[90m.[39m[90m.[39m [32;1mDONE[39;22m
2026-08-14T15:30:49.3984483Z   myfatoorah/laravel-package [90m.[39m[90m.[39m[90m.[39m[90m.[39m[90m.[39m[90m.[39m[90m.[39m[90m.[39m[90m.[39m[90m.[39m[90m.[39m[90m.[39m[90m.[39m[90m.[39m[90m.[39m[90m.[39m[90m.[39m[90m.[39m[90m.[39m[90m.[39m[90m.[39m[90m.[39m[90m.[39m[90m.[39m[90m.[39m[90m.[39m[90m.[39m[90m.[39m[90m.[39m[90m.[39m[90m.[39m[90m.[39m[90m.[39m[90m.[39m[90m.[39m[90m.[39m[90m.[39m[90m.[39m[90m.[39m[90m.[39m[90m.[39m[90m.[39m[90m.[39m[90m.[39m [32;1mDONE[39;22m
2026-08-14T15:30:49.3988467Z   nesbot/carbon [90m.[39m[90m.[39m[90m.[39m[90m.[39m[90m.[39m[90m.[39m[90m.[39m[90m.[39m[90m.[39m[90m.[39m[90m.[39m[90m.[39m[90m.[39m[90m.[39m[90m.[39m[90m.[39m[90m.[39m[90m.[39m[90m.[39m[90m.[39m[90m.[39m[90m.[39m[90m.[39m[90m.[39m[90m.[39m[90m.[39m[90m.[39m[90m.[39m[90m.[39m[90m.[39m[90m.[39m[90m.[39m[90m.[39m[90m.[39m[90m.[39m[90m.[39m[90m.[39m[90m.[39m[90m.[39m[90m.[39m[90m.[39m[90m.[39m[90m.[39m[90m.[39m[90m.[39m[90m.[39m[90m.[39m[90m.[39m[90m.[39m[90m.[39m[90m.[39m[90m.[39m[90m.[39m[90m.[39m[90m.[39m[90m.[39m[90m.[39m [32;1mDONE[39;22m
2026-08-14T15:30:49.3992763Z   nunomaduro/collision [90m.[39m[90m.[39m[90m.[39m[90m.[39m[90m.[39m[90m.[39m[90m.[39m[90m.[39m[90m.[39m[90m.[39m[90m.[39m[90m.[39m[90m.[39m[90m.[39m[90m.[39m[90m.[39m[90m.[39m[90m.[39m[90m.[39m[90m.[39m[90m.[39m[90m.[39m[90m.[39m[90m.[39m[90m.[39m[90m.[39m[90m.[39m[90m.[39m[90m.[39m[90m.[39m[90m.[39m[90m.[39m[90m.[39m[90m.[39m[90m.[39m[90m.[39m[90m.[39m[90m.[39m[90m.[39m[90m.[39m[90m.[39m[90m.[39m[90m.[39m[90m.[39m[90m.[39m[90m.[39m[90m.[39m[90m.[39m[90m.[39m[90m.[39m [32;1mDONE[39;22m
2026-08-14T15:30:49.3996699Z   nunomaduro/termwind [90m.[39m[90m.[39m[90m.[39m[90m.[39m[90m.[39m[90m.[39m[90m.[39m[90m.[39m[90m.[39m[90m.[39m[90m.[39m[90m.[39m[90m.[39m[90m.[39m[90m.[39m[90m.[39m[90m.[39m[90m.[39m[90m.[39m[90m.[39m[90m.[39m[90m.[39m[90m.[39m[90m.[39m[90m.[39m[90m.[39m[90m.[39m[90m.[39m[90m.[39m[90m.[39m[90m.[39m[90m.[39m[90m.[39m[90m.[39m[90m.[39m[90m.[39m[90m.[39m[90m.[39m[90m.[39m[90m.[39m[90m.[39m[90m.[39m[90m.[39m[90m.[39m[90m.[39m[90m.[39m[90m.[39m[90m.[39m[90m.[39m[90m.[39m[90m.[39m [32;1mDONE[39;22m
2026-08-14T15:30:49.4000485Z   nwidart/laravel-modules [90m.[39m[90m.[39m[90m.[39m[90m.[39m[90m.[39m[90m.[39m[90m.[39m[90m.[39m[90m.[39m[90m.[39m[90m.[39m[90m.[39m[90m.[39m[90m.[39m[90m.[39m[90m.[39m[90m.[39m[90m.[39m[90m.[39m[90m.[39m[90m.[39m[90m.[39m[90m.[39m[90m.[39m[90m.[39m[90m.[39m[90m.[39m[90m.[39m[90m.[39m[90m.[39m[90m.[39m[90m.[39m[90m.[39m[90m.[39m[90m.[39m[90m.[39m[90m.[39m[90m.[39m[90m.[39m[90m.[39m[90m.[39m[90m.[39m[90m.[39m[90m.[39m[90m.[39m[90m.[39m[90m.[39m [32;1mDONE[39;22m
2026-08-14T15:30:49.4004883Z   pestphp/pest-plugin-laravel [90m.[39m[90m.[39m[90m.[39m[90m.[39m[90m.[39m[90m.[39m[90m.[39m[90m.[39m[90m.[39m[90m.[39m[90m.[39m[90m.[39m[90m.[39m[90m.[39m[90m.[39m[90m.[39m[90m.[39m[90m.[39m[90m.[39m[90m.[39m[90m.[39m[90m.[39m[90m.[39m[90m.[39m[90m.[39m[90m.[39m[90m.[39m[90m.[39m[90m.[39m[90m.[39m[90m.[39m[90m.[39m[90m.[39m[90m.[39m[90m.[39m[90m.[39m[90m.[39m[90m.[39m[90m.[39m[90m.[39m[90m.[39m[90m.[39m[90m.[39m [32;1mDONE[39;22m
2026-08-14T15:30:49.4008562Z   sentry/sentry-laravel [90m.[39m[90m.[39m[90m.[39m[90m.[39m[90m.[39m[90m.[39m[90m.[39m[90m.[39m[90m.[39m[90m.[39m[90m.[39m[90m.[39m[90m.[39m[90m.[39m[90m.[39m[90m.[39m[90m.[39m[90m.[39m[90m.[39m[90m.[39m[90m.[39m[90m.[39m[90m.[39m[90m.[39m[90m.[39m[90m.[39m[90m.[39m[90m.[39m[90m.[39m[90m.[39m[90m.[39m[90m.[39m[90m.[39m[90m.[39m[90m.[39m[90m.[39m[90m.[39m[90m.[39m[90m.[39m[90m.[39m[90m.[39m[90m.[39m[90m.[39m[90m.[39m[90m.[39m[90m.[39m[90m.[39m[90m.[39m[90m.[39m [32;1mDONE[39;22m
2026-08-14T15:30:49.4012600Z   spatie/laravel-activitylog [90m.[39m[90m.[39m[90m.[39m[90m.[39m[90m.[39m[90m.[39m[90m.[39m[90m.[39m[90m.[39m[90m.[39m[90m.[39m[90m.[39m[90m.[39m[90m.[39m[90m.[39m[90m.[39m[90m.[39m[90m.[39m[90m.[39m[90m.[39m[90m.[39m[90m.[39m[90m.[39m[90m.[39m[90m.[39m[90m.[39m[90m.[39m[90m.[39m[90m.[39m[90m.[39m[90m.[39m[90m.[39m[90m.[39m[90m.[39m[90m.[39m[90m.[39m[90m.[39m[90m.[39m[90m.[39m[90m.[39m[90m.[39m[90m.[39m[90m.[39m[90m.[39m [32;1mDONE[39;22m
2026-08-14T15:30:49.4016773Z   spatie/laravel-backup [90m.[39m[90m.[39m[90m.[39m[90m.[39m[90m.[39m[90m.[39m[90m.[39m[90m.[39m[90m.[39m[90m.[39m[90m.[39m[90m.[39m[90m.[39m[90m.[39m[90m.[39m[90m.[39m[90m.[39m[90m.[39m[90m.[39m[90m.[39m[90m.[39m[90m.[39m[90m.[39m[90m.[39m[90m.[39m[90m.[39m[90m.[39m[90m.[39m[90m.[39m[90m.[39m[90m.[39m[90m.[39m[90m.[39m[90m.[39m[90m.[39m[90m.[39m[90m.[39m[90m.[39m[90m.[39m[90m.[39m[90m.[39m[90m.[39m[90m.[39m[90m.[39m[90m.[39m[90m.[39m[90m.[39m[90m.[39m[90m.[39m [32;1mDONE[39;22m
2026-08-14T15:30:49.4021103Z   spatie/laravel-html [90m.[39m[90m.[39m[90m.[39m[90m.[39m[90m.[39m[90m.[39m[90m.[39m[90m.[39m[90m.[39m[90m.[39m[90m.[39m[90m.[39m[90m.[39m[90m.[39m[90m.[39m[90m.[39m[90m.[39m[90m.[39m[90m.[39m[90m.[39m[90m.[39m[90m.[39m[90m.[39m[90m.[39m[90m.[39m[90m.[39m[90m.[39m[90m.[39m[90m.[39m[90m.[39m[90m.[39m[90m.[39m[90m.[39m[90m.[39m[90m.[39m[90m.[39m[90m.[39m[90m.[39m[90m.[39m[90m.[39m[90m.[39m[90m.[39m[90m.[39m[90m.[39m[90m.[39m[90m.[39m[90m.[39m[90m.[39m[90m.[39m[90m.[39m[90m.[39m [32;1mDONE[39;22m
2026-08-14T15:30:49.4025181Z   spatie/laravel-ignition [90m.[39m[90m.[39m[90m.[39m[90m.[39m[90m.[39m[90m.[39m[90m.[39m[90m.[39m[90m.[39m[90m.[39m[90m.[39m[90m.[39m[90m.[39m[90m.[39m[90m.[39m[90m.[39m[90m.[39m[90m.[39m[90m.[39m[90m.[39m[90m.[39m[90m.[39m[90m.[39m[90m.[39m[90m.[39m[90m.[39m[90m.[39m[90m.[39m[90m.[39m[90m.[39m[90m.[39m[90m.[39m[90m.[39m[90m.[39m[90m.[39m[90m.[39m[90m.[39m[90m.[39m[90m.[39m[90m.[39m[90m.[39m[90m.[39m[90m.[39m[90m.[39m[90m.[39m[90m.[39m[90m.[39m [32;1mDONE[39;22m
2026-08-14T15:30:49.4028862Z   spatie/laravel-permission [90m.[39m[90m.[39m[90m.[39m[90m.[39m[90m.[39m[90m.[39m[90m.[39m[90m.[39m[90m.[39m[90m.[39m[90m.[39m[90m.[39m[90m.[39m[90m.[39m[90m.[39m[90m.[39m[90m.[39m[90m.[39m[90m.[39m[90m.[39m[90m.[39m[90m.[39m[90m.[39m[90m.[39m[90m.[39m[90m.[39m[90m.[39m[90m.[39m[90m.[39m[90m.[39m[90m.[39m[90m.[39m[90m.[39m[90m.[39m[90m.[39m[90m.[39m[90m.[39m[90m.[39m[90m.[39m[90m.[39m[90m.[39m[90m.[39m[90m.[39m[90m.[39m[90m.[39m [32;1mDONE[39;22m
2026-08-14T15:30:49.4032274Z   spatie/laravel-signal-aware-command [90m.[39m[90m.[39m[90m.[39m[90m.[39m[90m.[39m[90m.[39m[90m.[39m[90m.[39m[90m.[39m[90m.[39m[90m.[39m[90m.[39m[90m.[39m[90m.[39m[90m.[39m[90m.[39m[90m.[39m[90m.[39m[90m.[39m[90m.[39m[90m.[39m[90m.[39m[90m.[39m[90m.[39m[90m.[39m[90m.[39m[90m.[39m[90m.[39m[90m.[39m[90m.[39m[90m.[39m[90m.[39m[90m.[39m[90m.[39m[90m.[39m [32;1mDONE[39;22m
2026-08-14T15:30:49.4036367Z   srmklive/paypal [90m.[39m[90m.[39m[90m.[39m[90m.[39m[90m.[39m[90m.[39m[90m.[39m[90m.[39m[90m.[39m[90m.[39m[90m.[39m[90m.[39m[90m.[39m[90m.[39m[90m.[39m[90m.[39m[90m.[39m[90m.[39m[90m.[39m[90m.[39m[90m.[39m[90m.[39m[90m.[39m[90m.[39m[90m.[39m[90m.[39m[90m.[39m[90m.[39m[90m.[39m[90m.[39m[90m.[39m[90m.[39m[90m.[39m[90m.[39m[90m.[39m[90m.[39m[90m.[39m[90m.[39m[90m.[39m[90m.[39m[90m.[39m[90m.[39m[90m.[39m[90m.[39m[90m.[39m[90m.[39m[90m.[39m[90m.[39m[90m.[39m[90m.[39m[90m.[39m[90m.[39m[90m.[39m[90m.[39m[90m.[39m [32;1mDONE[39;22m
2026-08-14T15:30:49.4040194Z   tightenco/ziggy [90m.[39m[90m.[39m[90m.[39m[90m.[39m[90m.[39m[90m.[39m[90m.[39m[90m.[39m[90m.[39m[90m.[39m[90m.[39m[90m.[39m[90m.[39m[90m.[39m[90m.[39m[90m.[39m[90m.[39m[90m.[39m[90m.[39m[90m.[39m[90m.[39m[90m.[39m[90m.[39m[90m.[39m[90m.[39m[90m.[39m[90m.[39m[90m.[39m[90m.[39m[90m.[39m[90m.[39m[90m.[39m[90m.[39m[90m.[39m[90m.[39m[90m.[39m[90m.[39m[90m.[39m[90m.[39m[90m.[39m[90m.[39m[90m.[39m[90m.[39m[90m.[39m[90m.[39m[90m.[39m[90m.[39m[90m.[39m[90m.[39m[90m.[39m[90m.[39m[90m.[39m[90m.[39m[90m.[39m[90m.[39m [32;1mDONE[39;22m
2026-08-14T15:30:49.4043305Z   yajra/laravel-datatables-oracle [90m.[39m[90m.[39m[90m.[39m[90m.[39m[90m.[39m[90m.[39m[90m.[39m[90m.[39m[90m.[39m[90m.[39m[90m.[39m[90m.[39m[90m.[39m[90m.[39m[90m.[39m[90m.[39m[90m.[39m[90m.[39m[90m.[39m[90m.[39m[90m.[39m[90m.[39m[90m.[39m[90m.[39m[90m.[39m[90m.[39m[90m.[39m[90m.[39m[90m.[39m[90m.[39m[90m.[39m[90m.[39m[90m.[39m[90m.[39m[90m.[39m[90m.[39m[90m.[39m[90m.[39m[90m.[39m [32;1mDONE[39;22m
2026-08-14T15:30:49.4044675Z 
2026-08-14T15:30:49.5046591Z PHP Warning:  The opentelemetry extension must be loaded in order to autoload the OpenTelemetry Laravel auto-instrumentation in /home/runner/work/oimpresso.com/oimpresso.com/vendor/open-telemetry/opentelemetry-auto-laravel/_register.php on line 13
2026-08-14T15:30:49.9252580Z 
2026-08-14T15:30:49.9253749Z    INFO  Preparing database.  
2026-08-14T15:30:49.9254092Z 
2026-08-14T15:30:49.9390379Z   Creating migration table ...................................... 12.91ms DONE
2026-08-14T15:30:49.9390977Z 
2026-08-14T15:30:49.9437834Z    INFO  Loading stored database schemas.  
2026-08-14T15:30:49.9438278Z 
2026-08-14T15:30:57.2392175Z   database/schema/mysql-schema.sql ................................... 7s DONE
2026-08-14T15:30:57.2392800Z 
2026-08-14T15:30:57.2553317Z    INFO  Running migrations.  
2026-08-14T15:30:57.2553977Z 
2026-08-14T15:30:57.2703747Z   2026_05_16_120000_create_mcp_module_grades_history_table ...... 14.66ms DONE
2026-08-14T15:30:57.3025396Z   2026_05_17_000001_create_mcp_scorecard_runs_table ............. 30.23ms DONE
2026-08-14T15:30:57.6366134Z   2026_05_17_000002_create_mcp_observability_spans_table ....... 332.03ms DONE
2026-08-14T15:30:57.6985519Z   2026_05_17_000003_create_mcp_governance_initiatives_table ..... 60.20ms DONE
2026-08-14T15:30:58.0584123Z   2026_06_05_120000_add_vehicle_id_to_transactions ............. 357.66ms DONE
2026-08-14T15:30:58.0926367Z   2026_06_05_120000_create_jana_ui_judge_runs_table ............. 32.34ms DONE
2026-08-14T15:30:58.1417229Z   2026_06_08_120000_add_fin_titulo_to_cobrancas_origem_type ..... 47.29ms DONE
2026-08-14T15:30:58.1926302Z   2026_06_09_000001_erradica_locacao_from_order_type ............ 48.84ms DONE
2026-08-14T15:30:58.1993987Z   2026_06_09_000002_backfill_order_type_mecanica_legacy .......... 3.21ms DONE
2026-08-14T15:30:58.2041719Z   2026_06_09_000003_rename_cacamba_locacao_stage_labels .......... 3.19ms DONE
2026-08-14T15:30:58.3159413Z   2026_06_09_130001_add_approval_tracking_to_service_orders .... 110.09ms DONE
2026-08-14T15:30:58.3219869Z   2026_06_10_000000_seed_oficina_mecanica_os_process_existing_businesses  4.14ms DONE
2026-08-14T15:30:58.3467620Z   2026_06_10_000001_create_whatsapp_queues_table ................ 22.86ms DONE
2026-08-14T15:30:58.3555657Z   2026_06_10_000001_repoint_orphan_service_orders_from_legacy_pipelines  7.00ms DONE
2026-08-14T15:30:58.3826584Z   2026_06_10_000002_add_queue_override_to_conversations ......... 25.29ms DONE
2026-08-14T15:30:58.3889867Z   2026_06_10_000002_rename_cacamba_locacao_action_labels ......... 4.56ms DONE
2026-08-14T15:30:58.5182081Z   2026_06_10_000003_create_whatsapp_broadcasts_table ........... 127.51ms DONE
2026-08-14T15:30:58.5360693Z   2026_06_12_100000_create_mcp_sdd_scorecard_history_table ...... 15.68ms DONE
2026-08-14T15:30:58.5408932Z   2026_06_13_080000_alter_payment_gateway_credentials_config_json_to_longtext  2.21ms DONE
2026-08-14T15:30:58.5720910Z   2026_06_13_120000_enforce_single_active_channel_user_access ... 29.65ms DONE
2026-08-14T15:30:58.5962984Z   2026_06_14_120000_add_soft_deletes_to_mcp_tokens_table ........ 21.37ms DONE
2026-08-14T15:30:58.6225005Z   2026_06_15_100000_create_mcp_ingest_heartbeat_table ........... 23.85ms DONE
2026-08-14T15:30:58.6653147Z   2026_06_15_140000_create_mcp_work_leases_table ................ 41.00ms DONE
2026-08-14T15:30:58.6986511Z   2026_06_15_150000_add_acceptance_ref_to_mcp_tasks ............. 31.13ms DONE
2026-08-14T15:30:58.7072912Z   2026_06_15_160000_add_immutability_triggers_to_mcp_task_events . 7.01ms DONE
2026-08-14T15:30:58.7386777Z   2026_06_17_120000_create_cowork_handoffs_table ................ 29.55ms DONE
2026-08-14T15:30:58.7877994Z   2026_06_17_120000_create_error_groups_table ................... 47.29ms DONE
2026-08-14T15:30:58.8114983Z   2026_06_19_000001_create_channel_health_snapshots_table ....... 21.77ms DONE
2026-08-14T15:30:58.8655890Z   2026_06_20_000001_add_hash_chain_to_mcp_audit_log ............. 52.37ms DONE
2026-08-14T15:30:58.9488187Z   2026_06_20_000002_add_event_time_to_jana_memoria_facts ........ 80.36ms DONE
2026-08-14T15:30:58.9689057Z   2026_06_21_000001_create_jana_health_write_canary_table ....... 17.52ms DONE
2026-08-14T15:30:58.9797708Z   2026_06_22_120000_add_officeimpresso_clientes_liberar_permission  9.27ms DONE
2026-08-14T15:30:59.0162945Z   2026_06_23_120000_add_confidence_to_jana_ui_judge_runs ........ 35.04ms DONE
2026-08-14T15:30:59.0586396Z   2026_06_23_120000_create_support_agents_table ................. 40.39ms DONE
2026-08-14T15:30:59.1037683Z   2026_06_23_130000_create_support_access_logs_table ............ 43.44ms DONE
2026-08-14T15:30:59.1552272Z   2026_06_24_120000_add_target_user_id_to_support_access_logs_table  49.80ms DONE
2026-08-14T15:30:59.1800814Z   2026_07_02_000001_widen_arquivos_audit_log_action_enum ........ 22.90ms DONE
2026-08-14T15:30:59.1980115Z   2026_07_03_000000_add_reforma_tributaria_modo_to_nfe_business_configs  15.74ms DONE
2026-08-14T15:30:59.2214877Z   2026_07_09_120000_create_route_hits_table ..................... 21.62ms DONE
2026-08-14T15:30:59.4002358Z   2026_07_17_100000_add_web_form_channel_to_clients_feedbacks .. 177.07ms DONE
2026-08-14T15:30:59.4863215Z   2026_07_18_120000_add_model_to_mcp_cc_messages ................ 83.99ms DONE
2026-08-14T15:30:59.5903790Z   2026_07_22_100000_add_briefing_surface_to_mcp_type_enum ...... 101.71ms DONE
2026-08-14T15:30:59.6379381Z   2026_07_23_100000_add_code_drift_state_to_kb_nodes ............ 45.67ms DONE
2026-08-14T15:30:59.6868482Z   2026_07_23_110000_create_kb_health_history_table .............. 46.61ms DONE
2026-08-14T15:30:59.7246295Z   2026_07_28_100000_create_voz_sinais_table ..................... 35.36ms DONE
2026-08-14T15:30:59.7428596Z   2026_07_28_120000_create_mcp_handoff_drafts_table ............. 16.36ms DONE
2026-08-14T15:30:59.7947205Z   2026_07_29_160000_drop_docs_tables_srs_deprecacao ............. 50.10ms DONE
2026-08-14T15:30:59.8010390Z   2026_07_31_230000_remove_ads_orphan_permissions ................ 4.23ms DONE
2026-08-14T15:30:59.8453194Z   2026_07_31_235000_drop_ads_dual_brain_core_tables ............. 42.64ms DONE
2026-08-14T15:30:59.9424837Z   2026_08_02_100000_add_charter_casos_to_mcp_type_enum .......... 95.00ms DONE
2026-08-14T15:31:00.0393711Z   2026_08_04_100000_add_feature_to_mcp_memory_documents_type_enum  95.45ms DONE
2026-08-14T15:31:00.0817887Z   2026_08_04_190000_add_pending_approval_status_to_mcp_tasks .... 40.90ms DONE
2026-08-14T15:31:00.1081459Z   2026_08_10_000001_widen_arquivos_audit_log_action_enum_exported  24.59ms DONE
2026-08-14T15:31:00.1149867Z   2026_08_10_120000_seed_actor_claude_slug_de_owner .............. 3.91ms DONE
2026-08-14T15:31:00.1162616Z 
2026-08-14T15:31:00.1295406Z === schema-squash check: tabelas criadas ===
2026-08-14T15:31:00.2184982Z PHP Warning:  The opentelemetry extension must be loaded in order to autoload the OpenTelemetry Laravel auto-instrumentation in /home/runner/work/oimpresso.com/oimpresso.com/vendor/open-telemetry/opentelemetry-auto-laravel/_register.php on line 13
2026-08-14T15:31:00.7197334Z 386 tabelas
2026-08-14T15:31:00.7378769Z ##[group]Run php artisan db:seed --force
2026-08-14T15:31:00.7379526Z [36;1mphp artisan db:seed --force[0m
2026-08-14T15:31:00.7380233Z [36;1mphp artisan db:seed --class=Database\\Seeders\\VisregTenantSeeder --force[0m
2026-08-14T15:31:00.7381232Z [36;1m# Título determinístico semeado ANTES do servidor Browser subir. Os fluxos[0m
2026-08-14T15:31:00.7382176Z [36;1m# Financeiro precisam de linha aberta para drawer, baixa e lote.[0m
2026-08-14T15:31:00.7383167Z [36;1mphp artisan db:seed --class=Database\\Seeders\\VisregFinanceiroFlowSeeder --force[0m
2026-08-14T15:31:00.7384492Z [36;1m# TENANT-B SENTINELA (gate L3 Tier 0 — Tier0RenderIsolationTest): business 99 +[0m
2026-08-14T15:31:00.7385486Z [36;1m# admin id=99 + dado com token ZZLEAK99 nos campos visíveis. Sem este segundo[0m
2026-08-14T15:31:00.7386443Z [36;1m# tenant é IMPOSSÍVEL provar não-vazamento no render (o VisregTenantSeeder é[0m
2026-08-14T15:31:00.7387546Z [36;1m# mono-tenant). GATE REAL — se quebrar, o job falha. Vide VisregTenantBLeakSeeder.php.[0m
2026-08-14T15:31:00.7388595Z [36;1mphp artisan db:seed --class=Database\\Seeders\\VisregTenantBLeakSeeder --force[0m
2026-08-14T15:31:00.7389651Z [36;1m# TENANT-VAZIO (gate L2 estado `empty`): business 98 + admin id=98, scaffold-only[0m
2026-08-14T15:31:00.7390667Z [36;1m# (zero dado de dominio) → as telas-lista renderizam o empty-state REAL e estavel.[0m
2026-08-14T15:31:00.7391656Z [36;1m# GATE REAL — se quebrar, o job falha. Vide VisregEmptyTenantSeeder.php.[0m
2026-08-14T15:31:00.7392672Z [36;1mphp artisan db:seed --class=Database\\Seeders\\VisregEmptyTenantSeeder --force[0m
2026-08-14T15:31:00.7393922Z [36;1m# PIPELINE FSM DA OFICINA (gate L2 estados `default`/`dark` do oficina-os): o Quadro de[0m
2026-08-14T15:31:00.7394975Z [36;1m# OS é data-driven pelas etapas do processo `oficina_mecanica_os` — sem ele a tela cai[0m
2026-08-14T15:31:00.7396102Z [36;1m# no EmptyProcessState ("Quadro ainda não configurado"), ou seja, o FSM é PRÉ-CONDIÇÃO[0m
2026-08-14T15:31:00.7397171Z [36;1m# DE RENDER. Até 2026-07-16 nenhum seeder daqui semeava Oficina: o que fazia o kanban[0m
2026-08-14T15:31:00.7398312Z [36;1m# aparecer era VAZAMENTO do ConformanceProbesTest (que chama OficinaAutoFsmSeeder pra si[0m
2026-08-14T15:31:00.7399488Z [36;1m# e cujo afterEach nunca limpa o processo). Como aquele step é pulado no workflow_dispatch[0m
2026-08-14T15:31:00.7400592Z [36;1m# (`if: github.event_name != 'workflow_dispatch'`), o modo UPDATE gerava baseline com a[0m
2026-08-14T15:31:00.7401701Z [36;1m# tela não-configurada e o modo VERIFY a rejeitava (diff 6.7793% > τ_alto 2%, idêntico[0m
2026-08-14T15:31:00.7402758Z [36;1m# nos runs 29512533782/29514784095). Este seeder ESTABELECE a pré-condição nos DOIS[0m
2026-08-14T15:31:00.7404464Z [36;1m# modos em vez de herdar o vazamento. Zero-delta no verify: é o MESMO seeder canônico[0m
2026-08-14T15:31:00.7405518Z [36;1m# que já rodava de carona. Só biz=1 — o biz=98 fica sem FSM de propósito (estado[0m
2026-08-14T15:31:00.7406578Z [36;1m# `empty`). GATE REAL — se quebrar, o job falha. Vide VisregOficinaFsmSeeder.php.[0m
2026-08-14T15:31:00.7407631Z [36;1mphp artisan db:seed --class=Database\\Seeders\\VisregOficinaFsmSeeder --force[0m
2026-08-14T15:31:00.7408699Z [36;1m# DADO do Quadro (estado `default` do oficina-os). O seeder ACIMA dá a pré-condição (as[0m
2026-08-14T15:31:00.7409735Z [36;1m# 6 etapas); este dá as OS. Sem ele o `default` fotografava o kanban com 0 OS e KPIs[0m
2026-08-14T15:31:00.7410787Z [36;1m# zerados — medido 2026-07-16 decodificando as .snap commitadas —, enquanto o docblock[0m
2026-08-14T15:31:00.7412310Z [36;1m# do IsolatedStatesBaselineTest promete que `default` é "o estado SEEDADO de cada tela".[0m
2026-08-14T15:31:00.7415697Z [36;1m# Quadro vazio => `default` ≡ `empty` a menos da flag process_seeded, e a única coisa[0m
2026-08-14T15:31:00.7416824Z [36;1m# que podia se mover entre 2 renders era ela (kanban vazio ⇄ "não configurado") — a[0m
2026-08-14T15:31:00.7418183Z [36;1m# faixa de ~10% que vinha sendo lida como flakiness. O DADO É A SONDA: com 6 cards,[0m
2026-08-14T15:31:00.7419289Z [36;1m# perder a pré-condição vira diff >> τ_alto e o gate GRITA, em vez de trocar um vazio[0m
2026-08-14T15:31:00.7420292Z [36;1m# por outro. Só biz=1 (ADR 0101); biz=98 segue sem OS (estado `empty`).[0m
2026-08-14T15:31:00.7421280Z [36;1mphp artisan db:seed --class=Database\\Seeders\\VisregOficinaBoardSeeder --force[0m
2026-08-14T15:31:00.7422074Z [36;1mecho "=== seed check ==="[0m
2026-08-14T15:31:00.7423041Z [36;1mphp artisan tinker --execute="echo 'business='.\App\Business::count().' users='.\App\User::count().' roles='.\Spatie\Permission\Models\Role::count().' fin_titulos='.DB::table('fin_titulos')->where('business_id', 1)->count();"[0m
2026-08-14T15:31:00.7424437Z [36;1m# PROVA da pré-condição do oficina-os (a sonda que o defeito 2 não tinha): conta os[0m
2026-08-14T15:31:00.7425050Z [36;1m# stages do processo da Oficina no biz=1. Espera-se > 0 nos DOIS modos — se um dispatch[0m
2026-08-14T15:31:00.7425636Z [36;1m# voltar a imprimir 0, a baseline de `dark`/`default` nasceria errada OUTRA VEZ.[0m
2026-08-14T15:31:00.7426807Z [36;1mphp artisan tinker --execute="echo 'oficina_stages_biz1='.DB::table('sale_process_stages')->join('sale_processes','sale_processes.id','=','sale_process_stages.process_id')->where('sale_processes.business_id',1)->where('sale_processes.key','oficina_mecanica_os')->count();"[0m
2026-08-14T15:31:00.7428011Z [36;1m# Contagem das OS do fixture do Quadro. Espera-se 6 (1 por coluna) nos DOIS modos. Se[0m
2026-08-14T15:31:00.7428581Z [36;1m# voltar 0, o `default` regrediu pro quadro vazio — e aí a baseline não deve ser[0m
2026-08-14T15:31:00.7429125Z [36;1m# regravada, tem que se achar quem comeu o dado. ⚠️ Esta sonda mede o SEED, não o[0m
2026-08-14T15:31:00.7429689Z [36;1m# RENDER: quem prova o render é a própria baseline (6 cards). A lição do defeito 2 foi[0m
2026-08-14T15:31:00.7430211Z [36;1m# essa — sonda no momento errado não flagra tela degradada.[0m
2026-08-14T15:31:00.7430980Z [36;1mphp artisan tinker --execute="echo 'oficina_os_fixture_biz1='.DB::table('service_orders')->where('business_id',1)->where('notes','like','VISREG-BOARD%')->count();"[0m
2026-08-14T15:31:00.7470445Z shell: /usr/bin/bash -e {0}
2026-08-14T15:31:00.7470702Z env:
2026-08-14T15:31:00.7470908Z   VISREG_GRAY_APPROVED: 0
2026-08-14T15:31:00.7471167Z   COMPOSER_PROCESS_TIMEOUT: 0
2026-08-14T15:31:00.7471422Z   COMPOSER_NO_INTERACTION: 1
2026-08-14T15:31:00.7471665Z   COMPOSER_NO_AUDIT: 1
2026-08-14T15:31:00.7471901Z ##[endgroup]
2026-08-14T15:31:00.8414113Z PHP Warning:  The opentelemetry extension must be loaded in order to autoload the OpenTelemetry Laravel auto-instrumentation in /home/runner/work/oimpresso.com/oimpresso.com/vendor/open-telemetry/opentelemetry-auto-laravel/_register.php on line 13
2026-08-14T15:31:01.2584609Z 
2026-08-14T15:31:01.2585127Z    INFO  Seeding database.  
2026-08-14T15:31:01.2585398Z 
2026-08-14T15:31:01.2596268Z   Database\Seeders\BarcodesTableSeeder ............................... RUNNING  
2026-08-14T15:31:01.2777067Z   Database\Seeders\BarcodesTableSeeder ............................ 17 ms DONE  
2026-08-14T15:31:01.2777472Z 
2026-08-14T15:31:01.2782411Z   Database\Seeders\PermissionsTableSeeder ............................ RUNNING  
2026-08-14T15:31:01.2839753Z   Database\Seeders\PermissionsTableSeeder .......................... 5 ms DONE  
2026-08-14T15:31:01.2840411Z 
2026-08-14T15:31:01.2849903Z   Database\Seeders\CurrenciesTableSeeder ............................. RUNNING  
2026-08-14T15:31:01.2934924Z   Database\Seeders\CurrenciesTableSeeder ........................... 8 ms DONE  
2026-08-14T15:31:01.2935582Z 
2026-08-14T15:31:01.2940646Z   Database\Seeders\BusinessLegacyOriginSeeder ........................ RUNNING  
2026-08-14T15:31:01.3105721Z BusinessLegacyOriginSeeder: 0 business(es) marcados, 6 candidato(s) sem match (já marcado, ausente, ou nome divergente).
2026-08-14T15:31:01.3112074Z   Database\Seeders\BusinessLegacyOriginSeeder ..................... 16 ms DONE  
2026-08-14T15:31:01.3112539Z 
2026-08-14T15:31:01.4138193Z PHP Warning:  The opentelemetry extension must be loaded in order to autoload the OpenTelemetry Laravel auto-instrumentation in /home/runner/work/oimpresso.com/oimpresso.com/vendor/open-telemetry/opentelemetry-auto-laravel/_register.php on line 13
2026-08-14T15:31:01.8384047Z 
2026-08-14T15:31:01.8384670Z    INFO  Seeding database.  
2026-08-14T15:31:01.8384982Z 
2026-08-14T15:31:01.9740179Z PHP Warning:  The opentelemetry extension must be loaded in order to autoload the OpenTelemetry Laravel auto-instrumentation in /home/runner/work/oimpresso.com/oimpresso.com/vendor/open-telemetry/opentelemetry-auto-laravel/_register.php on line 13
2026-08-14T15:31:02.3873197Z 
2026-08-14T15:31:02.3873948Z    INFO  Seeding database.  
2026-08-14T15:31:02.3874436Z 
2026-08-14T15:31:02.5042975Z PHP Warning:  The opentelemetry extension must be loaded in order to autoload the OpenTelemetry Laravel auto-instrumentation in /home/runner/work/oimpresso.com/oimpresso.com/vendor/open-telemetry/opentelemetry-auto-laravel/_register.php on line 13
2026-08-14T15:31:02.9330700Z 
2026-08-14T15:31:02.9331479Z    INFO  Seeding database.  
2026-08-14T15:31:02.9331826Z 
2026-08-14T15:31:03.0618336Z PHP Warning:  The opentelemetry extension must be loaded in order to autoload the OpenTelemetry Laravel auto-instrumentation in /home/runner/work/oimpresso.com/oimpresso.com/vendor/open-telemetry/opentelemetry-auto-laravel/_register.php on line 13
2026-08-14T15:31:03.4760478Z 
2026-08-14T15:31:03.4761267Z    INFO  Seeding database.  
2026-08-14T15:31:03.4761671Z 
2026-08-14T15:31:03.5963291Z PHP Warning:  The opentelemetry extension must be loaded in order to autoload the OpenTelemetry Laravel auto-instrumentation in /home/runner/work/oimpresso.com/oimpresso.com/vendor/open-telemetry/opentelemetry-auto-laravel/_register.php on line 13
2026-08-14T15:31:04.0116035Z 
2026-08-14T15:31:04.0116678Z    INFO  Seeding database.  
2026-08-14T15:31:04.0117049Z 
2026-08-14T15:31:04.3205510Z PHP Warning:  The opentelemetry extension must be loaded in order to autoload the OpenTelemetry Laravel auto-instrumentation in /home/runner/work/oimpresso.com/oimpresso.com/vendor/open-telemetry/opentelemetry-auto-laravel/_register.php on line 13
2026-08-14T15:31:04.7505636Z 
2026-08-14T15:31:04.7506427Z    INFO  Seeding database.  
2026-08-14T15:31:04.7506848Z 
2026-08-14T15:31:04.8572391Z === seed check ===
2026-08-14T15:31:04.9465736Z PHP Warning:  The opentelemetry extension must be loaded in order to autoload the OpenTelemetry Laravel auto-instrumentation in /home/runner/work/oimpresso.com/oimpresso.com/vendor/open-telemetry/opentelemetry-auto-laravel/_register.php on line 13
2026-08-14T15:31:05.4454806Z business=3 users=3 roles=5 fin_titulos=1
2026-08-14T15:31:05.5556192Z PHP Warning:  The opentelemetry extension must be loaded in order to autoload the OpenTelemetry Laravel auto-instrumentation in /home/runner/work/oimpresso.com/oimpresso.com/vendor/open-telemetry/opentelemetry-auto-laravel/_register.php on line 13
2026-08-14T15:31:06.0452690Z oficina_stages_biz1=9
2026-08-14T15:31:06.1478378Z PHP Warning:  The opentelemetry extension must be loaded in order to autoload the OpenTelemetry Laravel auto-instrumentation in /home/runner/work/oimpresso.com/oimpresso.com/vendor/open-telemetry/opentelemetry-auto-laravel/_register.php on line 13
2026-08-14T15:31:06.6450097Z oficina_os_fixture_biz1=6
2026-08-14T15:31:06.6632449Z ##[group]Run npm run build:inertia
2026-08-14T15:31:06.6632789Z [36;1mnpm run build:inertia[0m
2026-08-14T15:31:06.6671177Z shell: /usr/bin/bash -e {0}
2026-08-14T15:31:06.6671435Z env:
2026-08-14T15:31:06.6671636Z   VISREG_GRAY_APPROVED: 0
2026-08-14T15:31:06.6671893Z   COMPOSER_PROCESS_TIMEOUT: 0
2026-08-14T15:31:06.6672149Z   COMPOSER_NO_INTERACTION: 1
2026-08-14T15:31:06.6672394Z   COMPOSER_NO_AUDIT: 1
2026-08-14T15:31:06.6672613Z ##[endgroup]
2026-08-14T15:31:06.7688700Z 
2026-08-14T15:31:06.7689638Z > oi.wr2.com.br@1.0.0 prebuild:inertia
2026-08-14T15:31:06.7690473Z > node resources/css/tokens/style-dictionary.config.mjs
2026-08-14T15:31:06.7690911Z 
2026-08-14T15:31:07.0617960Z ✓ DTCG → _generated-*.css (4 escopos) emitido em resources/css/tokens/
2026-08-14T15:31:07.0698139Z 
2026-08-14T15:31:07.0698757Z > oi.wr2.com.br@1.0.0 build:inertia
2026-08-14T15:31:07.0699517Z > vite build --config vite.inertia.config.mjs
2026-08-14T15:31:07.0699916Z 
2026-08-14T15:31:07.4374033Z [36mvite v6.4.2 [32mbuilding for production...[36m[39m
2026-08-14T15:31:14.3036382Z [plugin @laravel/vite-plugin-wayfinder] Types generated for actions, routes, form variants
2026-08-14T15:31:17.8704730Z Found 5 warnings while optimizing generated CSS:
2026-08-14T15:31:17.8705315Z 
2026-08-14T15:31:17.8705508Z Issue #1:
2026-08-14T15:31:17.8706219Z [2m│   }[22m
2026-08-14T15:31:17.8706688Z [2m│ }[22m
2026-08-14T15:31:17.8708732Z [2m│[22m - escopo .sells-cowork aplicado por scripts/scope-sells-cowork-css.py .sells-cowork - escopo .sells-cowork aplicado por scripts/scope-sells-cowork-css.py .sells-cowork {
2026-08-14T15:31:17.8710425Z [2m┆[22m [33m[2m^--[22m Invalid empty selector[39m
2026-08-14T15:31:17.8710994Z [2m┆[22m
2026-08-14T15:31:17.8714182Z [2m│   --sb-bg: oklch(0.21 0 0);[22m
2026-08-14T15:31:17.8714978Z [2m│   --sb-bg-2: oklch(0.18 0 0);[22m
2026-08-14T15:31:17.8715314Z 
2026-08-14T15:31:17.8715473Z Issue #2:
2026-08-14T15:31:17.8715987Z [2m│   min-height: 34.19px;[22m
2026-08-14T15:31:17.8716528Z [2m│ }[22m
2026-08-14T15:31:17.8726449Z [2m│[22m *.tsx envolvidas em <div className="fin-cowork"> * (mesmo pattern de Sells/Index linha 917 com `.sells-cowork`). * (c) Build npm + smoke biz=1 (ROTA LIVRE não, ADR 0101) + biz=4 valida * AppShellV2 grid 3-cols intacto. * * Antes (2026-05-18 noite): bundle não-escopado definia GLOBALS * (`*`, `html`, `body`, `#app`, `:root`) que SOBRESCREVIAM o grid * 3-colunas do AppShellV2 (260+1fr+320) e quebravam /financeiro/unificado. * Agora: todos seletores top-level escopados em .fin-cowork — afeta * APENAS conteúdo dentro de <div className="fin-cowork">, AppShellV2 intacto. * * Refs: memory/reference/feedback-cowork-bundle-aplicar-inteiro.md * §Apêndice "Plano B canônico" — agora executado. * Bug-report Wagner 2026-05-19: /financeiro/unificado renderizava HTML cru * porque imports estavam comentados + Pages sem wrap. * * Marker idempotente: primeira linha de cada CSS tem ` */ * (re-rodar scripts/scope-fin-cowork-css.py é no-op). * ============================================================================ */ @import "./cowork-canon-financeiro-bundle.css";
2026-08-14T15:31:17.8733817Z [2m┆[22m                     [33m[2m^--[22m Invalid dangling combinator in selector[39m
2026-08-14T15:31:17.8734553Z [2m┆[22m
2026-08-14T15:31:17.8735669Z [2m│ - escopo .fin-cowork aplicado por scripts/scope-fin-cowork-css.py .fin-cowork .fin-curadoria {[22m
2026-08-14T15:31:17.8736781Z [2m│   --fin-text: oklch(0.30 0.005 240);[22m
2026-08-14T15:31:17.8737142Z 
2026-08-14T15:31:17.8737283Z Issue #3:
2026-08-14T15:31:17.8737794Z [2m│   vertical-align: middle;[22m
2026-08-14T15:31:17.8738296Z [2m│ }[22m
2026-08-14T15:31:17.8739491Z [2m│[22m - escopo .fin-cowork aplicado por scripts/scope-fin-cowork-css.py .fin-cowork .fin-curadoria .fin-anomaly {
2026-08-14T15:31:17.8740729Z [2m┆[22m [33m[2m^--[22m Invalid empty selector[39m
2026-08-14T15:31:17.8741296Z [2m┆[22m
2026-08-14T15:31:17.8741728Z [2m│   display: flex;[22m
2026-08-14T15:31:17.8742793Z [2m│   gap: 10px;[22m
2026-08-14T15:31:17.8743059Z 
2026-08-14T15:31:17.8743210Z Issue #4:
2026-08-14T15:31:17.8744245Z [2m│   color: oklch(0.55 0.18 25);[22m
2026-08-14T15:31:17.8744754Z [2m│ }[22m
2026-08-14T15:31:17.8745948Z [2m│[22m - escopo .fin-cowork aplicado por scripts/scope-fin-cowork-css.py .fin-cowork .fin-curadoria .fin-xlink {
2026-08-14T15:31:17.8747308Z [2m┆[22m [33m[2m^--[22m Invalid empty selector[39m
2026-08-14T15:31:17.8747879Z [2m┆[22m
2026-08-14T15:31:17.8748377Z [2m│   display: inline-flex;[22m
2026-08-14T15:31:17.8748989Z [2m│   align-items: center;[22m
2026-08-14T15:31:17.8749296Z 
2026-08-14T15:31:17.8749440Z Issue #5:
2026-08-14T15:31:17.8749958Z [2m│   border-radius: 4px 4px 0 0;[22m
2026-08-14T15:31:17.8750465Z [2m│ }[22m
2026-08-14T15:31:17.8751679Z [2m│[22m - escopo .fin-cowork aplicado por scripts/scope-fin-cowork-css.py .fin-cowork .fin-curadoria .fin-page-h {
2026-08-14T15:31:17.8752915Z [2m┆[22m [33m[2m^--[22m Invalid empty selector[39m
2026-08-14T15:31:17.8753768Z [2m┆[22m
2026-08-14T15:31:17.8754241Z [2m│   display: flex;[22m
2026-08-14T15:31:17.8754859Z [2m│   align-items: flex-start;[22m
2026-08-14T15:31:17.8755200Z 
2026-08-14T15:31:18.1661646Z transforming...
2026-08-14T15:31:23.6775297Z [33m[plugin vite:esbuild] resources/js/Components/cockpit/shared.ts: [33mDuplicate key "estoque" in object literal[33m
2026-08-14T15:31:23.6776130Z 195|    'fin-config': 135,      // → financas
2026-08-14T15:31:23.6776543Z 196|    fin: 145,               // → financas
2026-08-14T15:31:23.6776940Z 197|    estoque: 350,           // → operar
2026-08-14T15:31:23.6777224Z    |    ^
2026-08-14T15:31:23.6777668Z 198|    fiscal: 145,            // → financas (era 200, conflitava com sistema)
2026-08-14T15:31:23.6778137Z 199|    rh: 295,                // → pessoas
2026-08-14T15:31:23.6778414Z [39m
2026-08-14T15:31:23.6779115Z [33m[plugin vite:esbuild] resources/js/Components/cockpit/shared.ts: [33mDuplicate key "fiscal" in object literal[33m
2026-08-14T15:31:23.6784829Z 196|    fin: 145,               // → financas
2026-08-14T15:31:23.6785895Z 197|    estoque: 350,           // → operar
2026-08-14T15:31:23.6787588Z 198|    fiscal: 145,            // → financas (era 200, conflitava com sistema)
2026-08-14T15:31:23.6788534Z    |    ^
2026-08-14T15:31:23.6789369Z 199|    rh: 295,                // → pessoas
2026-08-14T15:31:23.6790311Z 200|    conhecimento: 220,      // → ia
2026-08-14T15:31:23.6791126Z [39m
2026-08-14T15:31:29.7288175Z [32m✓[39m 4410 modules transformed.
2026-08-14T15:31:31.2296053Z rendering chunks...
2026-08-14T15:31:33.3383111Z computing gzip size...
2026-08-14T15:31:34.0316010Z [2mpublic/build-inertia/[22m[2massets/[22m[32mibm-plex-mono-vietnamese-500-normal-C8zxqsMH.woff     [39m[1m[2m    5.62 kB[22m[1m[22m
2026-08-14T15:31:34.0335136Z [2mpublic/build-inertia/[22m[2massets/[22m[32mibm-plex-mono-vietnamese-400-normal-DDuiU_S-.woff     [39m[1m[2m    5.62 kB[22m[1m[22m
2026-08-14T15:31:34.0337195Z [2mpublic/build-inertia/[22m[2massets/[22m[32mibm-plex-mono-cyrillic-ext-500-normal-BIfNGwUT.woff   [39m[1m[2m    5.77 kB[22m[1m[22m
2026-08-14T15:31:34.0339217Z [2mpublic/build-inertia/[22m[2massets/[22m[32mibm-plex-mono-cyrillic-ext-400-normal-DMdlQ8Kv.woff   [39m[1m[2m    5.82 kB[22m[1m[22m
2026-08-14T15:31:34.0341174Z [2mpublic/build-inertia/[22m[2massets/[22m[32mibm-plex-mono-vietnamese-400-normal-BulugwFq.woff2    [39m[1m[2m    5.87 kB[22m[1m[22m
2026-08-14T15:31:34.0343224Z [2mpublic/build-inertia/[22m[2massets/[22m[32mibm-plex-mono-vietnamese-500-normal-DZ4AoWbu.woff2    [39m[1m[2m    6.04 kB[22m[1m[22m
2026-08-14T15:31:34.0345441Z [2mpublic/build-inertia/[22m[2massets/[22m[32mibm-plex-sans-vietnamese-400-normal-fK1oJ5dG.woff     [39m[1m[2m    6.39 kB[22m[1m[22m
2026-08-14T15:31:34.0347418Z [2mpublic/build-inertia/[22m[2massets/[22m[32mibm-plex-sans-vietnamese-700-normal-BV5B8Are.woff     [39m[1m[2m    6.42 kB[22m[1m[22m
2026-08-14T15:31:34.0349904Z [2mpublic/build-inertia/[22m[2massets/[22m[32mibm-plex-sans-vietnamese-600-normal-DgdngZtN.woff     [39m[1m[2m    6.58 kB[22m[1m[22m
2026-08-14T15:31:34.0352090Z [2mpublic/build-inertia/[22m[2massets/[22m[32mibm-plex-sans-vietnamese-500-normal-BEb3_waV.woff     [39m[1m[2m    6.59 kB[22m[1m[22m
2026-08-14T15:31:34.0354288Z [2mpublic/build-inertia/[22m[2massets/[22m[32mibm-plex-mono-cyrillic-ext-400-normal-xuaO2J-f.woff2  [39m[1m[2m    6.91 kB[22m[1m[22m
2026-08-14T15:31:34.0356281Z [2mpublic/build-inertia/[22m[2massets/[22m[32mibm-plex-mono-cyrillic-ext-500-normal-BqneJy0T.woff2  [39m[1m[2m    6.97 kB[22m[1m[22m
2026-08-14T15:31:34.0358245Z [2mpublic/build-inertia/[22m[2massets/[22m[32mibm-plex-mono-cyrillic-400-normal-CEL4l2ZJ.woff       [39m[1m[2m    7.20 kB[22m[1m[22m
2026-08-14T15:31:34.0360247Z [2mpublic/build-inertia/[22m[2massets/[22m[32mibm-plex-mono-cyrillic-500-normal-Ael50iVv.woff       [39m[1m[2m    7.21 kB[22m[1m[22m
2026-08-14T15:31:34.0362253Z [2mpublic/build-inertia/[22m[2massets/[22m[32mibm-plex-sans-vietnamese-400-normal-DG4YqDda.woff2    [39m[1m[2m    8.20 kB[22m[1m[22m
2026-08-14T15:31:34.0395887Z [2mpublic/build-inertia/[22m[2massets/[22m[32mibm-plex-sans-vietnamese-700-normal-CkEo6LDy.woff2    [39m[1m[2m    8.22 kB[22m[1m[22m
2026-08-14T15:31:34.0397951Z [2mpublic/build-inertia/[22m[2massets/[22m[32mibm-plex-mono-cyrillic-400-normal-BSMlKf0J.woff2      [39m[1m[2m    8.36 kB[22m[1m[22m
2026-08-14T15:31:34.0399963Z [2mpublic/build-inertia/[22m[2massets/[22m[32mibm-plex-sans-vietnamese-500-normal-e4dixQRQ.woff2    [39m[1m[2m    8.42 kB[22m[1m[22m
2026-08-14T15:31:34.0401963Z [2mpublic/build-inertia/[22m[2massets/[22m[32mibm-plex-sans-vietnamese-600-normal-DpPYBSTl.woff2    [39m[1m[2m    8.46 kB[22m[1m[22m
2026-08-14T15:31:34.0404148Z [2mpublic/build-inertia/[22m[2massets/[22m[32mibm-plex-mono-cyrillic-500-normal-Bq9vWWag.woff2      [39m[1m[2m    8.46 kB[22m[1m[22m
2026-08-14T15:31:34.0406113Z [2mpublic/build-inertia/[22m[2massets/[22m[32mibm-plex-sans-greek-700-normal-CkZN0sRy.woff          [39m[1m[2m    8.74 kB[22m[1m[22m
2026-08-14T15:31:34.0408035Z [2mpublic/build-inertia/[22m[2massets/[22m[32mibm-plex-sans-greek-400-normal-D9ESIMu3.woff          [39m[1m[2m    8.76 kB[22m[1m[22m
2026-08-14T15:31:34.0409928Z [2mpublic/build-inertia/[22m[2massets/[22m[32mibm-plex-sans-greek-500-normal-CuWXN6rf.woff          [39m[1m[2m    9.15 kB[22m[1m[22m
2026-08-14T15:31:34.0411832Z [2mpublic/build-inertia/[22m[2massets/[22m[32mibm-plex-sans-greek-600-normal-D-CqTdkO.woff          [39m[1m[2m    9.22 kB[22m[1m[22m
2026-08-14T15:31:34.0413918Z [2mpublic/build-inertia/[22m[2massets/[22m[32mibm-plex-sans-greek-700-normal-wyJ6jzdA.woff2         [39m[1m[2m    9.93 kB[22m[1m[22m
2026-08-14T15:31:34.0415889Z [2mpublic/build-inertia/[22m[2massets/[22m[32mibm-plex-sans-greek-400-normal-_efipK4i.woff2         [39m[1m[2m    9.94 kB[22m[1m[22m
2026-08-14T15:31:34.0417825Z [2mpublic/build-inertia/[22m[2massets/[22m[32mibm-plex-sans-cyrillic-ext-700-normal-DCQwxkRk.woff   [39m[1m[2m   10.16 kB[22m[1m[22m
2026-08-14T15:31:34.0419800Z [2mpublic/build-inertia/[22m[2massets/[22m[32mibm-plex-sans-cyrillic-ext-400-normal-Dsrv2Tcn.woff   [39m[1m[2m   10.29 kB[22m[1m[22m
2026-08-14T15:31:34.0421783Z [2mpublic/build-inertia/[22m[2massets/[22m[32mibm-plex-sans-greek-600-normal-DzTrcv_p.woff2         [39m[1m[2m   10.37 kB[22m[1m[22m
2026-08-14T15:31:34.0453978Z [2mpublic/build-inertia/[22m[2massets/[22m[32mibm-plex-sans-greek-500-normal-JMMifIXV.woff2         [39m[1m[2m   10.38 kB[22m[1m[22m
2026-08-14T15:31:34.0456032Z [2mpublic/build-inertia/[22m[2massets/[22m[32mibm-plex-sans-cyrillic-ext-500-normal-DB5PtV2g.woff   [39m[1m[2m   10.59 kB[22m[1m[22m
2026-08-14T15:31:34.0458412Z [2mpublic/build-inertia/[22m[2massets/[22m[32mibm-plex-sans-cyrillic-ext-600-normal-Bz0x94Yp.woff   [39m[1m[2m   10.62 kB[22m[1m[22m
2026-08-14T15:31:34.0460431Z [2mpublic/build-inertia/[22m[2massets/[22m[32mibm-plex-mono-latin-ext-500-normal-CZ70TYgx.woff      [39m[1m[2m   11.77 kB[22m[1m[22m
2026-08-14T15:31:34.0462635Z [2mpublic/build-inertia/[22m[2massets/[22m[32mibm-plex-mono-latin-ext-400-normal-D3D2R8hC.woff      [39m[1m[2m   11.77 kB[22m[1m[22m
2026-08-14T15:31:34.0464864Z [2mpublic/build-inertia/[22m[2massets/[22m[32mibm-plex-sans-cyrillic-ext-700-normal-BmRLXWpJ.woff2  [39m[1m[2m   12.06 kB[22m[1m[22m
2026-08-14T15:31:34.0466874Z [2mpublic/build-inertia/[22m[2massets/[22m[32mibm-plex-sans-cyrillic-ext-400-normal-g30qAdWV.woff2  [39m[1m[2m   12.15 kB[22m[1m[22m
2026-08-14T15:31:34.0468873Z [2mpublic/build-inertia/[22m[2massets/[22m[32mibm-plex-sans-cyrillic-ext-600-normal-DUMzJB7m.woff2  [39m[1m[2m   12.30 kB[22m[1m[22m
2026-08-14T15:31:34.0470914Z [2mpublic/build-inertia/[22m[2massets/[22m[32mibm-plex-sans-cyrillic-ext-500-normal-Cs5J6C77.woff2  [39m[1m[2m   12.31 kB[22m[1m[22m
2026-08-14T15:31:34.0472907Z [2mpublic/build-inertia/[22m[2massets/[22m[32mibm-plex-mono-latin-400-normal-CvHOgSBP.woff          [39m[1m[2m   13.14 kB[22m[1m[22m
2026-08-14T15:31:34.0475062Z [2mpublic/build-inertia/[22m[2massets/[22m[32mibm-plex-mono-latin-500-normal-CB9ihrfo.woff          [39m[1m[2m   13.16 kB[22m[1m[22m
2026-08-14T15:31:34.0476998Z [2mpublic/build-inertia/[22m[2massets/[22m[32mibm-plex-sans-cyrillic-700-normal-RFb1v-CK.woff       [39m[1m[2m   13.33 kB[22m[1m[22m
2026-08-14T15:31:34.0499578Z [2mpublic/build-inertia/[22m[2massets/[22m[32mibm-plex-mono-latin-ext-400-normal-BmRBH3aV.woff2     [39m[1m[2m   13.35 kB[22m[1m[22m
2026-08-14T15:31:34.0501524Z [2mpublic/build-inertia/[22m[2massets/[22m[32mibm-plex-mono-latin-ext-500-normal-CAhNIIs5.woff2     [39m[1m[2m   13.43 kB[22m[1m[22m
2026-08-14T15:31:34.0503737Z [2mpublic/build-inertia/[22m[2massets/[22m[32mibm-plex-sans-cyrillic-400-normal-BTotfTJu.woff       [39m[1m[2m   13.51 kB[22m[1m[22m
2026-08-14T15:31:34.0505707Z [2mpublic/build-inertia/[22m[2massets/[22m[32mibm-plex-sans-cyrillic-500-normal-ByOcLdNv.woff       [39m[1m[2m   13.86 kB[22m[1m[22m
2026-08-14T15:31:34.0507631Z [2mpublic/build-inertia/[22m[2massets/[22m[32mibm-plex-sans-cyrillic-600-normal-BGq0mW3O.woff       [39m[1m[2m   13.89 kB[22m[1m[22m
2026-08-14T15:31:34.0509471Z [2mpublic/build-inertia/[22m[2massets/[22m[32mibm-plex-sans-latin-ext-400-normal-RBey6euL.woff      [39m[1m[2m   14.36 kB[22m[1m[22m
2026-08-14T15:31:34.0511344Z [2mpublic/build-inertia/[22m[2massets/[22m[32mibm-plex-sans-latin-ext-700-normal-DZH6Xh-4.woff      [39m[1m[2m   14.42 kB[22m[1m[22m
2026-08-14T15:31:34.0513257Z [2mpublic/build-inertia/[22m[2massets/[22m[32mibm-plex-sans-cyrillic-700-normal-D_uavGvn.woff2      [39m[1m[2m   14.57 kB[22m[1m[22m
2026-08-14T15:31:34.0515378Z [2mpublic/build-inertia/[22m[2massets/[22m[32mibm-plex-mono-latin-400-normal-DMJ8VG8y.woff2         [39m[1m[2m   14.71 kB[22m[1m[22m
2026-08-14T15:31:34.0517333Z [2mpublic/build-inertia/[22m[2massets/[22m[32mibm-plex-sans-latin-ext-500-normal-D0aIdm-b.woff      [39m[1m[2m   14.74 kB[22m[1m[22m
2026-08-14T15:31:34.0519239Z [2mpublic/build-inertia/[22m[2massets/[22m[32mibm-plex-sans-latin-ext-600-normal-DIrixKbi.woff      [39m[1m[2m   14.77 kB[22m[1m[22m
2026-08-14T15:31:34.0521163Z [2mpublic/build-inertia/[22m[2massets/[22m[32mibm-plex-sans-cyrillic-400-normal-DZqxrq2p.woff2      [39m[1m[2m   14.80 kB[22m[1m[22m
2026-08-14T15:31:34.0523071Z [2mpublic/build-inertia/[22m[2massets/[22m[32mibm-plex-mono-latin-500-normal-DSY6xOcd.woff2         [39m[1m[2m   14.89 kB[22m[1m[22m
2026-08-14T15:31:34.0565465Z [2mpublic/build-inertia/[22m[2massets/[22m[32mibm-plex-sans-cyrillic-500-normal-CocWQlwt.woff2      [39m[1m[2m   15.00 kB[22m[1m[22m
2026-08-14T15:31:34.0567952Z [2mpublic/build-inertia/[22m[2massets/[22m[32mibm-plex-sans-cyrillic-600-normal-71GNu3SW.woff2      [39m[1m[2m   15.04 kB[22m[1m[22m
2026-08-14T15:31:34.0570089Z [2mpublic/build-inertia/[22m[2massets/[22m[32mibm-plex-sans-latin-ext-400-normal-C5H60-Va.woff2     [39m[1m[2m   15.98 kB[22m[1m[22m
2026-08-14T15:31:34.0572407Z [2mpublic/build-inertia/[22m[2massets/[22m[32mibm-plex-sans-latin-ext-700-normal-aMgXseD4.woff2     [39m[1m[2m   16.19 kB[22m[1m[22m
2026-08-14T15:31:34.0574604Z [2mpublic/build-inertia/[22m[2massets/[22m[32mibm-plex-sans-latin-ext-600-normal-DOrvGEcy.woff2     [39m[1m[2m   16.45 kB[22m[1m[22m
2026-08-14T15:31:34.0576621Z [2mpublic/build-inertia/[22m[2massets/[22m[32mibm-plex-sans-latin-ext-500-normal-DakdToA3.woff2     [39m[1m[2m   16.46 kB[22m[1m[22m
2026-08-14T15:31:34.0578917Z [2mpublic/build-inertia/[22m[2massets/[22m[32mibm-plex-sans-latin-400-normal-CYLoc0-x.woff          [39m[1m[2m   22.10 kB[22m[1m[22m
2026-08-14T15:31:34.0580922Z [2mpublic/build-inertia/[22m[2massets/[22m[32mibm-plex-sans-latin-700-normal-Bth3BMcD.woff          [39m[1m[2m   22.28 kB[22m[1m[22m
2026-08-14T15:31:34.0582908Z [2mpublic/build-inertia/[22m[2massets/[22m[32mibm-plex-sans-latin-400-normal-CDDApCn2.woff2         [39m[1m[2m   22.59 kB[22m[1m[22m
2026-08-14T15:31:34.0585045Z [2mpublic/build-inertia/[22m[2massets/[22m[32mibm-plex-sans-latin-700-normal-Bxkt5Cjx.woff2         [39m[1m[2m   22.83 kB[22m[1m[22m
2026-08-14T15:31:34.0586981Z [2mpublic/build-inertia/[22m[2massets/[22m[32mibm-plex-sans-latin-600-normal-Cu4Hd6ag.woff          [39m[1m[2m   23.88 kB[22m[1m[22m
2026-08-14T15:31:34.0588899Z [2mpublic/build-inertia/[22m[2massets/[22m[32mibm-plex-sans-latin-500-normal-BgVn5rGT.woff          [39m[1m[2m   23.92 kB[22m[1m[22m
2026-08-14T15:31:34.0590845Z [2mpublic/build-inertia/[22m[2massets/[22m[32mibm-plex-sans-latin-500-normal-6ng42L7E.woff2         [39m[1m[2m   24.18 kB[22m[1m[22m
2026-08-14T15:31:34.0592856Z [2mpublic/build-inertia/[22m[2massets/[22m[32mibm-plex-sans-latin-600-normal-CuJfVYMP.woff2         [39m[1m[2m   24.25 kB[22m[1m[22m
2026-08-14T15:31:34.0625141Z [2mpublic/build-inertia/[22m[32mmanifest.json                                                [39m[1m[2m1,432.28 kB[22m[1m[22m[2m │ gzip:  68.16 kB[22m
2026-08-14T15:31:34.0627050Z [2mpublic/build-inertia/[22m[2massets/[22m[35mIndex-RZoB1Q2B.css                                    [39m[1m[2m    3.78 kB[22m[1m[22m[2m │ gzip:   1.19 kB[22m
2026-08-14T15:31:34.0628965Z [2mpublic/build-inertia/[22m[2massets/[22m[35mstyle-B5DZHykP.css                                    [39m[1m[2m    7.32 kB[22m[1m[22m[2m │ gzip:   1.60 kB[22m
2026-08-14T15:31:34.0630893Z [2mpublic/build-inertia/[22m[2massets/[22m[35mapp-CKBvcUP8.css                                      [39m[1m[2m   13.66 kB[22m[1m[22m[2m │ gzip:   1.44 kB[22m
2026-08-14T15:31:34.0632843Z [2mpublic/build-inertia/[22m[2massets/[22m[35mIndex-CIf5yDQV.css                                    [39m[1m[2m   14.78 kB[22m[1m[22m[2m │ gzip:   2.76 kB[22m
2026-08-14T15:31:34.0634947Z [2mpublic/build-inertia/[22m[2massets/[22m[35mGantt-CPqz289Y.css                                    [39m[1m[2m   26.04 kB[22m[1m[22m[2m │ gzip:   4.33 kB[22m
2026-08-14T15:31:34.0636870Z [2mpublic/build-inertia/[22m[2massets/[22m[35mfiscal-cockpit-CTQZLd0a.css                           [39m[1m[2m   29.93 kB[22m[1m[22m[2m │ gzip:   5.55 kB[22m
2026-08-14T15:31:34.0638844Z [2mpublic/build-inertia/[22m[2massets/[22m[35mAppShellV2-DlEMabut.css                               [39m[1m[2m   70.36 kB[22m[1m[22m[2m │ gzip:  11.80 kB[22m
2026-08-14T15:31:34.0640775Z [2mpublic/build-inertia/[22m[2massets/[22m[35minertia-BYATqg_7.css                                  [39m[1m[2m  596.42 kB[22m[1m[22m[2m │ gzip:  85.66 kB[22m
2026-08-14T15:31:34.0643094Z [2mpublic/build-inertia/[22m[2massets/[22m[36mindex-DW48STyt.js                                     [39m[1m[2m    0.16 kB[22m[1m[22m[2m │ gzip:   0.14 kB[22m
2026-08-14T15:31:34.0645247Z [2mpublic/build-inertia/[22m[2massets/[22m[36mSafeSelectItem-Dq4An-4s.js                            [39m[1m[2m    0.20 kB[22m[1m[22m[2m │ gzip:   0.18 kB[22m
2026-08-14T15:31:34.0647407Z [2mpublic/build-inertia/[22m[2massets/[22m[36mindex-DhwfET4K.js                                     [39m[1m[2m    0.20 kB[22m[1m[22m[2m │ gzip:   0.18 kB[22m
2026-08-14T15:31:34.0649325Z [2mpublic/build-inertia/[22m[2massets/[22m[36mskeleton-D6lzqygH.js                                  [39m[1m[2m    0.23 kB[22m[1m[22m[2m │ gzip:   0.20 kB[22m
2026-08-14T15:31:34.0651251Z [2mpublic/build-inertia/[22m[2massets/[22m[36mindex-D7w6JINF.js                                     [39m[1m[2m    0.23 kB[22m[1m[22m[2m │ gzip:   0.17 kB[22m
2026-08-14T15:31:34.0653183Z [2mpublic/build-inertia/[22m[2massets/[22m[36mscroll-area-DLC3E1FD.js                               [39m[1m[2m    0.24 kB[22m[1m[22m[2m │ gzip:   0.20 kB[22m
2026-08-14T15:31:34.0681007Z [2mpublic/build-inertia/[22m[2massets/[22m[36mindex-D-QPQsHh.js                                     [39m[1m[2m    0.26 kB[22m[1m[22m[2m │ gzip:   0.23 kB[22m
2026-08-14T15:31:34.0682928Z [2mpublic/build-inertia/[22m[2massets/[22m[36mminus-CxsXWdNC.js                                     [39m[1m[2m    0.30 kB[22m[1m[22m[2m │ gzip:   0.24 kB[22m
2026-08-14T15:31:34.0685078Z [2mpublic/build-inertia/[22m[2massets/[22m[36mcheck-BlVbUHVl.js                                     [39m[1m[2m    0.30 kB[22m[1m[22m[2m │ gzip:   0.25 kB[22m
2026-08-14T15:31:34.0686980Z [2mpublic/build-inertia/[22m[2massets/[22m[36mcircle-BXf3fRWs.js                                    [39m[1m[2m    0.31 kB[22m[1m[22m[2m │ gzip:   0.24 kB[22m
2026-08-14T15:31:34.0688953Z [2mpublic/build-inertia/[22m[2massets/[22m[36mchevron-down-F5BSO8yo.js                              [39m[1m[2m    0.31 kB[22m[1m[22m[2m │ gzip:   0.25 kB[22m
2026-08-14T15:31:34.0690935Z [2mpublic/build-inertia/[22m[2massets/[22m[36mchevron-up-n0zlli70.js                                [39m[1m[2m    0.31 kB[22m[1m[22m[2m │ gzip:   0.25 kB[22m
2026-08-14T15:31:34.0692899Z [2mpublic/build-inertia/[22m[2massets/[22m[36mchevron-right-BGQNcVw5.js                             [39m[1m[2m    0.31 kB[22m[1m[22m[2m │ gzip:   0.25 kB[22m
2026-08-14T15:31:34.0695081Z [2mpublic/build-inertia/[22m[2massets/[22m[36mchevron-left-DqBSXVPy.js                              [39m[1m[2m    0.31 kB[22m[1m[22m[2m │ gzip:   0.25 kB[22m
2026-08-14T15:31:34.0697012Z [2mpublic/build-inertia/[22m[2massets/[22m[36mplay-CZ_soidH.js                                      [39m[1m[2m    0.31 kB[22m[1m[22m[2m │ gzip:   0.25 kB[22m
2026-08-14T15:31:34.0698969Z [2mpublic/build-inertia/[22m[2massets/[22m[36mloader-circle-DzcJPUDu.js                             [39m[1m[2m    0.32 kB[22m[1m[22m[2m │ gzip:   0.26 kB[22m
2026-08-14T15:31:34.0700992Z [2mpublic/build-inertia/[22m[2massets/[22m[36mmessage-circle-CBrF47-8.js                            [39m[1m[2m    0.33 kB[22m[1m[22m[2m │ gzip:   0.26 kB[22m
2026-08-14T15:31:34.0702956Z [2mpublic/build-inertia/[22m[2massets/[22m[36mindex-B5O4W0EH.js                                     [39m[1m[2m    0.33 kB[22m[1m[22m[2m │ gzip:   0.25 kB[22m
2026-08-14T15:31:34.0735151Z [2mpublic/build-inertia/[22m[2massets/[22m[36mplus-IjAdU9QW.js                                      [39m[1m[2m    0.33 kB[22m[1m[22m[2m │ gzip:   0.26 kB[22m
2026-08-14T15:31:34.0737064Z [2mpublic/build-inertia/[22m[2massets/[22m[36mx-8Vvejs0c.js                                         [39m[1m[2m    0.33 kB[22m[1m[22m[2m │ gzip:   0.26 kB[22m
2026-08-14T15:31:34.0738947Z [2mpublic/build-inertia/[22m[2massets/[22m[36mfilter-0fL8OW9I.js                                    [39m[1m[2m    0.34 kB[22m[1m[22m[2m │ gzip:   0.27 kB[22m
2026-08-14T15:31:34.0741152Z [2mpublic/build-inertia/[22m[2massets/[22m[36marrow-left-D86BPE8-.js                                [39m[1m[2m    0.34 kB[22m[1m[22m[2m │ gzip:   0.27 kB[22m
2026-08-14T15:31:34.0743315Z [2mpublic/build-inertia/[22m[2massets/[22m[36marrow-down-DvWgegdb.js                                [39m[1m[2m    0.34 kB[22m[1m[22m[2m │ gzip:   0.27 kB[22m
2026-08-14T15:31:34.0745485Z [2mpublic/build-inertia/[22m[2massets/[22m[36marrow-right-BSmh5puk.js                               [39m[1m[2m    0.34 kB[22m[1m[22m[2m │ gzip:   0.27 kB[22m
2026-08-14T15:31:34.0747459Z [2mpublic/build-inertia/[22m[2massets/[22m[36marrow-up-right-d2VLm5F0.js                            [39m[1m[2m    0.35 kB[22m[1m[22m[2m │ gzip:   0.27 kB[22m
2026-08-14T15:31:34.0749423Z [2mpublic/build-inertia/[22m[2massets/[22m[36msearch-m5bbNM5R.js                                    [39m[1m[2m    0.35 kB[22m[1m[22m[2m │ gzip:   0.27 kB[22m
2026-08-14T15:31:34.0751363Z [2mpublic/build-inertia/[22m[2massets/[22m[36mban-C19NrR6k.js                                       [39m[1m[2m    0.35 kB[22m[1m[22m[2m │ gzip:   0.27 kB[22m
2026-08-14T15:31:34.0753321Z [2mpublic/build-inertia/[22m[2massets/[22m[36mcircle-check-5Mmzy64P.js                              [39m[1m[2m    0.35 kB[22m[1m[22m[2m │ gzip:   0.27 kB[22m
2026-08-14T15:31:34.0755530Z [2mpublic/build-inertia/[22m[2massets/[22m[36mchevrons-right-CqHz4A29.js                            [39m[1m[2m    0.35 kB[22m[1m[22m[2m │ gzip:   0.27 kB[22m
2026-08-14T15:31:34.0757530Z [2mpublic/build-inertia/[22m[2massets/[22m[36mchevrons-up-down-T9r5-ygi.js                          [39m[1m[2m    0.35 kB[22m[1m[22m[2m │ gzip:   0.27 kB[22m
2026-08-14T15:31:34.0759492Z [2mpublic/build-inertia/[22m[2massets/[22m[36mchevrons-left-bh1z2EEI.js                             [39m[1m[2m    0.35 kB[22m[1m[22m[2m │ gzip:   0.27 kB[22m
2026-08-14T15:31:34.0761454Z [2mpublic/build-inertia/[22m[2massets/[22m[36mpower-uzMrCgat.js                                     [39m[1m[2m    0.35 kB[22m[1m[22m[2m │ gzip:   0.27 kB[22m
2026-08-14T15:31:34.0780059Z [2mpublic/build-inertia/[22m[2massets/[22m[36muser-round-BhG83pai.js                                [39m[1m[2m    0.36 kB[22m[1m[22m[2m │ gzip:   0.28 kB[22m
2026-08-14T15:31:34.0782127Z [2mpublic/build-inertia/[22m[2massets/[22m[36mmessage-square-DmdkxTSD.js                            [39m[1m[2m    0.36 kB[22m[1m[22m[2m │ gzip:   0.27 kB[22m
2026-08-14T15:31:34.0784278Z [2mpublic/build-inertia/[22m[2massets/[22m[36mclock-BeD9vnTi.js                                     [39m[1m[2m    0.36 kB[22m[1m[22m[2m │ gzip:   0.28 kB[22m
2026-08-14T15:31:34.0786239Z [2mpublic/build-inertia/[22m[2massets/[22m[36mcheck-check-DnfWU1Qn.js                               [39m[1m[2m    0.36 kB[22m[1m[22m[2m │ gzip:   0.28 kB[22m
2026-08-14T15:31:34.0788222Z [2mpublic/build-inertia/[22m[2massets/[22m[36mcircle-slash-XhlKo0je.js                              [39m[1m[2m    0.36 kB[22m[1m[22m[2m │ gzip:   0.28 kB[22m
2026-08-14T15:31:34.0790171Z [2mpublic/build-inertia/[22m[2massets/[22m[36mcircle-play-BlqaKJat.js                               [39m[1m[2m    0.37 kB[22m[1m[22m[2m │ gzip:   0.28 kB[22m
2026-08-14T15:31:34.0792125Z [2mpublic/build-inertia/[22m[2massets/[22m[36mpanel-right-D1y5KzZM.js                               [39m[1m[2m    0.37 kB[22m[1m[22m[2m │ gzip:   0.29 kB[22m
2026-08-14T15:31:34.0794293Z [2mpublic/build-inertia/[22m[2massets/[22m[36mcorner-down-left-BgzFsecI.js                          [39m[1m[2m    0.37 kB[22m[1m[22m[2m │ gzip:   0.29 kB[22m
2026-08-14T15:31:34.0796292Z [2mpublic/build-inertia/[22m[2massets/[22m[36mdatetime-br-BDEC9Hei.js                               [39m[1m[2m    0.38 kB[22m[1m[22m[2m │ gzip:   0.26 kB[22m
2026-08-14T15:31:34.0798486Z [2mpublic/build-inertia/[22m[2massets/[22m[36muser-CxHngCOQ.js                                      [39m[1m[2m    0.38 kB[22m[1m[22m[2m │ gzip:   0.29 kB[22m
2026-08-14T15:31:34.0800479Z [2mpublic/build-inertia/[22m[2massets/[22m[36mcorner-down-right-DLQD5vLg.js                         [39m[1m[2m    0.38 kB[22m[1m[22m[2m │ gzip:   0.30 kB[22m
2026-08-14T15:31:34.0802633Z [2mpublic/build-inertia/[22m[2massets/[22m[36minfo-Ba_iHDkF.js                                      [39m[1m[2m    0.38 kB[22m[1m[22m[2m │ gzip:   0.28 kB[22m
2026-08-14T15:31:34.0824831Z [2mpublic/build-inertia/[22m[2massets/[22m[36mrotate-ccw-CNfI-kPp.js                                [39m[1m[2m    0.38 kB[22m[1m[22m[2m │ gzip:   0.29 kB[22m
2026-08-14T15:31:34.0826804Z [2mpublic/build-inertia/[22m[2massets/[22m[36mrotate-cw-KPZ98-mO.js                                 [39m[1m[2m    0.38 kB[22m[1m[22m[2m │ gzip:   0.29 kB[22m
2026-08-14T15:31:34.0828776Z [2mpublic/build-inertia/[22m[2massets/[22m[36mcircle-x-C8SLvI1n.js                                  [39m[1m[2m    0.38 kB[22m[1m[22m[2m │ gzip:   0.28 kB[22m
2026-08-14T15:31:34.0830763Z [2mpublic/build-inertia/[22m[2massets/[22m[36mtrending-up-o52TVJIm.js                               [39m[1m[2m    0.38 kB[22m[1m[22m[2m │ gzip:   0.29 kB[22m
2026-08-14T15:31:34.0832773Z [2mpublic/build-inertia/[22m[2massets/[22m[36mcredit-card-Z1oJ7fLj.js                               [39m[1m[2m    0.39 kB[22m[1m[22m[2m │ gzip:   0.30 kB[22m
2026-08-14T15:31:34.0834972Z [2mpublic/build-inertia/[22m[2massets/[22m[36mlock-De5us8nY.js                                      [39m[1m[2m    0.39 kB[22m[1m[22m[2m │ gzip:   0.30 kB[22m
2026-08-14T15:31:34.0836929Z [2mpublic/build-inertia/[22m[2massets/[22m[36mundo-2-BttLm1xf.js                                    [39m[1m[2m    0.39 kB[22m[1m[22m[2m │ gzip:   0.28 kB[22m
2026-08-14T15:31:34.0838936Z [2mpublic/build-inertia/[22m[2massets/[22m[36mtrending-down-nt1nB1B4.js                             [39m[1m[2m    0.39 kB[22m[1m[22m[2m │ gzip:   0.28 kB[22m
2026-08-14T15:31:34.0840897Z [2mpublic/build-inertia/[22m[2massets/[22m[36mbell-DaIMhsN0.js                                      [39m[1m[2m    0.39 kB[22m[1m[22m[2m │ gzip:   0.29 kB[22m
2026-08-14T15:31:34.0842906Z [2mpublic/build-inertia/[22m[2massets/[22m[36mindex-DfRWr9Z7.js                                     [39m[1m[2m    0.39 kB[22m[1m[22m[2m │ gzip:   0.30 kB[22m
2026-08-14T15:31:34.0845010Z [2mpublic/build-inertia/[22m[2massets/[22m[36mmail-9n8ca5HG.js                                      [39m[1m[2m    0.40 kB[22m[1m[22m[2m │ gzip:   0.31 kB[22m
2026-08-14T15:31:34.0846924Z [2mpublic/build-inertia/[22m[2massets/[22m[36mtable-2-CZsNCGAX.js                                   [39m[1m[2m    0.40 kB[22m[1m[22m[2m │ gzip:   0.29 kB[22m
2026-08-14T15:31:34.0848856Z [2mpublic/build-inertia/[22m[2massets/[22m[36mindex-CCnKFc8P.js                                     [39m[1m[2m    0.40 kB[22m[1m[22m[2m │ gzip:   0.27 kB[22m
2026-08-14T15:31:34.0850780Z [2mpublic/build-inertia/[22m[2massets/[22m[36mfile-d_UUOlTv.js                                      [39m[1m[2m    0.40 kB[22m[1m[22m[2m │ gzip:   0.29 kB[22m
2026-08-14T15:31:34.0852687Z [2mpublic/build-inertia/[22m[2massets/[22m[36mtarget-DDRxcUJD.js                                    [39m[1m[2m    0.40 kB[22m[1m[22m[2m │ gzip:   0.27 kB[22m
2026-08-14T15:31:34.0904982Z [2mpublic/build-inertia/[22m[2massets/[22m[36mellipsis-BqZkPKSD.js                                  [39m[1m[2m    0.40 kB[22m[1m[22m[2m │ gzip:   0.27 kB[22m
2026-08-14T15:31:34.0907017Z [2mpublic/build-inertia/[22m[2massets/[22m[36mgit-merge-BjNt3JuM.js                                 [39m[1m[2m    0.40 kB[22m[1m[22m[2m │ gzip:   0.29 kB[22m
2026-08-14T15:31:34.0908956Z [2mpublic/build-inertia/[22m[2massets/[22m[36mpaperclip-DJlVFa28.js                                 [39m[1m[2m    0.40 kB[22m[1m[22m[2m │ gzip:   0.30 kB[22m
2026-08-14T15:31:34.0911250Z [2mpublic/build-inertia/[22m[2massets/[22m[36msticky-note-Dix63eJu.js                               [39m[1m[2m    0.40 kB[22m[1m[22m[2m │ gzip:   0.29 kB[22m
2026-08-14T15:31:34.0913673Z [2mpublic/build-inertia/[22m[2massets/[22m[36mellipsis-vertical-BiNZNUVu.js                         [39m[1m[2m    0.41 kB[22m[1m[22m[2m │ gzip:   0.28 kB[22m
2026-08-14T15:31:34.0915638Z [2mpublic/build-inertia/[22m[2massets/[22m[36mcopy-sDSCMOyV.js                                      [39m[1m[2m    0.41 kB[22m[1m[22m[2m │ gzip:   0.31 kB[22m
2026-08-14T15:31:34.0917585Z [2mpublic/build-inertia/[22m[2massets/[22m[36mactivity-DO2EpLpO.js                                  [39m[1m[2m    0.41 kB[22m[1m[22m[2m │ gzip:   0.30 kB[22m
2026-08-14T15:31:34.0919544Z [2mpublic/build-inertia/[22m[2massets/[22m[36mhistory-B9fxoqrj.js                                   [39m[1m[2m    0.42 kB[22m[1m[22m[2m │ gzip:   0.30 kB[22m
2026-08-14T15:31:34.0921463Z [2mpublic/build-inertia/[22m[2massets/[22m[36mglobe-7_hOprTf.js                                     [39m[1m[2m    0.42 kB[22m[1m[22m[2m │ gzip:   0.30 kB[22m
2026-08-14T15:31:34.0923610Z [2mpublic/build-inertia/[22m[2massets/[22m[36marrow-down-up-BNUJLRUF.js                             [39m[1m[2m    0.42 kB[22m[1m[22m[2m │ gzip:   0.30 kB[22m
2026-08-14T15:31:34.0925613Z [2mpublic/build-inertia/[22m[2massets/[22m[36mbanknote-5IAmoB1g.js                                  [39m[1m[2m    0.43 kB[22m[1m[22m[2m │ gzip:   0.31 kB[22m
2026-08-14T15:31:34.0927581Z [2mpublic/build-inertia/[22m[2massets/[22m[36msettings-2-DcBPLdqr.js                                [39m[1m[2m    0.43 kB[22m[1m[22m[2m │ gzip:   0.30 kB[22m
2026-08-14T15:31:34.0929538Z [2mpublic/build-inertia/[22m[2massets/[22m[36mcamera-DdKB_z_C.js                                    [39m[1m[2m    0.43 kB[22m[1m[22m[2m │ gzip:   0.32 kB[22m
2026-08-14T15:31:34.0931512Z [2mpublic/build-inertia/[22m[2massets/[22m[36mcircle-alert-47ssIvit.js                              [39m[1m[2m    0.43 kB[22m[1m[22m[2m │ gzip:   0.30 kB[22m
2026-08-14T15:31:34.0963794Z [2mpublic/build-inertia/[22m[2massets/[22m[36mcloud-upload-B5UJb4OE.js                              [39m[1m[2m    0.43 kB[22m[1m[22m[2m │ gzip:   0.31 kB[22m
2026-08-14T15:31:34.0965896Z [2mpublic/build-inertia/[22m[2massets/[22m[36mexternal-link-CFVJ9Wy7.js                             [39m[1m[2m    0.43 kB[22m[1m[22m[2m │ gzip:   0.30 kB[22m
2026-08-14T15:31:34.0967879Z [2mpublic/build-inertia/[22m[2massets/[22m[36mcompass-CBrAuSgY.js                                   [39m[1m[2m    0.43 kB[22m[1m[22m[2m │ gzip:   0.31 kB[22m
2026-08-14T15:31:34.0969783Z [2mpublic/build-inertia/[22m[2massets/[22m[36meye-41KY6Pt5.js                                       [39m[1m[2m    0.43 kB[22m[1m[22m[2m │ gzip:   0.30 kB[22m
2026-08-14T15:31:34.0971710Z [2mpublic/build-inertia/[22m[2massets/[22m[36marchive-B2G2nSzk.js                                   [39m[1m[2m    0.43 kB[22m[1m[22m[2m │ gzip:   0.32 kB[22m
2026-08-14T15:31:34.0973860Z [2mpublic/build-inertia/[22m[2massets/[22m[36mmap-pin-CQMmhG-X.js                                   [39m[1m[2m    0.43 kB[22m[1m[22m[2m │ gzip:   0.33 kB[22m
2026-08-14T15:31:34.0975818Z [2mpublic/build-inertia/[22m[2massets/[22m[36muser-check-Ct_C9vb5.js                                [39m[1m[2m    0.43 kB[22m[1m[22m[2m │ gzip:   0.32 kB[22m
2026-08-14T15:31:34.0977801Z [2mpublic/build-inertia/[22m[2massets/[22m[36mmessage-square-plus-BQuvlLXR.js                       [39m[1m[2m    0.43 kB[22m[1m[22m[2m │ gzip:   0.31 kB[22m
2026-08-14T15:31:34.0979766Z [2mpublic/build-inertia/[22m[2massets/[22m[36mfile-check-2-CF9uyFHC.js                              [39m[1m[2m    0.44 kB[22m[1m[22m[2m │ gzip:   0.31 kB[22m
2026-08-14T15:31:34.0982496Z [2mpublic/build-inertia/[22m[2massets/[22m[36muser-minus-__cMqMwI.js                                [39m[1m[2m    0.44 kB[22m[1m[22m[2m │ gzip:   0.32 kB[22m
2026-08-14T15:31:34.0984909Z [2mpublic/build-inertia/[22m[2massets/[22m[36mlink-YqatO3Be.js                                      [39m[1m[2m    0.44 kB[22m[1m[22m[2m │ gzip:   0.30 kB[22m
2026-08-14T15:31:34.0986801Z [2mpublic/build-inertia/[22m[2massets/[22m[36mcalendar-BGwDdOAX.js                                  [39m[1m[2m    0.44 kB[22m[1m[22m[2m │ gzip:   0.31 kB[22m
2026-08-14T15:31:34.0988750Z [2mpublic/build-inertia/[22m[2massets/[22m[36mupload-BXJSCoOX.js                                    [39m[1m[2m    0.44 kB[22m[1m[22m[2m │ gzip:   0.32 kB[22m
2026-08-14T15:31:34.0990718Z [2mpublic/build-inertia/[22m[2massets/[22m[36mlog-out-CPQ2DgAs.js                                   [39m[1m[2m    0.44 kB[22m[1m[22m[2m │ gzip:   0.33 kB[22m
2026-08-14T15:31:34.0992679Z [2mpublic/build-inertia/[22m[2massets/[22m[36mlog-in-IMAw4BKJ.js                                    [39m[1m[2m    0.44 kB[22m[1m[22m[2m │ gzip:   0.32 kB[22m
2026-08-14T15:31:34.1024967Z [2mpublic/build-inertia/[22m[2massets/[22m[36mzap-BXHnhO5d.js                                       [39m[1m[2m    0.44 kB[22m[1m[22m[2m │ gzip:   0.32 kB[22m
2026-08-14T15:31:34.1026965Z [2mpublic/build-inertia/[22m[2massets/[22m[36mwrench-BF8oIMIa.js                                    [39m[1m[2m    0.44 kB[22m[1m[22m[2m │ gzip:   0.31 kB[22m
2026-08-14T15:31:34.1028918Z [2mpublic/build-inertia/[22m[2massets/[22m[36mdownload-BxDslZXQ.js                                  [39m[1m[2m    0.44 kB[22m[1m[22m[2m │ gzip:   0.33 kB[22m
2026-08-14T15:31:34.1030864Z [2mpublic/build-inertia/[22m[2massets/[22m[36mghost-B7FiXWnX.js                                     [39m[1m[2m    0.44 kB[22m[1m[22m[2m │ gzip:   0.31 kB[22m
2026-08-14T15:31:34.1032875Z [2mpublic/build-inertia/[22m[2massets/[22m[36mtriangle-alert-ByiULLsg.js                            [39m[1m[2m    0.44 kB[22m[1m[22m[2m │ gzip:   0.32 kB[22m
2026-08-14T15:31:34.1035044Z [2mpublic/build-inertia/[22m[2massets/[22m[36mworkflow-iXwzI70J.js                                  [39m[1m[2m    0.45 kB[22m[1m[22m[2m │ gzip:   0.31 kB[22m
2026-08-14T15:31:34.1036999Z [2mpublic/build-inertia/[22m[2massets/[22m[36meraser-D-VsYvXG.js                                    [39m[1m[2m    0.45 kB[22m[1m[22m[2m │ gzip:   0.32 kB[22m
2026-08-14T15:31:34.1038918Z [2mpublic/build-inertia/[22m[2massets/[22m[36mimage-CiQan69G.js                                     [39m[1m[2m    0.45 kB[22m[1m[22m[2m │ gzip:   0.33 kB[22m
2026-08-14T15:31:34.1040813Z [2mpublic/build-inertia/[22m[2massets/[22m[36mmic-DRRRUeWu.js                                       [39m[1m[2m    0.45 kB[22m[1m[22m[2m │ gzip:   0.32 kB[22m
2026-08-14T15:31:34.1042815Z [2mpublic/build-inertia/[22m[2massets/[22m[36mrepeat-BTZWNsut.js                                    [39m[1m[2m    0.45 kB[22m[1m[22m[2m │ gzip:   0.31 kB[22m
2026-08-14T15:31:34.1044963Z [2mpublic/build-inertia/[22m[2massets/[22m[36mshield-DgME5G9I.js                                    [39m[1m[2m    0.45 kB[22m[1m[22m[2m │ gzip:   0.33 kB[22m
2026-08-14T15:31:34.1046955Z [2mpublic/build-inertia/[22m[2massets/[22m[36mgit-branch-RDUTw3rj.js                                [39m[1m[2m    0.45 kB[22m[1m[22m[2m │ gzip:   0.32 kB[22m
2026-08-14T15:31:34.1048913Z [2mpublic/build-inertia/[22m[2massets/[22m[36mKpiGrid-C84baWhl.js                                   [39m[1m[2m    0.45 kB[22m[1m[22m[2m │ gzip:   0.25 kB[22m
2026-08-14T15:31:34.1050847Z [2mpublic/build-inertia/[22m[2massets/[22m[36mpencil-GkD15HYH.js                                    [39m[1m[2m    0.46 kB[22m[1m[22m[2m │ gzip:   0.33 kB[22m
2026-08-14T15:31:34.1052787Z [2mpublic/build-inertia/[22m[2massets/[22m[36mpen-line-D4On17_v.js                                  [39m[1m[2m    0.46 kB[22m[1m[22m[2m │ gzip:   0.33 kB[22m
2026-08-14T15:31:34.1084691Z [2mpublic/build-inertia/[22m[2massets/[22m[36mlist-checks-BLIi8u3n.js                               [39m[1m[2m    0.46 kB[22m[1m[22m[2m │ gzip:   0.30 kB[22m
2026-08-14T15:31:34.1086917Z [2mpublic/build-inertia/[22m[2massets/[22m[36museInboxFavs-DduL49Wq.js                              [39m[1m[2m    0.46 kB[22m[1m[22m[2m │ gzip:   0.32 kB[22m
2026-08-14T15:31:34.1088869Z [2mpublic/build-inertia/[22m[2massets/[22m[36minbox-Edi_Bw7_.js                                     [39m[1m[2m    0.47 kB[22m[1m[22m[2m │ gzip:   0.34 kB[22m
2026-08-14T15:31:34.1090800Z [2mpublic/build-inertia/[22m[2massets/[22m[36mwallet-C2Cgjs0L.js                                    [39m[1m[2m    0.47 kB[22m[1m[22m[2m │ gzip:   0.31 kB[22m
2026-08-14T15:31:34.1092782Z [2mpublic/build-inertia/[22m[2massets/[22m[36mshopping-cart-t2nzLsUw.js                             [39m[1m[2m    0.47 kB[22m[1m[22m[2m │ gzip:   0.33 kB[22m
2026-08-14T15:31:34.1094967Z [2mpublic/build-inertia/[22m[2massets/[22m[36msend-l9laS-lx.js                                      [39m[1m[2m    0.47 kB[22m[1m[22m[2m │ gzip:   0.34 kB[22m
2026-08-14T15:31:34.1096961Z [2mpublic/build-inertia/[22m[2massets/[22m[36mfolder-open-BltYx2ad.js                               [39m[1m[2m    0.47 kB[22m[1m[22m[2m │ gzip:   0.33 kB[22m
2026-08-14T15:31:34.1098926Z [2mpublic/build-inertia/[22m[2massets/[22m[36mreceipt-BbkCu29N.js                                   [39m[1m[2m    0.47 kB[22m[1m[22m[2m │ gzip:   0.32 kB[22m
2026-08-14T15:31:34.1100913Z [2mpublic/build-inertia/[22m[2massets/[22m[36mreceipt-text-C89tx6Ay.js                              [39m[1m[2m    0.48 kB[22m[1m[22m[2m │ gzip:   0.31 kB[22m
2026-08-14T15:31:34.1102901Z [2mpublic/build-inertia/[22m[2massets/[22m[36mmaximize-2-BaCMcje_.js                                [39m[1m[2m    0.48 kB[22m[1m[22m[2m │ gzip:   0.32 kB[22m
2026-08-14T15:31:34.1105068Z [2mpublic/build-inertia/[22m[2massets/[22m[36mlist-Cka6VWcD.js                                      [39m[1m[2m    0.48 kB[22m[1m[22m[2m │ gzip:   0.29 kB[22m
2026-08-14T15:31:34.1107078Z [2mpublic/build-inertia/[22m[2massets/[22m[36mclipboard-check-DYwNbuja.js                           [39m[1m[2m    0.48 kB[22m[1m[22m[2m │ gzip:   0.34 kB[22m
2026-08-14T15:31:34.1109088Z [2mpublic/build-inertia/[22m[2massets/[22m[36musers-Cglz_vgU.js                                     [39m[1m[2m    0.48 kB[22m[1m[22m[2m │ gzip:   0.33 kB[22m
2026-08-14T15:31:34.1110984Z [2mpublic/build-inertia/[22m[2massets/[22m[36mcoffee-0AMDHqtw.js                                    [39m[1m[2m    0.48 kB[22m[1m[22m[2m │ gzip:   0.32 kB[22m
2026-08-14T15:31:34.1112887Z [2mpublic/build-inertia/[22m[2massets/[22m[36muser-x-CU2McDME.js                                    [39m[1m[2m    0.49 kB[22m[1m[22m[2m │ gzip:   0.34 kB[22m
2026-08-14T15:31:34.1145166Z [2mpublic/build-inertia/[22m[2massets/[22m[36muser-plus-UMolL7rS.js                                 [39m[1m[2m    0.49 kB[22m[1m[22m[2m │ gzip:   0.34 kB[22m
2026-08-14T15:31:34.1147210Z [2mpublic/build-inertia/[22m[2massets/[22m[36mshield-half-DrprkPQ9.js                               [39m[1m[2m    0.49 kB[22m[1m[22m[2m │ gzip:   0.35 kB[22m
2026-08-14T15:31:34.1149229Z [2mpublic/build-inertia/[22m[2massets/[22m[36mbadge-check-BkjL9dfa.js                               [39m[1m[2m    0.50 kB[22m[1m[22m[2m │ gzip:   0.32 kB[22m
2026-08-14T15:31:34.1151246Z [2mpublic/build-inertia/[22m[2massets/[22m[36mshield-check-BwLzP1WO.js                              [39m[1m[2m    0.50 kB[22m[1m[22m[2m │ gzip:   0.35 kB[22m
2026-08-14T15:31:34.1153249Z [2mpublic/build-inertia/[22m[2massets/[22m[36msquare-pen-DYoPQBRI.js                                [39m[1m[2m    0.50 kB[22m[1m[22m[2m │ gzip:   0.35 kB[22m
2026-08-14T15:31:34.1155675Z [2mpublic/build-inertia/[22m[2massets/[22m[36mprinter-VRcod_8U.js                                   [39m[1m[2m    0.50 kB[22m[1m[22m[2m │ gzip:   0.34 kB[22m
2026-08-14T15:31:34.1157877Z [2mpublic/build-inertia/[22m[2massets/[22m[36mrefresh-cw-DZKHwgO6.js                                [39m[1m[2m    0.50 kB[22m[1m[22m[2m │ gzip:   0.33 kB[22m
2026-08-14T15:31:34.1159874Z [2mpublic/build-inertia/[22m[2massets/[22m[36mpiggy-bank-CdawlfSy.js                                [39m[1m[2m    0.50 kB[22m[1m[22m[2m │ gzip:   0.36 kB[22m
2026-08-14T15:31:34.1161896Z [2mpublic/build-inertia/[22m[2massets/[22m[36mfile-search-DhSfa0HR.js                               [39m[1m[2m    0.50 kB[22m[1m[22m[2m │ gzip:   0.34 kB[22m
2026-08-14T15:31:34.1164124Z [2mpublic/build-inertia/[22m[2massets/[22m[36mcontact-round-C05sPAm7.js                             [39m[1m[2m    0.51 kB[22m[1m[22m[2m │ gzip:   0.35 kB[22m
2026-08-14T15:31:34.1166122Z [2mpublic/build-inertia/[22m[2massets/[22m[36mtag-BtEkNM_H.js                                       [39m[1m[2m    0.51 kB[22m[1m[22m[2m │ gzip:   0.36 kB[22m
2026-08-14T15:31:34.1168047Z [2mpublic/build-inertia/[22m[2massets/[22m[36msave-CniPo_xk.js                                      [39m[1m[2m    0.51 kB[22m[1m[22m[2m │ gzip:   0.33 kB[22m
2026-08-14T15:31:34.1169932Z [2mpublic/build-inertia/[22m[2massets/[22m[36mbot-oMINQuHU.js                                       [39m[1m[2m    0.51 kB[22m[1m[22m[2m │ gzip:   0.33 kB[22m
2026-08-14T15:31:34.1171890Z [2mpublic/build-inertia/[22m[2massets/[22m[36mscan-line-CCYLXaLL.js                                 [39m[1m[2m    0.51 kB[22m[1m[22m[2m │ gzip:   0.32 kB[22m
2026-08-14T15:31:34.1204183Z [2mpublic/build-inertia/[22m[2massets/[22m[36mgraduation-cap-Bk9IbeG9.js                            [39m[1m[2m    0.51 kB[22m[1m[22m[2m │ gzip:   0.35 kB[22m
2026-08-14T15:31:34.1206322Z [2mpublic/build-inertia/[22m[2massets/[22m[36mlist-ordered-CjKBG9EE.js                              [39m[1m[2m    0.51 kB[22m[1m[22m[2m │ gzip:   0.32 kB[22m
2026-08-14T15:31:34.1208385Z [2mpublic/build-inertia/[22m[2massets/[22m[36mfile-text-qoHbbbUv.js                                 [39m[1m[2m    0.51 kB[22m[1m[22m[2m │ gzip:   0.32 kB[22m
2026-08-14T15:31:34.1210422Z [2mpublic/build-inertia/[22m[2massets/[22m[36mlayout-grid-Dw3dxW-V.js                               [39m[1m[2m    0.53 kB[22m[1m[22m[2m │ gzip:   0.30 kB[22m
2026-08-14T15:31:34.1212442Z [2mpublic/build-inertia/[22m[2massets/[22m[36mcontainer-bFNtMLYV.js                                 [39m[1m[2m    0.53 kB[22m[1m[22m[2m │ gzip:   0.35 kB[22m
2026-08-14T15:31:34.1214634Z [2mpublic/build-inertia/[22m[2massets/[22m[36mpin-Ct_E1xC8.js                                       [39m[1m[2m    0.53 kB[22m[1m[22m[2m │ gzip:   0.34 kB[22m
2026-08-14T15:31:34.1216617Z [2mpublic/build-inertia/[22m[2massets/[22m[36mAvatar-xeAbYkZl.js                                    [39m[1m[2m    0.53 kB[22m[1m[22m[2m │ gzip:   0.37 kB[22m
2026-08-14T15:31:34.1218650Z [2mpublic/build-inertia/[22m[2massets/[22m[36mshield-alert-BLI3KZoU.js                              [39m[1m[2m    0.53 kB[22m[1m[22m[2m │ gzip:   0.37 kB[22m
2026-08-14T15:31:34.1220631Z [2mpublic/build-inertia/[22m[2massets/[22m[36mwebhook-q4baTExm.js                                   [39m[1m[2m    0.53 kB[22m[1m[22m[2m │ gzip:   0.38 kB[22m
2026-08-14T15:31:34.1222636Z [2mpublic/build-inertia/[22m[2massets/[22m[36mmonitor-play-gSqRwlHd.js                              [39m[1m[2m    0.54 kB[22m[1m[22m[2m │ gzip:   0.36 kB[22m
2026-08-14T15:31:34.1224842Z [2mpublic/build-inertia/[22m[2massets/[22m[36mgift-Ctn1mQ2m.js                                      [39m[1m[2m    0.54 kB[22m[1m[22m[2m │ gzip:   0.36 kB[22m
2026-08-14T15:31:34.1226795Z [2mpublic/build-inertia/[22m[2massets/[22m[36mtrash-2-Bm_R7I-0.js                                   [39m[1m[2m    0.54 kB[22m[1m[22m[2m │ gzip:   0.35 kB[22m
2026-08-14T15:31:34.1228997Z [2mpublic/build-inertia/[22m[2massets/[22m[36mhourglass-3xU_lg5w.js                                 [39m[1m[2m    0.54 kB[22m[1m[22m[2m │ gzip:   0.34 kB[22m
2026-08-14T15:31:34.1231189Z [2mpublic/build-inertia/[22m[2massets/[22m[36mlayout-list-CKneLIdX.js                               [39m[1m[2m    0.54 kB[22m[1m[22m[2m │ gzip:   0.33 kB[22m
2026-08-14T15:31:34.1233175Z [2mpublic/build-inertia/[22m[2massets/[22m[36mwarehouse-BGmsOPQH.js                                 [39m[1m[2m    0.54 kB[22m[1m[22m[2m │ gzip:   0.36 kB[22m
2026-08-14T15:31:34.1265540Z [2mpublic/build-inertia/[22m[2massets/[22m[36mimage-plus-DvrybS4I.js                                [39m[1m[2m    0.54 kB[22m[1m[22m[2m │ gzip:   0.36 kB[22m
2026-08-14T15:31:34.1267526Z [2mpublic/build-inertia/[22m[2massets/[22m[36mindex-DKa7Oz9H.js                                     [39m[1m[2m    0.54 kB[22m[1m[22m[2m │ gzip:   0.35 kB[22m
2026-08-14T15:31:34.1269464Z [2mpublic/build-inertia/[22m[2massets/[22m[36mfuel-JTIeLxih.js                                      [39m[1m[2m    0.55 kB[22m[1m[22m[2m │ gzip:   0.35 kB[22m
2026-08-14T15:31:34.1271422Z [2mpublic/build-inertia/[22m[2massets/[22m[36mlife-buoy-Bkoeb-hH.js                                 [39m[1m[2m    0.56 kB[22m[1m[22m[2m │ gzip:   0.33 kB[22m
2026-08-14T15:31:34.1273577Z [2mpublic/build-inertia/[22m[2massets/[22m[36mpackage-QvVFiDPW.js                                   [39m[1m[2m    0.57 kB[22m[1m[22m[2m │ gzip:   0.36 kB[22m
2026-08-14T15:31:34.1275531Z [2mpublic/build-inertia/[22m[2massets/[22m[36mphone-DMWtO0ol.js                                     [39m[1m[2m    0.57 kB[22m[1m[22m[2m │ gzip:   0.36 kB[22m
2026-08-14T15:31:34.1277471Z [2mpublic/build-inertia/[22m[2massets/[22m[36mtruck-CK93tR4k.js                                     [39m[1m[2m    0.58 kB[22m[1m[22m[2m │ gzip:   0.37 kB[22m
2026-08-14T15:31:34.1279427Z [2mpublic/build-inertia/[22m[2massets/[22m[36mcar-8f16jqJQ.js                                       [39m[1m[2m    0.58 kB[22m[1m[22m[2m │ gzip:   0.39 kB[22m
2026-08-14T15:31:34.1281361Z [2mpublic/build-inertia/[22m[2massets/[22m[36mlandmark-ChPg72uN.js                                  [39m[1m[2m    0.59 kB[22m[1m[22m[2m │ gzip:   0.34 kB[22m
2026-08-14T15:31:34.1283313Z [2mpublic/build-inertia/[22m[2massets/[22m[36mcalendar-range-C2wAPp7k.js                            [39m[1m[2m    0.59 kB[22m[1m[22m[2m │ gzip:   0.36 kB[22m
2026-08-14T15:31:34.1285832Z [2mpublic/build-inertia/[22m[2massets/[22m[36msquare-gGc79Lsn.js                                    [39m[1m[2m    0.61 kB[22m[1m[22m[2m │ gzip:   0.32 kB[22m
2026-08-14T15:31:34.1287770Z [2mpublic/build-inertia/[22m[2massets/[22m[36meye-off-B_pxPbNp.js                                   [39m[1m[2m    0.61 kB[22m[1m[22m[2m │ gzip:   0.38 kB[22m
2026-08-14T15:31:34.1289706Z [2mpublic/build-inertia/[22m[2massets/[22m[36mbuilding-2-CkZEBpD1.js                                [39m[1m[2m    0.62 kB[22m[1m[22m[2m │ gzip:   0.35 kB[22m
2026-08-14T15:31:34.1291656Z [2mpublic/build-inertia/[22m[2massets/[22m[36mkeyboard-Bc0QMUdg.js                                  [39m[1m[2m    0.63 kB[22m[1m[22m[2m │ gzip:   0.36 kB[22m
2026-08-14T15:31:34.1323895Z [2mpublic/build-inertia/[22m[2massets/[22m[36mVdSource-84tCPC_J.js                                  [39m[1m[2m    0.64 kB[22m[1m[22m[2m │ gzip:   0.42 kB[22m
2026-08-14T15:31:34.1325999Z [2mpublic/build-inertia/[22m[2massets/[22m[36mmessage-square-dashed-BSZW41yE.js                     [39m[1m[2m    0.64 kB[22m[1m[22m[2m │ gzip:   0.36 kB[22m
2026-08-14T15:31:34.1328042Z [2mpublic/build-inertia/[22m[2massets/[22m[36mstar-BX009swl.js                                      [39m[1m[2m    0.65 kB[22m[1m[22m[2m │ gzip:   0.41 kB[22m
2026-08-14T15:31:34.1330431Z [2mpublic/build-inertia/[22m[2massets/[22m[36mFinPillContaIndefinida-BcSxZumR.js                    [39m[1m[2m    0.65 kB[22m[1m[22m[2m │ gzip:   0.45 kB[22m
2026-08-14T15:31:34.1332733Z [2mpublic/build-inertia/[22m[2massets/[22m[36mFabJana-BE5MD-5U.js                                   [39m[1m[2m    0.67 kB[22m[1m[22m[2m │ gzip:   0.44 kB[22m
2026-08-14T15:31:34.1334928Z [2mpublic/build-inertia/[22m[2massets/[22m[36mcalendar-days-Bap2jbzV.js                             [39m[1m[2m    0.67 kB[22m[1m[22m[2m │ gzip:   0.37 kB[22m
2026-08-14T15:31:34.1336947Z [2mpublic/build-inertia/[22m[2massets/[22m[36msparkles-K7hWXJfq.js                                  [39m[1m[2m    0.69 kB[22m[1m[22m[2m │ gzip:   0.41 kB[22m
2026-08-14T15:31:34.1338938Z [2mpublic/build-inertia/[22m[2massets/[22m[36mwand-sparkles-BrEuQjvI.js                             [39m[1m[2m    0.69 kB[22m[1m[22m[2m │ gzip:   0.40 kB[22m
2026-08-14T15:31:34.1340970Z [2mpublic/build-inertia/[22m[2massets/[22m[36mnumberPtBR-DvieJ5FY.js                                [39m[1m[2m    0.70 kB[22m[1m[22m[2m │ gzip:   0.41 kB[22m
2026-08-14T15:31:34.1342998Z [2mpublic/build-inertia/[22m[2massets/[22m[36mlink-2-i5XEorBr.js                                    [39m[1m[2m    0.71 kB[22m[1m[22m[2m │ gzip:   0.36 kB[22m
2026-08-14T15:31:34.1345146Z [2mpublic/build-inertia/[22m[2massets/[22m[36munlink-DrsJDD6J.js                                    [39m[1m[2m    0.71 kB[22m[1m[22m[2m │ gzip:   0.41 kB[22m
2026-08-14T15:31:34.1347111Z [2mpublic/build-inertia/[22m[2massets/[22m[36mcalculator-hD7-nJBJ.js                                [39m[1m[2m    0.71 kB[22m[1m[22m[2m │ gzip:   0.39 kB[22m
2026-08-14T15:31:34.1349121Z [2mpublic/build-inertia/[22m[2massets/[22m[36mcircle-arrow-up-B8SaKWMl.js                           [39m[1m[2m    0.73 kB[22m[1m[22m[2m │ gzip:   0.34 kB[22m
2026-08-14T15:31:34.1351135Z [2mpublic/build-inertia/[22m[2massets/[22m[36mcolumns-3-B26-CFuk.js                                 [39m[1m[2m    0.73 kB[22m[1m[22m[2m │ gzip:   0.36 kB[22m
2026-08-14T15:31:34.1353107Z [2mpublic/build-inertia/[22m[2massets/[22m[36museJanaAsk-BYz_XawO.js                                [39m[1m[2m    0.76 kB[22m[1m[22m[2m │ gzip:   0.49 kB[22m
2026-08-14T15:31:34.1385822Z [2mpublic/build-inertia/[22m[2massets/[22m[36muser-cog-DxnBrWzz.js                                  [39m[1m[2m    0.76 kB[22m[1m[22m[2m │ gzip:   0.42 kB[22m
2026-08-14T15:31:34.1387809Z [2mpublic/build-inertia/[22m[2massets/[22m[36mvideo-DYQYZ6ML.js                                     [39m[1m[2m    0.76 kB[22m[1m[22m[2m │ gzip:   0.40 kB[22m
2026-08-14T15:31:34.1389721Z [2mpublic/build-inertia/[22m[2massets/[22m[36mrecycle-DGT0UwIZ.js                                   [39m[1m[2m    0.76 kB[22m[1m[22m[2m │ gzip:   0.46 kB[22m
2026-08-14T15:31:34.1391719Z [2mpublic/build-inertia/[22m[2massets/[22m[36msliders-horizontal-Cj7T92MK.js                        [39m[1m[2m    0.76 kB[22m[1m[22m[2m │ gzip:   0.37 kB[22m
2026-08-14T15:31:34.1393904Z [2mpublic/build-inertia/[22m[2massets/[22m[36mtextarea-rJhgAIQi.js                                  [39m[1m[2m    0.77 kB[22m[1m[22m[2m │ gzip:   0.44 kB[22m
2026-08-14T15:31:34.1396219Z [2mpublic/build-inertia/[22m[2massets/[22m[36mgrid-FxrfKlFh.js                                      [39m[1m[2m    0.77 kB[22m[1m[22m[2m │ gzip:   0.42 kB[22m
2026-08-14T15:31:34.1398230Z [2mpublic/build-inertia/[22m[2massets/[22m[36mfiscal-helpers-C_jT_Lnd.js                            [39m[1m[2m    0.77 kB[22m[1m[22m[2m │ gzip:   0.44 kB[22m
2026-08-14T15:31:34.1400201Z [2mpublic/build-inertia/[22m[2massets/[22m[36mbr-mask-Cad2JdwR.js                                   [39m[1m[2m    0.79 kB[22m[1m[22m[2m │ gzip:   0.31 kB[22m
2026-08-14T15:31:34.1402140Z [2mpublic/build-inertia/[22m[2massets/[22m[36mlabel-DDDb2ssU.js                                     [39m[1m[2m    0.79 kB[22m[1m[22m[2m │ gzip:   0.48 kB[22m
2026-08-14T15:31:34.1404589Z [2mpublic/build-inertia/[22m[2massets/[22m[36mstack-2P0mcqAx.js                                     [39m[1m[2m    0.82 kB[22m[1m[22m[2m │ gzip:   0.44 kB[22m
2026-08-14T15:31:34.1406734Z [2mpublic/build-inertia/[22m[2massets/[22m[36mField-CD72C8KV.js                                     [39m[1m[2m    0.83 kB[22m[1m[22m[2m │ gzip:   0.51 kB[22m
2026-08-14T15:31:34.1408695Z [2mpublic/build-inertia/[22m[2massets/[22m[36mqr-code-Bl324C-3.js                                   [39m[1m[2m    0.83 kB[22m[1m[22m[2m │ gzip:   0.42 kB[22m
2026-08-14T15:31:34.1410640Z [2mpublic/build-inertia/[22m[2massets/[22m[36mSavedViewsChips-C2aByvrs.js                           [39m[1m[2m    0.83 kB[22m[1m[22m[2m │ gzip:   0.46 kB[22m
2026-08-14T15:31:34.1412644Z [2mpublic/build-inertia/[22m[2massets/[22m[36mrefresh-ccw-_QxnkcZz.js                               [39m[1m[2m    0.83 kB[22m[1m[22m[2m │ gzip:   0.40 kB[22m
2026-08-14T15:31:34.1444927Z [2mpublic/build-inertia/[22m[2massets/[22m[36mKbFavStar-3LcMZGhA.js                                 [39m[1m[2m    0.84 kB[22m[1m[22m[2m │ gzip:   0.51 kB[22m
2026-08-14T15:31:34.1446926Z [2mpublic/build-inertia/[22m[2massets/[22m[36mzoom-out-C_ONT_my.js                                  [39m[1m[2m    0.85 kB[22m[1m[22m[2m │ gzip:   0.33 kB[22m
2026-08-14T15:31:34.1448880Z [2mpublic/build-inertia/[22m[2massets/[22m[36mPageHeader-DPUPIN_s.js                                [39m[1m[2m    0.85 kB[22m[1m[22m[2m │ gzip:   0.46 kB[22m
2026-08-14T15:31:34.1450845Z [2mpublic/build-inertia/[22m[2massets/[22m[36mplug-BWtFas5f.js                                      [39m[1m[2m    0.86 kB[22m[1m[22m[2m │ gzip:   0.41 kB[22m
2026-08-14T15:31:34.1452768Z [2mpublic/build-inertia/[22m[2massets/[22m[36mcog-DFxkEAbE.js                                       [39m[1m[2m    0.89 kB[22m[1m[22m[2m │ gzip:   0.45 kB[22m
2026-08-14T15:31:34.1454900Z [2mpublic/build-inertia/[22m[2massets/[22m[36minline-dp6DD-IY.js                                    [39m[1m[2m    0.89 kB[22m[1m[22m[2m │ gzip:   0.47 kB[22m
2026-08-14T15:31:34.1456852Z [2mpublic/build-inertia/[22m[2massets/[22m[36mbr-validate-DFNA67Uj.js                               [39m[1m[2m    0.90 kB[22m[1m[22m[2m │ gzip:   0.40 kB[22m
2026-08-14T15:31:34.1458858Z [2mpublic/build-inertia/[22m[2massets/[22m[36mforma-pagamento-CvxwNOXx.js                           [39m[1m[2m    0.90 kB[22m[1m[22m[2m │ gzip:   0.48 kB[22m
2026-08-14T15:31:34.1460809Z [2mpublic/build-inertia/[22m[2massets/[22m[36mos-Di65-Nqx.js                                        [39m[1m[2m    0.90 kB[22m[1m[22m[2m │ gzip:   0.36 kB[22m
2026-08-14T15:31:34.1462721Z [2mpublic/build-inertia/[22m[2massets/[22m[36msettings-BuuykYvw.js                                  [39m[1m[2m    0.91 kB[22m[1m[22m[2m │ gzip:   0.45 kB[22m
2026-08-14T15:31:34.1464952Z [2mpublic/build-inertia/[22m[2massets/[22m[36mprintExtractStyles-BLkwRNsM.js                        [39m[1m[2m    0.91 kB[22m[1m[22m[2m │ gzip:   0.40 kB[22m
2026-08-14T15:31:34.1466994Z [2mpublic/build-inertia/[22m[2massets/[22m[36mformat-br-HhfhvDpY.js                                 [39m[1m[2m    0.93 kB[22m[1m[22m[2m │ gzip:   0.40 kB[22m
2026-08-14T15:31:34.1468936Z [2mpublic/build-inertia/[22m[2massets/[22m[36mOsStageBadge-DbpEZAi1.js                              [39m[1m[2m    0.93 kB[22m[1m[22m[2m │ gzip:   0.52 kB[22m
2026-08-14T15:31:34.1470860Z [2mpublic/build-inertia/[22m[2massets/[22m[36minput-CyuM0fMv.js                                     [39m[1m[2m    0.94 kB[22m[1m[22m[2m │ gzip:   0.49 kB[22m
2026-08-14T15:31:34.1472826Z [2mpublic/build-inertia/[22m[2massets/[22m[36mshield-off-DJjMqB2s.js                                [39m[1m[2m    0.94 kB[22m[1m[22m[2m │ gzip:   0.49 kB[22m
2026-08-14T15:31:34.1500192Z [2mpublic/build-inertia/[22m[2massets/[22m[36mSparkline-CsOi8tBE.js                                 [39m[1m[2m    0.94 kB[22m[1m[22m[2m │ gzip:   0.58 kB[22m
2026-08-14T15:31:34.1502417Z [2mpublic/build-inertia/[22m[2massets/[22m[36museFinFavs-BmdT8TqN.js                                [39m[1m[2m    0.96 kB[22m[1m[22m[2m │ gzip:   0.58 kB[22m
2026-08-14T15:31:34.1504570Z [2mpublic/build-inertia/[22m[2massets/[22m[36mshare-2-PTGmkCzB.js                                   [39m[1m[2m    0.97 kB[22m[1m[22m[2m │ gzip:   0.47 kB[22m
2026-08-14T15:31:34.1506562Z [2mpublic/build-inertia/[22m[2massets/[22m[36mMercosulPlate-Bbn6N604.js                             [39m[1m[2m    0.97 kB[22m[1m[22m[2m │ gzip:   0.56 kB[22m
2026-08-14T15:31:34.1508579Z [2mpublic/build-inertia/[22m[2massets/[22m[36mActiveChip-D1hYk1qv.js                                [39m[1m[2m    0.97 kB[22m[1m[22m[2m │ gzip:   0.57 kB[22m
2026-08-14T15:31:34.1510570Z [2mpublic/build-inertia/[22m[2massets/[22m[36mscroll-text-NnbT0vf9.js                               [39m[1m[2m    1.00 kB[22m[1m[22m[2m │ gzip:   0.48 kB[22m
2026-08-14T15:31:34.1512561Z [2mpublic/build-inertia/[22m[2massets/[22m[36mslash-O5QJsjQl.js                                     [39m[1m[2m    1.00 kB[22m[1m[22m[2m │ gzip:   0.42 kB[22m
2026-08-14T15:31:34.1514702Z [2mpublic/build-inertia/[22m[2massets/[22m[36mbox-kgVBRCZe.js                                       [39m[1m[2m    1.01 kB[22m[1m[22m[2m │ gzip:   0.49 kB[22m
2026-08-14T15:31:34.1516678Z [2mpublic/build-inertia/[22m[2massets/[22m[36mBoardKpiCard-C6b0OvM-.js                              [39m[1m[2m    1.03 kB[22m[1m[22m[2m │ gzip:   0.59 kB[22m
2026-08-14T15:31:34.1518680Z [2mpublic/build-inertia/[22m[2massets/[22m[36mEmptyState-R7CtPZG7.js                                [39m[1m[2m    1.04 kB[22m[1m[22m[2m │ gzip:   0.52 kB[22m
2026-08-14T15:31:34.1520653Z [2mpublic/build-inertia/[22m[2massets/[22m[36mlinkify-CGDIcFoo.js                                   [39m[1m[2m    1.05 kB[22m[1m[22m[2m │ gzip:   0.51 kB[22m
2026-08-14T15:31:34.1522623Z [2mpublic/build-inertia/[22m[2massets/[22m[36mfield-state-DkAtVIEM.js                               [39m[1m[2m    1.05 kB[22m[1m[22m[2m │ gzip:   0.41 kB[22m
2026-08-14T15:31:34.1554936Z [2mpublic/build-inertia/[22m[2massets/[22m[36mcard-CH5wGtLe.js                                      [39m[1m[2m    1.07 kB[22m[1m[22m[2m │ gzip:   0.43 kB[22m
2026-08-14T15:31:34.1556904Z [2mpublic/build-inertia/[22m[2massets/[22m[36malert-DUAY5xWm.js                                     [39m[1m[2m    1.09 kB[22m[1m[22m[2m │ gzip:   0.54 kB[22m
2026-08-14T15:31:34.1558902Z [2mpublic/build-inertia/[22m[2massets/[22m[36mBulkActionBar-C_COl8i_.js                             [39m[1m[2m    1.09 kB[22m[1m[22m[2m │ gzip:   0.64 kB[22m
2026-08-14T15:31:34.1560916Z [2mpublic/build-inertia/[22m[2massets/[22m[36mwifi-off-DOG5PtqU.js                                  [39m[1m[2m    1.11 kB[22m[1m[22m[2m │ gzip:   0.50 kB[22m
2026-08-14T15:31:34.1562926Z [2mpublic/build-inertia/[22m[2massets/[22m[36mLinkedFornecedor-BkmgBBAq.js                          [39m[1m[2m    1.13 kB[22m[1m[22m[2m │ gzip:   0.55 kB[22m
2026-08-14T15:31:34.1565439Z [2mpublic/build-inertia/[22m[2massets/[22m[36mfactory-B7Z8qrZd.js                                   [39m[1m[2m    1.16 kB[22m[1m[22m[2m │ gzip:   0.47 kB[22m
2026-08-14T15:31:34.1567421Z [2mpublic/build-inertia/[22m[2massets/[22m[36mPageHeaderPrimary-CBOWPjnS.js                         [39m[1m[2m    1.18 kB[22m[1m[22m[2m │ gzip:   0.63 kB[22m
2026-08-14T15:31:34.1569405Z [2mpublic/build-inertia/[22m[2massets/[22m[36minput-group-2x3rKZeH.js                               [39m[1m[2m    1.19 kB[22m[1m[22m[2m │ gzip:   0.50 kB[22m
2026-08-14T15:31:34.1571389Z [2mpublic/build-inertia/[22m[2massets/[22m[36mshopping-bag-BFakoU2p.js                              [39m[1m[2m    1.20 kB[22m[1m[22m[2m │ gzip:   0.49 kB[22m
2026-08-14T15:31:34.1574210Z [2mpublic/build-inertia/[22m[2massets/[22m[36mvalidacoesFiscaisBr-CTbtiYKy.js                       [39m[1m[2m    1.22 kB[22m[1m[22m[2m │ gzip:   0.66 kB[22m
2026-08-14T15:31:34.1576273Z [2mpublic/build-inertia/[22m[2massets/[22m[36mFinPillFrescor-BPC5q-7w.js                            [39m[1m[2m    1.26 kB[22m[1m[22m[2m │ gzip:   0.64 kB[22m
2026-08-14T15:31:34.1578272Z [2mpublic/build-inertia/[22m[2massets/[22m[36mshared-tVcyAcKH.js                                    [39m[1m[2m    1.27 kB[22m[1m[22m[2m │ gzip:   0.71 kB[22m
2026-08-14T15:31:34.1580276Z [2mpublic/build-inertia/[22m[2massets/[22m[36mKanbanDndProvider-BtRnUg36.js                         [39m[1m[2m    1.29 kB[22m[1m[22m[2m │ gzip:   0.66 kB[22m
2026-08-14T15:31:34.1582254Z [2mpublic/build-inertia/[22m[2massets/[22m[36mscale-CVgzvaU8.js                                     [39m[1m[2m    1.30 kB[22m[1m[22m[2m │ gzip:   0.49 kB[22m
2026-08-14T15:31:34.1614564Z [2mpublic/build-inertia/[22m[2massets/[22m[36mVehicleStatusBadge-CL9ACTU3.js                        [39m[1m[2m    1.32 kB[22m[1m[22m[2m │ gzip:   0.61 kB[22m
2026-08-14T15:31:34.1616679Z [2mpublic/build-inertia/[22m[2massets/[22m[36mSaleLinkifier-CBNlSxxN.js                             [39m[1m[2m    1.34 kB[22m[1m[22m[2m │ gzip:   0.73 kB[22m
2026-08-14T15:31:34.1618687Z [2mpublic/build-inertia/[22m[2massets/[22m[36mPageFilters-BKIoByT_.js                               [39m[1m[2m    1.35 kB[22m[1m[22m[2m │ gzip:   0.70 kB[22m
2026-08-14T15:31:34.1620684Z [2mpublic/build-inertia/[22m[2massets/[22m[36mthumbs-up-C0uiMAFY.js                                 [39m[1m[2m    1.36 kB[22m[1m[22m[2m │ gzip:   0.59 kB[22m
2026-08-14T15:31:34.1622709Z [2mpublic/build-inertia/[22m[2massets/[22m[36mServiceOrderStatusBadge-fMIH4tVO.js                   [39m[1m[2m    1.40 kB[22m[1m[22m[2m │ gzip:   0.55 kB[22m
2026-08-14T15:31:34.1624888Z [2mpublic/build-inertia/[22m[2massets/[22m[36mbadges-_LYSrN7j.js                                    [39m[1m[2m    1.42 kB[22m[1m[22m[2m │ gzip:   0.49 kB[22m
2026-08-14T15:31:34.1626800Z [2mpublic/build-inertia/[22m[2massets/[22m[36mOsPipeline--c0vllPP.js                                [39m[1m[2m    1.43 kB[22m[1m[22m[2m │ gzip:   0.74 kB[22m
2026-08-14T15:31:34.1628721Z [2mpublic/build-inertia/[22m[2massets/[22m[36mradio-C6S-WSWI.js                                     [39m[1m[2m    1.44 kB[22m[1m[22m[2m │ gzip:   0.58 kB[22m
2026-08-14T15:31:34.1630711Z [2mpublic/build-inertia/[22m[2massets/[22m[36mFinCrossLinkify-Bha5Fvic.js                           [39m[1m[2m    1.44 kB[22m[1m[22m[2m │ gzip:   0.72 kB[22m
2026-08-14T15:31:34.1632763Z [2mpublic/build-inertia/[22m[2massets/[22m[36mFinStatStrip-CJrA9wGk.js                              [39m[1m[2m    1.45 kB[22m[1m[22m[2m │ gzip:   0.76 kB[22m
2026-08-14T15:31:34.1634896Z [2mpublic/build-inertia/[22m[2massets/[22m[36mtext-DrW8RckJ.js                                      [39m[1m[2m    1.48 kB[22m[1m[22m[2m │ gzip:   0.62 kB[22m
2026-08-14T15:31:34.1637183Z [2mpublic/build-inertia/[22m[2massets/[22m[36mMicrosoftIcon-DKe9FEeR.js                             [39m[1m[2m    1.49 kB[22m[1m[22m[2m │ gzip:   0.66 kB[22m
2026-08-14T15:31:34.1639200Z [2mpublic/build-inertia/[22m[2massets/[22m[36mSellsTabsVisao-Dk2O3g7_.js                            [39m[1m[2m    1.53 kB[22m[1m[22m[2m │ gzip:   0.80 kB[22m
2026-08-14T15:31:34.1641236Z [2mpublic/build-inertia/[22m[2massets/[22m[36mSaleJourneyStepper-Bnp7Y0Iw.js                        [39m[1m[2m    1.56 kB[22m[1m[22m[2m │ gzip:   0.72 kB[22m
2026-08-14T15:31:34.1643327Z [2mpublic/build-inertia/[22m[2massets/[22m[36mFinAnomalyDetector-C0fQu7NB.js                        [39m[1m[2m    1.56 kB[22m[1m[22m[2m │ gzip:   0.74 kB[22m
2026-08-14T15:31:34.1676034Z [2mpublic/build-inertia/[22m[2massets/[22m[36mCheatSheetSettings-CSRAsGHg.js                        [39m[1m[2m    1.57 kB[22m[1m[22m[2m │ gzip:   0.83 kB[22m
2026-08-14T15:31:34.1678126Z [2mpublic/build-inertia/[22m[2massets/[22m[36mCheatSheet-DdWBdCr8.js                                [39m[1m[2m    1.57 kB[22m[1m[22m[2m │ gzip:   0.84 kB[22m
2026-08-14T15:31:34.1680147Z [2mpublic/build-inertia/[22m[2massets/[22m[36mcreateLucideIcon-NmEh5js9.js                          [39m[1m[2m    1.58 kB[22m[1m[22m[2m │ gzip:   0.66 kB[22m
2026-08-14T15:31:34.1682160Z [2mpublic/build-inertia/[22m[2massets/[22m[36mFinAgeing-LFlHGCF8.js                                 [39m[1m[2m    1.59 kB[22m[1m[22m[2m │ gzip:   0.76 kB[22m
2026-08-14T15:31:34.1684381Z [2mpublic/build-inertia/[22m[2massets/[22m[36mInboxMobileTabs-Ca3YL3PB.js                           [39m[1m[2m    1.60 kB[22m[1m[22m[2m │ gzip:   0.86 kB[22m
2026-08-14T15:31:34.1686497Z [2mpublic/build-inertia/[22m[2massets/[22m[36mVisibilidadeColunas-C-pVrlaX.js                       [39m[1m[2m    1.61 kB[22m[1m[22m[2m │ gzip:   0.89 kB[22m
2026-08-14T15:31:34.1688968Z [2mpublic/build-inertia/[22m[2massets/[22m[36mbadge-C4qq9pGH.js                                     [39m[1m[2m    1.63 kB[22m[1m[22m[2m │ gzip:   0.72 kB[22m
2026-08-14T15:31:34.1690904Z [2mpublic/build-inertia/[22m[2massets/[22m[36mGraphCanvas-DzzmjlSS.js                               [39m[1m[2m    1.66 kB[22m[1m[22m[2m │ gzip:   0.95 kB[22m
2026-08-14T15:31:34.1692819Z [2mpublic/build-inertia/[22m[2massets/[22m[36mAvatar-C3Jh4_m8.js                                    [39m[1m[2m    1.68 kB[22m[1m[22m[2m │ gzip:   0.68 kB[22m
2026-08-14T15:31:34.1694954Z [2mpublic/build-inertia/[22m[2massets/[22m[36mGraphLegend-Bqpfr85O.js                               [39m[1m[2m    1.69 kB[22m[1m[22m[2m │ gzip:   0.73 kB[22m
2026-08-14T15:31:34.1696968Z [2mpublic/build-inertia/[22m[2massets/[22m[36mInboxCheatSheet-CYN-VPis.js                           [39m[1m[2m    1.73 kB[22m[1m[22m[2m │ gzip:   0.90 kB[22m
2026-08-14T15:31:34.1698951Z [2mpublic/build-inertia/[22m[2massets/[22m[36mPage-Bn7wBv91.js                                      [39m[1m[2m    1.73 kB[22m[1m[22m[2m │ gzip:   0.86 kB[22m
2026-08-14T15:31:34.1700960Z [2mpublic/build-inertia/[22m[2massets/[22m[36mWriteOffAuditoriaCard-DYsNiRz0.js                     [39m[1m[2m    1.76 kB[22m[1m[22m[2m │ gzip:   0.89 kB[22m
2026-08-14T15:31:34.1703003Z [2mpublic/build-inertia/[22m[2massets/[22m[36mFinConferidoToggle-De4N51fQ.js                        [39m[1m[2m    1.78 kB[22m[1m[22m[2m │ gzip:   0.81 kB[22m
2026-08-14T15:31:34.1735346Z [2mpublic/build-inertia/[22m[2massets/[22m[36mLinkedHistorico-CYIBKUdV.js                           [39m[1m[2m    1.80 kB[22m[1m[22m[2m │ gzip:   0.88 kB[22m
2026-08-14T15:31:34.1737380Z [2mpublic/build-inertia/[22m[2massets/[22m[36mTaskBadges-CFqgcN0x.js                                [39m[1m[2m    1.80 kB[22m[1m[22m[2m │ gzip:   0.84 kB[22m
2026-08-14T15:31:34.1739364Z [2mpublic/build-inertia/[22m[2massets/[22m[36mLinkedItens-2I89vmYt.js                               [39m[1m[2m    1.84 kB[22m[1m[22m[2m │ gzip:   0.88 kB[22m
2026-08-14T15:31:34.1741709Z [2mpublic/build-inertia/[22m[2massets/[22m[36mMediaPreviewCard-pJSQfZ9f.js                          [39m[1m[2m    1.87 kB[22m[1m[22m[2m │ gzip:   0.93 kB[22m
2026-08-14T15:31:34.1744002Z [2mpublic/build-inertia/[22m[2massets/[22m[36mFunnelStrip-DP1SL045.js                               [39m[1m[2m    1.87 kB[22m[1m[22m[2m │ gzip:   0.82 kB[22m
2026-08-14T15:31:34.1746075Z [2mpublic/build-inertia/[22m[2massets/[22m[36mInboxPresenterMode-BeiKKpQc.js                        [39m[1m[2m    1.89 kB[22m[1m[22m[2m │ gzip:   1.04 kB[22m
2026-08-14T15:31:34.1748332Z [2mpublic/build-inertia/[22m[2massets/[22m[36mindex-DnrUr2zv.js                                     [39m[1m[2m    1.93 kB[22m[1m[22m[2m │ gzip:   0.95 kB[22m
2026-08-14T15:31:34.1750294Z [2mpublic/build-inertia/[22m[2massets/[22m[36mbutton-X_HAZzwg.js                                    [39m[1m[2m    1.96 kB[22m[1m[22m[2m │ gzip:   0.84 kB[22m
2026-08-14T15:31:34.1752286Z [2mpublic/build-inertia/[22m[2massets/[22m[36mprintServiceOrder-iVkJ9fQ8.js                         [39m[1m[2m    1.98 kB[22m[1m[22m[2m │ gzip:   0.99 kB[22m
2026-08-14T15:31:34.1754547Z [2mpublic/build-inertia/[22m[2massets/[22m[36msefaz-codes-TA7w3gHx.js                               [39m[1m[2m    2.03 kB[22m[1m[22m[2m │ gzip:   0.91 kB[22m
2026-08-14T15:31:34.1756512Z [2mpublic/build-inertia/[22m[2massets/[22m[36mFiscalSplitCard-D_Pd68fu.js                           [39m[1m[2m    2.10 kB[22m[1m[22m[2m │ gzip:   0.80 kB[22m
2026-08-14T15:31:34.1758522Z [2mpublic/build-inertia/[22m[2massets/[22m[36mBlogPost-9yn-Jgmf.js                                  [39m[1m[2m    2.13 kB[22m[1m[22m[2m │ gzip:   1.07 kB[22m
2026-08-14T15:31:34.1760455Z [2mpublic/build-inertia/[22m[2massets/[22m[36mCheatSheet-42iXn_R5.js                                [39m[1m[2m    2.16 kB[22m[1m[22m[2m │ gzip:   1.02 kB[22m
2026-08-14T15:31:34.1762402Z [2mpublic/build-inertia/[22m[2massets/[22m[36mindex-CrNX6L0f.js                                     [39m[1m[2m    2.17 kB[22m[1m[22m[2m │ gzip:   0.96 kB[22m
2026-08-14T15:31:34.1789497Z [2mpublic/build-inertia/[22m[2massets/[22m[36mShortcutsOverlay-D3EE28tA.js                          [39m[1m[2m    2.24 kB[22m[1m[22m[2m │ gzip:   1.05 kB[22m
2026-08-14T15:31:34.1791552Z [2mpublic/build-inertia/[22m[2massets/[22m[36mindex-DDNnSx3c.js                                     [39m[1m[2m    2.31 kB[22m[1m[22m[2m │ gzip:   1.07 kB[22m
2026-08-14T15:31:34.1793696Z [2mpublic/build-inertia/[22m[2massets/[22m[36mNFSeDrawer-CKcowdZ5.js                                [39m[1m[2m    2.34 kB[22m[1m[22m[2m │ gzip:   0.89 kB[22m
2026-08-14T15:31:34.1795725Z [2mpublic/build-inertia/[22m[2massets/[22m[36mApprovalGateCard-CRA2YOrF.js                          [39m[1m[2m    2.35 kB[22m[1m[22m[2m │ gzip:   0.92 kB[22m
2026-08-14T15:31:34.1797773Z [2mpublic/build-inertia/[22m[2massets/[22m[36mCobrancaChip-XnBrU7T4.js                              [39m[1m[2m    2.35 kB[22m[1m[22m[2m │ gzip:   0.96 kB[22m
2026-08-14T15:31:34.1799784Z [2mpublic/build-inertia/[22m[2massets/[22m[36mBlockRenderer-Bc7G1yu4.js                             [39m[1m[2m    2.37 kB[22m[1m[22m[2m │ gzip:   1.07 kB[22m
2026-08-14T15:31:34.1801796Z [2mpublic/build-inertia/[22m[2massets/[22m[36mhelpers-DXyt_WOg.js                                   [39m[1m[2m    2.41 kB[22m[1m[22m[2m │ gzip:   1.12 kB[22m
2026-08-14T15:31:34.1803919Z [2mpublic/build-inertia/[22m[2massets/[22m[36mTaskCard-B-lWOoht.js                                  [39m[1m[2m    2.41 kB[22m[1m[22m[2m │ gzip:   1.02 kB[22m
2026-08-14T15:31:34.1805899Z [2mpublic/build-inertia/[22m[2massets/[22m[36mForjaQuadro-r_XIC2dz.js                               [39m[1m[2m    2.41 kB[22m[1m[22m[2m │ gzip:   0.94 kB[22m
2026-08-14T15:31:34.1808339Z [2mpublic/build-inertia/[22m[2massets/[22m[36mDrawerBase-Cx6hveL2.js                                [39m[1m[2m    2.41 kB[22m[1m[22m[2m │ gzip:   1.12 kB[22m
2026-08-14T15:31:34.1810352Z [2mpublic/build-inertia/[22m[2massets/[22m[36mServiceOrderItemRow-CZ0EAC2A.js                       [39m[1m[2m    2.42 kB[22m[1m[22m[2m │ gzip:   1.11 kB[22m
2026-08-14T15:31:34.1812349Z [2mpublic/build-inertia/[22m[2massets/[22m[36msheet-DklGs7Qg.js                                     [39m[1m[2m    2.44 kB[22m[1m[22m[2m │ gzip:   0.87 kB[22m
2026-08-14T15:31:34.1844650Z [2mpublic/build-inertia/[22m[2massets/[22m[36mdialog-DjP9wGft.js                                    [39m[1m[2m    2.44 kB[22m[1m[22m[2m │ gzip:   0.94 kB[22m
2026-08-14T15:31:34.1846899Z [2mpublic/build-inertia/[22m[2massets/[22m[36mMsgComments-BFGmQaq0.js                               [39m[1m[2m    2.47 kB[22m[1m[22m[2m │ gzip:   1.18 kB[22m
2026-08-14T15:31:34.1848857Z [2mpublic/build-inertia/[22m[2massets/[22m[36mindex-_7uNwwX8.js                                     [39m[1m[2m    2.47 kB[22m[1m[22m[2m │ gzip:   1.13 kB[22m
2026-08-14T15:31:34.1850762Z [2mpublic/build-inertia/[22m[2massets/[22m[36mOsResultCard-DJ2rbAHi.js                              [39m[1m[2m    2.48 kB[22m[1m[22m[2m │ gzip:   0.87 kB[22m
2026-08-14T15:31:34.1852805Z [2mpublic/build-inertia/[22m[2massets/[22m[36mServiceOrderKanbanColumn-BtyWwhV2.js                  [39m[1m[2m    2.59 kB[22m[1m[22m[2m │ gzip:   1.30 kB[22m
2026-08-14T15:31:34.1855115Z [2mpublic/build-inertia/[22m[2massets/[22m[36mForjaChangelog-B9dnxMEv.js                            [39m[1m[2m    2.64 kB[22m[1m[22m[2m │ gzip:   1.13 kB[22m
2026-08-14T15:31:34.1857110Z [2mpublic/build-inertia/[22m[2massets/[22m[36mCriarOsButton-DkwP2ROf.js                             [39m[1m[2m    2.67 kB[22m[1m[22m[2m │ gzip:   1.34 kB[22m
2026-08-14T15:31:34.1859152Z [2mpublic/build-inertia/[22m[2massets/[22m[36mConfirmToggleModal-BAXhseJx.js                        [39m[1m[2m    2.69 kB[22m[1m[22m[2m │ gzip:   1.24 kB[22m
2026-08-14T15:31:34.1861167Z [2mpublic/build-inertia/[22m[2massets/[22m[36mFinCommentsThread-BXYxuR_N.js                         [39m[1m[2m    2.72 kB[22m[1m[22m[2m │ gzip:   1.31 kB[22m
2026-08-14T15:31:34.1863172Z [2mpublic/build-inertia/[22m[2massets/[22m[36mhelpers-B6mb_DK9.js                                   [39m[1m[2m    2.72 kB[22m[1m[22m[2m │ gzip:   1.30 kB[22m
2026-08-14T15:31:34.1865274Z [2mpublic/build-inertia/[22m[2massets/[22m[36mindex-myYyusI-.js                                     [39m[1m[2m    2.74 kB[22m[1m[22m[2m │ gzip:   1.23 kB[22m
2026-08-14T15:31:34.1867201Z [2mpublic/build-inertia/[22m[2massets/[22m[36mboardTone-BZYf6apc.js                                 [39m[1m[2m    2.74 kB[22m[1m[22m[2m │ gzip:   0.76 kB[22m
2026-08-14T15:31:34.1869159Z [2mpublic/build-inertia/[22m[2massets/[22m[36mBlogs-DyLdP7bP.js                                     [39m[1m[2m    2.75 kB[22m[1m[22m[2m │ gzip:   1.30 kB[22m
2026-08-14T15:31:34.1871087Z [2mpublic/build-inertia/[22m[2massets/[22m[36mPageHeader-LTlorwzg.js                                [39m[1m[2m    2.77 kB[22m[1m[22m[2m │ gzip:   1.26 kB[22m
2026-08-14T15:31:34.1873035Z [2mpublic/build-inertia/[22m[2massets/[22m[36mAlertInbox-C--IqSlT.js                                [39m[1m[2m    2.78 kB[22m[1m[22m[2m │ gzip:   1.12 kB[22m
2026-08-14T15:31:34.1875346Z [2mpublic/build-inertia/[22m[2massets/[22m[36mActivityFeed-D_dUUCGg.js                              [39m[1m[2m    2.79 kB[22m[1m[22m[2m │ gzip:   1.13 kB[22m
2026-08-14T15:31:34.1877365Z [2mpublic/build-inertia/[22m[2massets/[22m[36mFinAuditTrail-bsLQIUp8.js                             [39m[1m[2m    2.81 kB[22m[1m[22m[2m │ gzip:   1.31 kB[22m
2026-08-14T15:31:34.1879319Z [2mpublic/build-inertia/[22m[2massets/[22m[36mKpiCard-Do8MQM0g.js                                   [39m[1m[2m    2.83 kB[22m[1m[22m[2m │ gzip:   1.18 kB[22m
2026-08-14T15:31:34.1881554Z [2mpublic/build-inertia/[22m[2massets/[22m[36mOsLookupForm-C2p3-M_S.js                              [39m[1m[2m    2.85 kB[22m[1m[22m[2m │ gzip:   1.27 kB[22m
2026-08-14T15:31:34.1883770Z [2mpublic/build-inertia/[22m[2massets/[22m[36mEventosDrawer-CYKkA2kT.js                             [39m[1m[2m    2.87 kB[22m[1m[22m[2m │ gzip:   1.19 kB[22m
2026-08-14T15:31:34.1885824Z [2mpublic/build-inertia/[22m[2massets/[22m[36mKpiStripClickable-D81GG-K_.js                         [39m[1m[2m    2.88 kB[22m[1m[22m[2m │ gzip:   1.25 kB[22m
2026-08-14T15:31:34.1888069Z [2mpublic/build-inertia/[22m[2massets/[22m[36mTrabalhoQuadro-C6uiTZ6U.js                            [39m[1m[2m    2.88 kB[22m[1m[22m[2m │ gzip:   1.33 kB[22m
2026-08-14T15:31:34.1890589Z [2mpublic/build-inertia/[22m[2massets/[22m[36mprintSaleReceipt-CiZNAntA.js                          [39m[1m[2m    2.92 kB[22m[1m[22m[2m │ gzip:   1.46 kB[22m
2026-08-14T15:31:34.1892616Z [2mpublic/build-inertia/[22m[2massets/[22m[36mInboxAiDialog-CkKDrKBs.js                             [39m[1m[2m    2.95 kB[22m[1m[22m[2m │ gzip:   1.52 kB[22m
2026-08-14T15:31:34.1894828Z [2mpublic/build-inertia/[22m[2massets/[22m[36mPessoasContatoTab-0l5PskD9.js                         [39m[1m[2m    2.98 kB[22m[1m[22m[2m │ gzip:   0.91 kB[22m
2026-08-14T15:31:34.1896905Z [2mpublic/build-inertia/[22m[2massets/[22m[36mSalePresentationMode-D3oi7heL.js                      [39m[1m[2m    2.98 kB[22m[1m[22m[2m │ gzip:   1.21 kB[22m
2026-08-14T15:31:34.1898980Z [2mpublic/build-inertia/[22m[2massets/[22m[36mProductLineCard-u6PDZPrQ.js                           [39m[1m[2m    2.98 kB[22m[1m[22m[2m │ gzip:   1.10 kB[22m
2026-08-14T15:31:34.1901079Z [2mpublic/build-inertia/[22m[2massets/[22m[36mDragConfirmDialog-CTctLjUk.js                         [39m[1m[2m    3.03 kB[22m[1m[22m[2m │ gzip:   1.21 kB[22m
2026-08-14T15:31:34.1903138Z [2mpublic/build-inertia/[22m[2massets/[22m[36msegmented-BcKC7pva.js                                 [39m[1m[2m    3.03 kB[22m[1m[22m[2m │ gzip:   1.22 kB[22m
2026-08-14T15:31:34.1905365Z [2mpublic/build-inertia/[22m[2massets/[22m[36mActivitiesTab-CTWGx5Y6.js                             [39m[1m[2m    3.05 kB[22m[1m[22m[2m │ gzip:   1.03 kB[22m
2026-08-14T15:31:34.1907307Z [2mpublic/build-inertia/[22m[2massets/[22m[36mSubNav-BvPC-RfB.js                                    [39m[1m[2m    3.08 kB[22m[1m[22m[2m │ gzip:   0.98 kB[22m
2026-08-14T15:31:34.1909317Z [2mpublic/build-inertia/[22m[2massets/[22m[36mSaleItemComments-B8SU57fz.js                          [39m[1m[2m    3.10 kB[22m[1m[22m[2m │ gzip:   1.47 kB[22m
2026-08-14T15:31:34.1911381Z [2mpublic/build-inertia/[22m[2massets/[22m[36mEntryCheckinFields-cqyZKrEn.js                        [39m[1m[2m    3.10 kB[22m[1m[22m[2m │ gzip:   1.41 kB[22m
2026-08-14T15:31:34.1913335Z [2mpublic/build-inertia/[22m[2massets/[22m[36mswitch-BR0odBsU.js                                    [39m[1m[2m    3.13 kB[22m[1m[22m[2m │ gzip:   1.43 kB[22m
2026-08-14T15:31:34.1915490Z [2mpublic/build-inertia/[22m[2massets/[22m[36mTourOnboarding-DaB3AEoJ.js                            [39m[1m[2m    3.15 kB[22m[1m[22m[2m │ gzip:   1.39 kB[22m
2026-08-14T15:31:34.1917554Z [2mpublic/build-inertia/[22m[2massets/[22m[36mInboxTranscriptDialog-uAFPuWEE.js                     [39m[1m[2m    3.16 kB[22m[1m[22m[2m │ gzip:   1.45 kB[22m
2026-08-14T15:31:34.1919689Z [2mpublic/build-inertia/[22m[2massets/[22m[36mMediaFullscreenModal-CNlrNcB8.js                      [39m[1m[2m    3.21 kB[22m[1m[22m[2m │ gzip:   1.22 kB[22m
2026-08-14T15:31:34.1921761Z [2mpublic/build-inertia/[22m[2massets/[22m[36mJanaPanel-ClYZYN0a.js                                 [39m[1m[2m    3.22 kB[22m[1m[22m[2m │ gzip:   1.52 kB[22m
2026-08-14T15:31:34.1924172Z [2mpublic/build-inertia/[22m[2massets/[22m[36mFxShell-CCZMag-e.js                                   [39m[1m[2m    3.23 kB[22m[1m[22m[2m │ gzip:   1.44 kB[22m
2026-08-14T15:31:34.1926177Z [2mpublic/build-inertia/[22m[2massets/[22m[36matoms-settings-eVdvON2M.js                            [39m[1m[2m    3.23 kB[22m[1m[22m[2m │ gzip:   1.41 kB[22m
2026-08-14T15:31:34.1928239Z [2mpublic/build-inertia/[22m[2massets/[22m[36mDviBudgetSection-G_ObxaGg.js                          [39m[1m[2m    3.28 kB[22m[1m[22m[2m │ gzip:   1.59 kB[22m
2026-08-14T15:31:34.1930387Z [2mpublic/build-inertia/[22m[2massets/[22m[36mGradeProductCombobox-jHJvzGwK.js                      [39m[1m[2m    3.29 kB[22m[1m[22m[2m │ gzip:   1.67 kB[22m
2026-08-14T15:31:34.1932820Z [2mpublic/build-inertia/[22m[2massets/[22m[36mSaleMessagePreview-kJD51E4U.js                        [39m[1m[2m    3.32 kB[22m[1m[22m[2m │ gzip:   1.57 kB[22m
2026-08-14T15:31:34.1935072Z [2mpublic/build-inertia/[22m[2massets/[22m[36mhelpers-l-n7oVmr.js                                   [39m[1m[2m    3.32 kB[22m[1m[22m[2m │ gzip:   1.39 kB[22m
2026-08-14T15:31:34.1936313Z [2mpublic/build-inertia/[22m[2massets/[22m[36mFinMonthDigest-BtGFlhhV.js                            [39m[1m[2m    3.37 kB[22m[1m[22m[2m │ gzip:   1.26 kB[22m
2026-08-14T15:31:34.1937532Z [2mpublic/build-inertia/[22m[2massets/[22m[36mSheetRemessaRetorno-BgE6cmXs.js                       [39m[1m[2m    3.44 kB[22m[1m[22m[2m │ gzip:   1.44 kB[22m
2026-08-14T15:31:34.1954676Z [2mpublic/build-inertia/[22m[2massets/[22m[36mKbCommandPalette-D8PKOZIQ.js                          [39m[1m[2m    3.48 kB[22m[1m[22m[2m │ gzip:   1.59 kB[22m
2026-08-14T15:31:34.1956919Z [2mpublic/build-inertia/[22m[2massets/[22m[36mClienteCombobox-DQXDa0Iu.js                           [39m[1m[2m    3.54 kB[22m[1m[22m[2m │ gzip:   1.63 kB[22m
2026-08-14T15:31:34.1959017Z [2mpublic/build-inertia/[22m[2massets/[22m[36mServiceOrderTimeline-hto_j1kC.js                      [39m[1m[2m    3.57 kB[22m[1m[22m[2m │ gzip:   1.60 kB[22m
2026-08-14T15:31:34.1961065Z [2mpublic/build-inertia/[22m[2massets/[22m[36mFinPartyHistory-DnTxNy-3.js                           [39m[1m[2m    3.61 kB[22m[1m[22m[2m │ gzip:   1.31 kB[22m
2026-08-14T15:31:34.1963074Z [2mpublic/build-inertia/[22m[2massets/[22m[36mContactPicker-D1HAUF21.js                             [39m[1m[2m    3.62 kB[22m[1m[22m[2m │ gzip:   1.43 kB[22m
2026-08-14T15:31:34.1965291Z [2mpublic/build-inertia/[22m[2massets/[22m[36mindex-BevTZVZo.js                                     [39m[1m[2m    3.68 kB[22m[1m[22m[2m │ gzip:   1.64 kB[22m
2026-08-14T15:31:34.1967259Z [2mpublic/build-inertia/[22m[2massets/[22m[36mAcoesDropdown-ByT1VHNp.js                             [39m[1m[2m    3.69 kB[22m[1m[22m[2m │ gzip:   1.69 kB[22m
2026-08-14T15:31:34.1969202Z [2mpublic/build-inertia/[22m[2massets/[22m[36mJanaDrillDrawer-Dx8MwuAa.js                           [39m[1m[2m    3.74 kB[22m[1m[22m[2m │ gzip:   1.55 kB[22m
2026-08-14T15:31:34.1971120Z [2mpublic/build-inertia/[22m[2massets/[22m[36mLogin-58lX2TDe.js                                     [39m[1m[2m    3.81 kB[22m[1m[22m[2m │ gzip:   1.56 kB[22m
2026-08-14T15:31:34.1973016Z [2mpublic/build-inertia/[22m[2massets/[22m[36mPageHeaderTabs-BMvUZ6q1.js                            [39m[1m[2m    3.82 kB[22m[1m[22m[2m │ gzip:   1.73 kB[22m
2026-08-14T15:31:34.1975162Z [2mpublic/build-inertia/[22m[2massets/[22m[36mFinPeriodBar-Dj_ItUTi.js                              [39m[1m[2m    3.82 kB[22m[1m[22m[2m │ gzip:   1.52 kB[22m
2026-08-14T15:31:34.1977186Z [2mpublic/build-inertia/[22m[2massets/[22m[36mPresentationMode-CSBf2Nke.js                          [39m[1m[2m    3.87 kB[22m[1m[22m[2m │ gzip:   1.58 kB[22m
2026-08-14T15:31:34.1979157Z [2mpublic/build-inertia/[22m[2massets/[22m[36matoms-aruuqjZv.js                                     [39m[1m[2m    3.89 kB[22m[1m[22m[2m │ gzip:   1.41 kB[22m
2026-08-14T15:31:34.1981528Z [2mpublic/build-inertia/[22m[2massets/[22m[36mForjaBacklog-ZVgNIyQw.js                              [39m[1m[2m    3.89 kB[22m[1m[22m[2m │ gzip:   1.43 kB[22m
2026-08-14T15:31:34.1983685Z [2mpublic/build-inertia/[22m[2massets/[22m[36mFinAnexosPanel-DI13RB1W.js                            [39m[1m[2m    3.90 kB[22m[1m[22m[2m │ gzip:   1.87 kB[22m
2026-08-14T15:31:34.1985648Z [2mpublic/build-inertia/[22m[2massets/[22m[36mSiteLayout-CWHKD_JQ.js                                [39m[1m[2m    3.91 kB[22m[1m[22m[2m │ gzip:   1.43 kB[22m
2026-08-14T15:31:34.1987903Z [2mpublic/build-inertia/[22m[2massets/[22m[36mPlanoContaCombobox-ByXG8CiY.js                        [39m[1m[2m    3.91 kB[22m[1m[22m[2m │ gzip:   1.65 kB[22m
2026-08-14T15:31:34.1989963Z [2mpublic/build-inertia/[22m[2massets/[22m[36mVdBulkEmitModal-DB-9AbWr.js                           [39m[1m[2m    3.96 kB[22m[1m[22m[2m │ gzip:   1.64 kB[22m
2026-08-14T15:31:34.1991895Z [2mpublic/build-inertia/[22m[2massets/[22m[36mPresenceStrip-Dq6tjjr5.js                             [39m[1m[2m    3.97 kB[22m[1m[22m[2m │ gzip:   1.36 kB[22m
2026-08-14T15:31:34.1994060Z [2mpublic/build-inertia/[22m[2massets/[22m[36mSellsCheatSheet-DOaq5Ut3.js                           [39m[1m[2m    4.00 kB[22m[1m[22m[2m │ gzip:   1.50 kB[22m
2026-08-14T15:31:34.1996049Z [2mpublic/build-inertia/[22m[2massets/[22m[36mindex-CkPKI7LR.js                                     [39m[1m[2m    4.01 kB[22m[1m[22m[2m │ gzip:   1.48 kB[22m
2026-08-14T15:31:34.1998032Z [2mpublic/build-inertia/[22m[2massets/[22m[36mChannelsDrawer-CI8QooeJ.js                            [39m[1m[2m    4.02 kB[22m[1m[22m[2m │ gzip:   1.60 kB[22m
2026-08-14T15:31:34.2000072Z [2mpublic/build-inertia/[22m[2massets/[22m[36mRiscoClienteCard-PTmm0rhQ.js                          [39m[1m[2m    4.10 kB[22m[1m[22m[2m │ gzip:   1.83 kB[22m
2026-08-14T15:31:34.2002153Z [2mpublic/build-inertia/[22m[2massets/[22m[36mcheckbox-iIfHRle-.js                                  [39m[1m[2m    4.13 kB[22m[1m[22m[2m │ gzip:   1.80 kB[22m
2026-08-14T15:31:34.2004344Z [2mpublic/build-inertia/[22m[2massets/[22m[36mSaleAuditTrail-D5r8WKFH.js                            [39m[1m[2m    4.19 kB[22m[1m[22m[2m │ gzip:   1.69 kB[22m
2026-08-14T15:31:34.2006328Z [2mpublic/build-inertia/[22m[2massets/[22m[36mClienteRail-DVDypTHY.js                               [39m[1m[2m    4.21 kB[22m[1m[22m[2m │ gzip:   1.47 kB[22m
2026-08-14T15:31:34.2008274Z [2mpublic/build-inertia/[22m[2massets/[22m[36mIndex-CX6HkgKT.js                                     [39m[1m[2m    4.24 kB[22m[1m[22m[2m │ gzip:   1.76 kB[22m
2026-08-14T15:31:34.2010241Z [2mpublic/build-inertia/[22m[2massets/[22m[36mradio-group-BkRaeqD3.js                               [39m[1m[2m    4.31 kB[22m[1m[22m[2m │ gzip:   1.90 kB[22m
2026-08-14T15:31:34.2012360Z [2mpublic/build-inertia/[22m[2massets/[22m[36mFinChecklistFechamento-Dwq1hTuK.js                    [39m[1m[2m    4.32 kB[22m[1m[22m[2m │ gzip:   1.94 kB[22m
2026-08-14T15:31:34.2014648Z [2mpublic/build-inertia/[22m[2massets/[22m[36mServiceOrderStagePipeline-BuPj1_Rv.js                 [39m[1m[2m    4.32 kB[22m[1m[22m[2m │ gzip:   1.69 kB[22m
2026-08-14T15:31:34.2016705Z [2mpublic/build-inertia/[22m[2massets/[22m[36mTemplatePicker-B88AOy5B.js                            [39m[1m[2m    4.33 kB[22m[1m[22m[2m │ gzip:   1.85 kB[22m
2026-08-14T15:31:34.2018675Z [2mpublic/build-inertia/[22m[2massets/[22m[36mOssTab-DE-Zcvje.js                                    [39m[1m[2m    4.37 kB[22m[1m[22m[2m │ gzip:   1.97 kB[22m
2026-08-14T15:31:34.2020616Z [2mpublic/build-inertia/[22m[2massets/[22m[36mCockpit-CSLYsE62.js                                   [39m[1m[2m    4.40 kB[22m[1m[22m[2m │ gzip:   1.94 kB[22m
2026-08-14T15:31:34.2022831Z [2mpublic/build-inertia/[22m[2massets/[22m[36mFinTranscriptPDF-uZRh9KXx.js                          [39m[1m[2m    4.40 kB[22m[1m[22m[2m │ gzip:   1.50 kB[22m
2026-08-14T15:31:34.2025072Z [2mpublic/build-inertia/[22m[2massets/[22m[36mMicRecorder-CRcZuet1.js                               [39m[1m[2m    4.41 kB[22m[1m[22m[2m │ gzip:   1.95 kB[22m
2026-08-14T15:31:34.2027019Z [2mpublic/build-inertia/[22m[2massets/[22m[36mAuditoriaTab-CFFNFHVc.js                              [39m[1m[2m    4.45 kB[22m[1m[22m[2m │ gzip:   1.76 kB[22m
2026-08-14T15:31:34.2028996Z [2mpublic/build-inertia/[22m[2massets/[22m[36mFinMonthResume-Bg1hwSZ_.js                            [39m[1m[2m    4.55 kB[22m[1m[22m[2m │ gzip:   2.07 kB[22m
2026-08-14T15:31:34.2031164Z [2mpublic/build-inertia/[22m[2massets/[22m[36mFeedbackPublico-DL_6U_cS.js                           [39m[1m[2m    4.58 kB[22m[1m[22m[2m │ gzip:   1.88 kB[22m
2026-08-14T15:31:34.2033155Z [2mpublic/build-inertia/[22m[2massets/[22m[36mgraphLayout-6pJUBs9q.js                               [39m[1m[2m    4.59 kB[22m[1m[22m[2m │ gzip:   1.82 kB[22m
2026-08-14T15:31:34.2035297Z [2mpublic/build-inertia/[22m[2massets/[22m[36mEmpresas-Cw6I-QlY.js                                  [39m[1m[2m    4.61 kB[22m[1m[22m[2m │ gzip:   1.94 kB[22m
2026-08-14T15:31:34.2037307Z [2mpublic/build-inertia/[22m[2massets/[22m[36mBalanceteView-DD5JTgWV.js                             [39m[1m[2m    4.66 kB[22m[1m[22m[2m │ gzip:   1.59 kB[22m
2026-08-14T15:31:34.2039267Z [2mpublic/build-inertia/[22m[2massets/[22m[36mPills-CFzA55bD.js                                     [39m[1m[2m    4.71 kB[22m[1m[22m[2m │ gzip:   1.64 kB[22m
2026-08-14T15:31:34.2041224Z [2mpublic/build-inertia/[22m[2massets/[22m[36mSubscriptionsTab-CqzZEtHy.js                          [39m[1m[2m    4.75 kB[22m[1m[22m[2m │ gzip:   1.52 kB[22m
2026-08-14T15:31:34.2043342Z [2mpublic/build-inertia/[22m[2massets/[22m[36mForjaTriage-BdyKYw7K.js                               [39m[1m[2m    4.75 kB[22m[1m[22m[2m │ gzip:   2.08 kB[22m
2026-08-14T15:31:34.2045545Z [2mpublic/build-inertia/[22m[2massets/[22m[36mHealthPanel-y0Ov-bEb.js                               [39m[1m[2m    4.75 kB[22m[1m[22m[2m │ gzip:   1.82 kB[22m
2026-08-14T15:31:34.2047560Z [2mpublic/build-inertia/[22m[2massets/[22m[36mCmdPalette-HDlxovf5.js                                [39m[1m[2m    4.77 kB[22m[1m[22m[2m │ gzip:   1.97 kB[22m
2026-08-14T15:31:34.2049591Z [2mpublic/build-inertia/[22m[2massets/[22m[36mQuickPaymentDialog-C76gL1iu.js                        [39m[1m[2m    4.77 kB[22m[1m[22m[2m │ gzip:   2.08 kB[22m
2026-08-14T15:31:34.2051702Z [2mpublic/build-inertia/[22m[2massets/[22m[36mSaleTranscriptPDF-DoRytwdZ.js                         [39m[1m[2m    4.77 kB[22m[1m[22m[2m │ gzip:   1.77 kB[22m
2026-08-14T15:31:34.2053945Z [2mpublic/build-inertia/[22m[2massets/[22m[36mSaleReciboPrint80mm-DTiF1T4w.js                       [39m[1m[2m    4.77 kB[22m[1m[22m[2m │ gzip:   1.59 kB[22m
2026-08-14T15:31:34.2055992Z [2mpublic/build-inertia/[22m[2massets/[22m[36mSaleAiPanel-D5kSvF9i.js                               [39m[1m[2m    4.78 kB[22m[1m[22m[2m │ gzip:   1.95 kB[22m
2026-08-14T15:31:34.2057954Z [2mpublic/build-inertia/[22m[2massets/[22m[36mVehiclesTab-Li7K6zXT.js                               [39m[1m[2m    4.80 kB[22m[1m[22m[2m │ gzip:   1.74 kB[22m
2026-08-14T15:31:34.2059883Z [2mpublic/build-inertia/[22m[2massets/[22m[36mCategoriaSheet-BM7CNAK1.js                            [39m[1m[2m    4.92 kB[22m[1m[22m[2m │ gzip:   1.90 kB[22m
2026-08-14T15:31:34.2061873Z [2mpublic/build-inertia/[22m[2massets/[22m[36mChannelHealthBanner-c--rRctQ.js                       [39m[1m[2m    4.93 kB[22m[1m[22m[2m │ gzip:   2.08 kB[22m
2026-08-14T15:31:34.2064066Z [2mpublic/build-inertia/[22m[2massets/[22m[36mQuickPaymentPopover-0c1IGhYH.js                       [39m[1m[2m    4.94 kB[22m[1m[22m[2m │ gzip:   2.14 kB[22m
2026-08-14T15:31:34.2066342Z [2mpublic/build-inertia/[22m[2massets/[22m[36mStatusBadge-BiWO0xOS.js                               [39m[1m[2m    5.08 kB[22m[1m[22m[2m │ gzip:   1.18 kB[22m
2026-08-14T15:31:34.2068366Z [2mpublic/build-inertia/[22m[2massets/[22m[36mAddDiscountModal-DEWgjL2O.js                          [39m[1m[2m    5.11 kB[22m[1m[22m[2m │ gzip:   2.04 kB[22m
2026-08-14T15:31:34.2070382Z [2mpublic/build-inertia/[22m[2massets/[22m[36mActionsMenu-CdK_uBLH.js                               [39m[1m[2m    5.14 kB[22m[1m[22m[2m │ gzip:   2.00 kB[22m
2026-08-14T15:31:34.2072549Z [2mpublic/build-inertia/[22m[2massets/[22m[36mMonthHeatmap-db5GXDyn.js                              [39m[1m[2m    5.15 kB[22m[1m[22m[2m │ gzip:   2.11 kB[22m
2026-08-14T15:31:34.2074694Z [2mpublic/build-inertia/[22m[2massets/[22m[36mLogin-DM1DSw5W.js                                     [39m[1m[2m    5.16 kB[22m[1m[22m[2m │ gzip:   2.02 kB[22m
2026-08-14T15:31:34.2076606Z [2mpublic/build-inertia/[22m[2massets/[22m[36mForjaHub-Dtrusr6y.js                                  [39m[1m[2m    5.20 kB[22m[1m[22m[2m │ gzip:   2.12 kB[22m
2026-08-14T15:31:34.2078570Z [2mpublic/build-inertia/[22m[2massets/[22m[36mInutilizacaoModal-CV-7ARVG.js                         [39m[1m[2m    5.21 kB[22m[1m[22m[2m │ gzip:   2.09 kB[22m
2026-08-14T15:31:34.2080641Z [2mpublic/build-inertia/[22m[2massets/[22m[36mFinPresentationMode-Iu5MHNg5.js                       [39m[1m[2m    5.23 kB[22m[1m[22m[2m │ gzip:   1.53 kB[22m
2026-08-14T15:31:34.2082718Z [2mpublic/build-inertia/[22m[2massets/[22m[36mContactPickerModal-BaKh529c.js                        [39m[1m[2m    5.25 kB[22m[1m[22m[2m │ gzip:   2.25 kB[22m
2026-08-14T15:31:34.2084933Z [2mpublic/build-inertia/[22m[2massets/[22m[36mAiResumoMes-BwlPLyiU.js                               [39m[1m[2m    5.26 kB[22m[1m[22m[2m │ gzip:   2.04 kB[22m
2026-08-14T15:31:34.2086927Z [2mpublic/build-inertia/[22m[2massets/[22m[36mRewardPointsTab-li2xo6Gv.js                           [39m[1m[2m    5.26 kB[22m[1m[22m[2m │ gzip:   1.70 kB[22m
2026-08-14T15:31:34.2088912Z [2mpublic/build-inertia/[22m[2massets/[22m[36mRegister-nMKeQP-k.js                                  [39m[1m[2m    5.32 kB[22m[1m[22m[2m │ gzip:   1.99 kB[22m
2026-08-14T15:31:34.2090859Z [2mpublic/build-inertia/[22m[2massets/[22m[36mCreate-DVmssPCI.js                                    [39m[1m[2m    5.38 kB[22m[1m[22m[2m │ gzip:   2.44 kB[22m
2026-08-14T15:31:34.2092909Z [2mpublic/build-inertia/[22m[2massets/[22m[36mNewConversationDialog-hQZiX-OL.js                     [39m[1m[2m    5.39 kB[22m[1m[22m[2m │ gzip:   2.18 kB[22m
2026-08-14T15:31:34.2095161Z [2mpublic/build-inertia/[22m[2massets/[22m[36mChannelUsersTab-B2wQERsr.js                           [39m[1m[2m    5.45 kB[22m[1m[22m[2m │ gzip:   2.03 kB[22m
2026-08-14T15:31:34.2097200Z [2mpublic/build-inertia/[22m[2massets/[22m[36mNodeList-ffpKk4Xd.js                                  [39m[1m[2m    5.50 kB[22m[1m[22m[2m │ gzip:   2.12 kB[22m
2026-08-14T15:31:34.2099162Z [2mpublic/build-inertia/[22m[2massets/[22m[36mPlacasMainTab-C4kFMjDf.js                             [39m[1m[2m    5.52 kB[22m[1m[22m[2m │ gzip:   2.14 kB[22m
2026-08-14T15:31:34.2101180Z [2mpublic/build-inertia/[22m[2massets/[22m[36mReconnectModal-DvLJMQqE.js                            [39m[1m[2m    5.59 kB[22m[1m[22m[2m │ gzip:   2.25 kB[22m
2026-08-14T15:31:34.2103230Z [2mpublic/build-inertia/[22m[2massets/[22m[36mDadosFiscaisBRSection-B0PHz5gt.js                     [39m[1m[2m    5.64 kB[22m[1m[22m[2m │ gzip:   2.12 kB[22m
2026-08-14T15:31:34.2105497Z [2mpublic/build-inertia/[22m[2massets/[22m[36mCustomerSearchAutocomplete-CH-_vrJn.js                [39m[1m[2m    5.67 kB[22m[1m[22m[2m │ gzip:   2.47 kB[22m
2026-08-14T15:31:34.2107805Z [2mpublic/build-inertia/[22m[2massets/[22m[36mGradeMatrixInput-CuVPFj_A.js                          [39m[1m[2m    5.67 kB[22m[1m[22m[2m │ gzip:   2.23 kB[22m
2026-08-14T15:31:34.2109790Z [2mpublic/build-inertia/[22m[2massets/[22m[36mEdit-gdsI-qID.js                                      [39m[1m[2m    5.68 kB[22m[1m[22m[2m │ gzip:   2.50 kB[22m
2026-08-14T15:31:34.2111711Z [2mpublic/build-inertia/[22m[2massets/[22m[36mCommissionSplitEditor-mliCBZjf.js                     [39m[1m[2m    5.71 kB[22m[1m[22m[2m │ gzip:   2.28 kB[22m
2026-08-14T15:31:34.2113965Z [2mpublic/build-inertia/[22m[2massets/[22m[36mColunasModal-DqDK5iHj.js                              [39m[1m[2m    5.78 kB[22m[1m[22m[2m │ gzip:   2.23 kB[22m
2026-08-14T15:31:34.2116139Z [2mpublic/build-inertia/[22m[2massets/[22m[36mDviPhotoGrid-C7fjeFT4.js                              [39m[1m[2m    5.81 kB[22m[1m[22m[2m │ gzip:   2.58 kB[22m
2026-08-14T15:31:34.2118166Z [2mpublic/build-inertia/[22m[2massets/[22m[36mAprovacaoPublica-41sXN_JR.js                          [39m[1m[2m    5.82 kB[22m[1m[22m[2m │ gzip:   2.06 kB[22m
2026-08-14T15:31:34.2120188Z [2mpublic/build-inertia/[22m[2massets/[22m[36mGraphNodeDetail-BAK-Kh-W.js                           [39m[1m[2m    5.82 kB[22m[1m[22m[2m │ gzip:   2.08 kB[22m
2026-08-14T15:31:34.2122182Z [2mpublic/build-inertia/[22m[2massets/[22m[36mFinEditPanel-CLbuTwFx.js                              [39m[1m[2m    5.87 kB[22m[1m[22m[2m │ gzip:   1.98 kB[22m
2026-08-14T15:31:34.2124341Z [2mpublic/build-inertia/[22m[2massets/[22m[36mOndaF-DfjIIcfA.js                                     [39m[1m[2m    5.87 kB[22m[1m[22m[2m │ gzip:   2.24 kB[22m
2026-08-14T15:31:34.2126311Z [2mpublic/build-inertia/[22m[2massets/[22m[36malert-dialog-DOtvfz7n.js                              [39m[1m[2m    5.92 kB[22m[1m[22m[2m │ gzip:   2.04 kB[22m
2026-08-14T15:31:34.2128337Z [2mpublic/build-inertia/[22m[2massets/[22m[36mPathsDialog-DKA7dlaA.js                               [39m[1m[2m    5.95 kB[22m[1m[22m[2m │ gzip:   2.24 kB[22m
2026-08-14T15:31:34.2130402Z [2mpublic/build-inertia/[22m[2massets/[22m[36mTroubleshooterOverlay-CrD2Mm89.js                     [39m[1m[2m    6.05 kB[22m[1m[22m[2m │ gzip:   2.54 kB[22m
2026-08-14T15:31:34.2132441Z [2mpublic/build-inertia/[22m[2massets/[22m[36mPaymentsTab-Cere10i1.js                               [39m[1m[2m    6.12 kB[22m[1m[22m[2m │ gzip:   2.31 kB[22m
2026-08-14T15:31:34.2134585Z [2mpublic/build-inertia/[22m[2massets/[22m[36mClienteForm-hFWLWLnU.js                               [39m[1m[2m    6.28 kB[22m[1m[22m[2m │ gzip:   2.20 kB[22m
2026-08-14T15:31:34.2136513Z [2mpublic/build-inertia/[22m[2massets/[22m[36mEventos-CnFo6K--.js                                   [39m[1m[2m    6.28 kB[22m[1m[22m[2m │ gzip:   2.53 kB[22m
2026-08-14T15:31:34.2138411Z [2mpublic/build-inertia/[22m[2massets/[22m[36mCreate-k61UtkVP.js                                    [39m[1m[2m    6.30 kB[22m[1m[22m[2m │ gzip:   2.63 kB[22m
2026-08-14T15:31:34.2140382Z [2mpublic/build-inertia/[22m[2massets/[22m[36mVdNextActionPanel-CxTA1kYo.js                         [39m[1m[2m    6.32 kB[22m[1m[22m[2m │ gzip:   2.29 kB[22m
2026-08-14T15:31:34.2142395Z [2mpublic/build-inertia/[22m[2massets/[22m[36mShow-BnxfcoRr.js                                      [39m[1m[2m    6.34 kB[22m[1m[22m[2m │ gzip:   2.43 kB[22m
2026-08-14T15:31:34.2144608Z [2mpublic/build-inertia/[22m[2massets/[22m[36mSendToContabilDrawer-DtA1ncAW.js                      [39m[1m[2m    6.37 kB[22m[1m[22m[2m │ gzip:   2.28 kB[22m
2026-08-14T15:31:34.2146678Z [2mpublic/build-inertia/[22m[2massets/[22m[36mServiceOrderStageGate-Bv0HL-YD.js                     [39m[1m[2m    6.43 kB[22m[1m[22m[2m │ gzip:   2.55 kB[22m
2026-08-14T15:31:34.2148682Z [2mpublic/build-inertia/[22m[2massets/[22m[36mGraphFilters-aCE10DhL.js                              [39m[1m[2m    6.47 kB[22m[1m[22m[2m │ gzip:   2.20 kB[22m
2026-08-14T15:31:34.2150885Z [2mpublic/build-inertia/[22m[2massets/[22m[36mEdit-B9mBTs1a.js                                      [39m[1m[2m    6.47 kB[22m[1m[22m[2m │ gzip:   2.67 kB[22m
2026-08-14T15:31:34.2152851Z [2mpublic/build-inertia/[22m[2massets/[22m[36mConsultaCliente-BBMGTpqs.js                           [39m[1m[2m    6.58 kB[22m[1m[22m[2m │ gzip:   2.54 kB[22m
2026-08-14T15:31:34.2155083Z [2mpublic/build-inertia/[22m[2massets/[22m[36mCategorySidebar-lX9iIm7X.js                           [39m[1m[2m    6.59 kB[22m[1m[22m[2m │ gzip:   1.99 kB[22m
2026-08-14T15:31:34.2157269Z [2mpublic/build-inertia/[22m[2massets/[22m[36mSessionDrawer-Et60MAu3.js                             [39m[1m[2m    6.62 kB[22m[1m[22m[2m │ gzip:   2.59 kB[22m
2026-08-14T15:31:34.2159237Z [2mpublic/build-inertia/[22m[2massets/[22m[36mBalancoView-CgN7_3d1.js                               [39m[1m[2m    6.68 kB[22m[1m[22m[2m │ gzip:   1.74 kB[22m
2026-08-14T15:31:34.2161247Z [2mpublic/build-inertia/[22m[2massets/[22m[36mQuickAddCustomerSheet-B27x5cG3.js                     [39m[1m[2m    6.68 kB[22m[1m[22m[2m │ gzip:   2.52 kB[22m
2026-08-14T15:31:34.2163291Z [2mpublic/build-inertia/[22m[2massets/[22m[36mSaleOrcamentoA4-1_S2c764.js                           [39m[1m[2m    6.69 kB[22m[1m[22m[2m │ gzip:   2.21 kB[22m
2026-08-14T15:31:34.2165530Z [2mpublic/build-inertia/[22m[2massets/[22m[36mBroadcastSheet-B0bq-dsR.js                            [39m[1m[2m    6.71 kB[22m[1m[22m[2m │ gzip:   2.51 kB[22m
2026-08-14T15:31:34.2167546Z [2mpublic/build-inertia/[22m[2massets/[22m[36mJanaSubNav-ZVGq-aVJ.js                                [39m[1m[2m    6.73 kB[22m[1m[22m[2m │ gzip:   2.76 kB[22m
2026-08-14T15:31:34.2169498Z [2mpublic/build-inertia/[22m[2massets/[22m[36mIATab-Bf-GprXq.js                                     [39m[1m[2m    6.74 kB[22m[1m[22m[2m │ gzip:   2.34 kB[22m
2026-08-14T15:31:34.2171489Z [2mpublic/build-inertia/[22m[2massets/[22m[36mGovernancaSubNav-CK-cZKZv.js                          [39m[1m[2m    6.76 kB[22m[1m[22m[2m │ gzip:   2.79 kB[22m
2026-08-14T15:31:34.2173690Z [2mpublic/build-inertia/[22m[2massets/[22m[36mPontoSubNav-BmK5xtV3.js                               [39m[1m[2m    6.78 kB[22m[1m[22m[2m │ gzip:   2.77 kB[22m
2026-08-14T15:31:34.2175675Z [2mpublic/build-inertia/[22m[2massets/[22m[36mCreate-DE7VPQF0.js                                    [39m[1m[2m    6.82 kB[22m[1m[22m[2m │ gzip:   2.82 kB[22m
2026-08-14T15:31:34.2177606Z [2mpublic/build-inertia/[22m[2massets/[22m[36mindex-BB4A15sC.js                                     [39m[1m[2m    6.89 kB[22m[1m[22m[2m │ gzip:   2.61 kB[22m
2026-08-14T15:31:34.2179565Z [2mpublic/build-inertia/[22m[2massets/[22m[36mprimitivos-mSCeBnKY.js                                [39m[1m[2m    6.91 kB[22m[1m[22m[2m │ gzip:   2.41 kB[22m
2026-08-14T15:31:34.2181629Z [2mpublic/build-inertia/[22m[2massets/[22m[36mTroubleshooterDialog-AZsPy0pw.js                      [39m[1m[2m    6.96 kB[22m[1m[22m[2m │ gzip:   2.33 kB[22m
2026-08-14T15:31:34.2183895Z [2mpublic/build-inertia/[22m[2massets/[22m[36mFinBaixaSheet-C9CR86Ni.js                             [39m[1m[2m    6.99 kB[22m[1m[22m[2m │ gzip:   2.49 kB[22m
2026-08-14T15:31:34.2185857Z [2mpublic/build-inertia/[22m[2massets/[22m[36mMap-DvlYfXyP.js                                       [39m[1m[2m    7.00 kB[22m[1m[22m[2m │ gzip:   2.76 kB[22m
2026-08-14T15:31:34.2187858Z [2mpublic/build-inertia/[22m[2massets/[22m[36mQuickAddVehicleSheet-YceC7eBX.js                      [39m[1m[2m    7.08 kB[22m[1m[22m[2m │ gzip:   2.70 kB[22m
2026-08-14T15:31:34.2189868Z [2mpublic/build-inertia/[22m[2massets/[22m[36mNfse-BFEkrRKW.js                                      [39m[1m[2m    7.10 kB[22m[1m[22m[2m │ gzip:   2.76 kB[22m
2026-08-14T15:31:34.2192081Z [2mpublic/build-inertia/[22m[2massets/[22m[36mCmdKPalette-Bs77gUjT.js                               [39m[1m[2m    7.11 kB[22m[1m[22m[2m │ gzip:   2.84 kB[22m
2026-08-14T15:31:34.2194298Z [2mpublic/build-inertia/[22m[2massets/[22m[36mFinOcrBoletoSheet-6bYn4axq.js                         [39m[1m[2m    7.16 kB[22m[1m[22m[2m │ gzip:   2.74 kB[22m
2026-08-14T15:31:34.2196323Z [2mpublic/build-inertia/[22m[2massets/[22m[36mpopover-BD1IxsN2.js                                   [39m[1m[2m    7.18 kB[22m[1m[22m[2m │ gzip:   2.60 kB[22m
2026-08-14T15:31:34.2198253Z [2mpublic/build-inertia/[22m[2massets/[22m[36mEdit-BiZ1Rl4N.js                                      [39m[1m[2m    7.20 kB[22m[1m[22m[2m │ gzip:   2.72 kB[22m
2026-08-14T15:31:34.2200428Z [2mpublic/build-inertia/[22m[2massets/[22m[36mComissaoDrawer-SyHpbkD0.js                            [39m[1m[2m    7.21 kB[22m[1m[22m[2m │ gzip:   2.91 kB[22m
2026-08-14T15:31:34.2202443Z [2mpublic/build-inertia/[22m[2massets/[22m[36mEdit-B5zVvvjs.js                                      [39m[1m[2m    7.49 kB[22m[1m[22m[2m │ gzip:   2.78 kB[22m
2026-08-14T15:31:34.2204632Z [2mpublic/build-inertia/[22m[2massets/[22m[36mServiceOrderItemFormSheet-Cy_0aOu1.js                 [39m[1m[2m    7.51 kB[22m[1m[22m[2m │ gzip:   2.93 kB[22m
2026-08-14T15:31:34.2206728Z [2mpublic/build-inertia/[22m[2massets/[22m[36mFsmActionPanel-DUzFxQBn.js                            [39m[1m[2m    7.65 kB[22m[1m[22m[2m │ gzip:   2.87 kB[22m
2026-08-14T15:31:34.2208714Z [2mpublic/build-inertia/[22m[2massets/[22m[36mCreate-C69Pg_JW.js                                    [39m[1m[2m    7.67 kB[22m[1m[22m[2m │ gzip:   2.89 kB[22m
2026-08-14T15:31:34.2210675Z [2mpublic/build-inertia/[22m[2massets/[22m[36mImport-8hkqYQhK.js                                    [39m[1m[2m    7.72 kB[22m[1m[22m[2m │ gzip:   2.88 kB[22m
2026-08-14T15:31:34.2212649Z [2mpublic/build-inertia/[22m[2massets/[22m[36mForjaMcp-DAZGVaWy.js                                  [39m[1m[2m    7.72 kB[22m[1m[22m[2m │ gzip:   2.18 kB[22m
2026-08-14T15:31:34.2214845Z [2mpublic/build-inertia/[22m[2massets/[22m[36mFinTroubleshooter-Cgv6GMzX.js                         [39m[1m[2m    7.73 kB[22m[1m[22m[2m │ gzip:   3.09 kB[22m
2026-08-14T15:31:34.2216921Z [2mpublic/build-inertia/[22m[2massets/[22m[36mLaudoPhotoSection-DxPBi76w.js                         [39m[1m[2m    7.77 kB[22m[1m[22m[2m │ gzip:   3.22 kB[22m
2026-08-14T15:31:34.2218961Z [2mpublic/build-inertia/[22m[2massets/[22m[36mJanaAreaHeader-B6H_xht-.js                            [39m[1m[2m    7.81 kB[22m[1m[22m[2m │ gzip:   3.33 kB[22m
2026-08-14T15:31:34.2220935Z [2mpublic/build-inertia/[22m[2massets/[22m[36mIndex-FWK3RrhI.js                                     [39m[1m[2m    7.93 kB[22m[1m[22m[2m │ gzip:   2.67 kB[22m
2026-08-14T15:31:34.2222966Z [2mpublic/build-inertia/[22m[2massets/[22m[36mCustomerMemoryBlock-BGkDgxrJ.js                       [39m[1m[2m    7.94 kB[22m[1m[22m[2m │ gzip:   2.58 kB[22m
2026-08-14T15:31:34.2225161Z [2mpublic/build-inertia/[22m[2massets/[22m[36mNovo-3UsUEOcy.js                                      [39m[1m[2m    7.97 kB[22m[1m[22m[2m │ gzip:   3.33 kB[22m
2026-08-14T15:31:34.2226994Z [2mpublic/build-inertia/[22m[2massets/[22m[36mVisao-BkngnizN.js                                     [39m[1m[2m    8.04 kB[22m[1m[22m[2m │ gzip:   2.96 kB[22m
2026-08-14T15:31:34.2228979Z [2mpublic/build-inertia/[22m[2massets/[22m[36mDocumentsTab-CH334ry_.js                              [39m[1m[2m    8.08 kB[22m[1m[22m[2m │ gzip:   3.03 kB[22m
2026-08-14T15:31:34.2231205Z [2mpublic/build-inertia/[22m[2massets/[22m[36mWelcome-XvWpG0PB.js                                   [39m[1m[2m    8.10 kB[22m[1m[22m[2m │ gzip:   3.42 kB[22m
2026-08-14T15:31:34.2233313Z [2mpublic/build-inertia/[22m[2massets/[22m[36mIndex-dsCc24PV.js                                     [39m[1m[2m    8.13 kB[22m[1m[22m[2m │ gzip:   3.57 kB[22m
2026-08-14T15:31:34.2235423Z [2mpublic/build-inertia/[22m[2massets/[22m[36mIndex-DUDbIy3G.js                                     [39m[1m[2m    8.16 kB[22m[1m[22m[2m │ gzip:   3.14 kB[22m
2026-08-14T15:31:34.2237352Z [2mpublic/build-inertia/[22m[2massets/[22m[36mShow-DY_ZrbSN.js                                      [39m[1m[2m    8.18 kB[22m[1m[22m[2m │ gzip:   2.82 kB[22m
2026-08-14T15:31:34.2239329Z [2mpublic/build-inertia/[22m[2massets/[22m[36mFinanceiroSubNav-DpT65bit.js                          [39m[1m[2m    8.29 kB[22m[1m[22m[2m │ gzip:   3.27 kB[22m
2026-08-14T15:31:34.2241360Z [2mpublic/build-inertia/[22m[2massets/[22m[36mQueuesSheet-FzzVKRgr.js                               [39m[1m[2m    8.39 kB[22m[1m[22m[2m │ gzip:   2.99 kB[22m
2026-08-14T15:31:34.2243374Z [2mpublic/build-inertia/[22m[2massets/[22m[36mForm-uERJoxUr.js                                      [39m[1m[2m    8.39 kB[22m[1m[22m[2m │ gzip:   3.13 kB[22m
2026-08-14T15:31:34.2245621Z [2mpublic/build-inertia/[22m[2massets/[22m[36mIndex-BvFWCt17.js                                     [39m[1m[2m    8.42 kB[22m[1m[22m[2m │ gzip:   2.93 kB[22m
2026-08-14T15:31:34.2247606Z [2mpublic/build-inertia/[22m[2massets/[22m[36mVdNfseEmitModal-BOvb-pVs.js                           [39m[1m[2m    8.42 kB[22m[1m[22m[2m │ gzip:   2.98 kB[22m
2026-08-14T15:31:34.2249746Z [2mpublic/build-inertia/[22m[2massets/[22m[36mServiceOrderFsmActionPanel-C1cyt6le.js                [39m[1m[2m    8.46 kB[22m[1m[22m[2m │ gzip:   3.19 kB[22m
2026-08-14T15:31:34.2251861Z [2mpublic/build-inertia/[22m[2massets/[22m[36mVendaDerivadaCard-DFUe2Tvv.js                         [39m[1m[2m    8.47 kB[22m[1m[22m[2m │ gzip:   2.36 kB[22m
2026-08-14T15:31:34.2254050Z [2mpublic/build-inertia/[22m[2massets/[22m[36mComercialTab-DXb3J9tT.js                              [39m[1m[2m    8.50 kB[22m[1m[22m[2m │ gzip:   2.87 kB[22m
2026-08-14T15:31:34.2256092Z [2mpublic/build-inertia/[22m[2massets/[22m[36mParcelasDrawer-DGZo0F7Z.js                            [39m[1m[2m    8.56 kB[22m[1m[22m[2m │ gzip:   3.23 kB[22m
2026-08-14T15:31:34.2258118Z [2mpublic/build-inertia/[22m[2massets/[22m[36mTituloCreateSheet-C0s8H3P8.js                         [39m[1m[2m    8.59 kB[22m[1m[22m[2m │ gzip:   2.90 kB[22m
2026-08-14T15:31:34.2260138Z [2mpublic/build-inertia/[22m[2massets/[22m[36mSaleTimeline-4LkbQwQd.js                              [39m[1m[2m    8.60 kB[22m[1m[22m[2m │ gzip:   3.07 kB[22m
2026-08-14T15:31:34.2262199Z [2mpublic/build-inertia/[22m[2massets/[22m[36mAssinaturaAtualizar-rtdwTWku.js                       [39m[1m[2m    8.67 kB[22m[1m[22m[2m │ gzip:   3.30 kB[22m
2026-08-14T15:31:34.2264456Z [2mpublic/build-inertia/[22m[2massets/[22m[36mVdNfeEmitModal-Cj9fxBpG.js                            [39m[1m[2m    8.71 kB[22m[1m[22m[2m │ gzip:   3.08 kB[22m
2026-08-14T15:31:34.2266483Z [2mpublic/build-inertia/[22m[2massets/[22m[36mIndex-B6CAS89S.js                                     [39m[1m[2m    8.74 kB[22m[1m[22m[2m │ gzip:   3.48 kB[22m
2026-08-14T15:31:34.2268417Z [2mpublic/build-inertia/[22m[2massets/[22m[36mBulkEdit-D9jAB4Q2.js                                  [39m[1m[2m    8.95 kB[22m[1m[22m[2m │ gzip:   3.16 kB[22m
2026-08-14T15:31:34.2270446Z [2mpublic/build-inertia/[22m[2massets/[22m[36mServiceOrderKanbanCard-tvZeWpRd.js                    [39m[1m[2m    8.96 kB[22m[1m[22m[2m │ gzip:   3.23 kB[22m
2026-08-14T15:31:34.2272545Z [2mpublic/build-inertia/[22m[2massets/[22m[36mSheetNovaCobranca-D1JUp_GS.js                         [39m[1m[2m    8.97 kB[22m[1m[22m[2m │ gzip:   3.35 kB[22m
2026-08-14T15:31:34.2274965Z [2mpublic/build-inertia/[22m[2massets/[22m[36mCobrancaDrawer-BB_mMP1d.js                            [39m[1m[2m    9.02 kB[22m[1m[22m[2m │ gzip:   3.14 kB[22m
2026-08-14T15:31:34.2277117Z [2mpublic/build-inertia/[22m[2massets/[22m[36mtooltip-Cr5BKfpk.js                                   [39m[1m[2m    9.03 kB[22m[1m[22m[2m │ gzip:   3.29 kB[22m
2026-08-14T15:31:34.2279129Z [2mpublic/build-inertia/[22m[2massets/[22m[36mTituloEditSheet-VMa1NZPs.js                           [39m[1m[2m    9.10 kB[22m[1m[22m[2m │ gzip:   2.69 kB[22m
2026-08-14T15:31:34.2281146Z [2mpublic/build-inertia/[22m[2massets/[22m[36mJanaTemplates-qzVwCbIy.js                             [39m[1m[2m    9.11 kB[22m[1m[22m[2m │ gzip:   3.68 kB[22m
2026-08-14T15:31:34.2283206Z [2mpublic/build-inertia/[22m[2massets/[22m[36mConfigurarBoletoSheet-DdmNjeXm.js                     [39m[1m[2m    9.16 kB[22m[1m[22m[2m │ gzip:   2.87 kB[22m
2026-08-14T15:31:34.2285443Z [2mpublic/build-inertia/[22m[2massets/[22m[36mPolicies-C8k0hb2v.js                                  [39m[1m[2m    9.19 kB[22m[1m[22m[2m │ gzip:   3.92 kB[22m
2026-08-14T15:31:34.2287330Z [2mpublic/build-inertia/[22m[2massets/[22m[36mContatoTab-DgaeukP9.js                                [39m[1m[2m    9.23 kB[22m[1m[22m[2m │ gzip:   2.87 kB[22m
2026-08-14T15:31:34.2289177Z [2mpublic/build-inertia/[22m[2massets/[22m[36mIndex-B2J-W1bN.js                                     [39m[1m[2m    9.25 kB[22m[1m[22m[2m │ gzip:   3.22 kB[22m
2026-08-14T15:31:34.2291016Z [2mpublic/build-inertia/[22m[2massets/[22m[36mEdit-CAlGQpzb.js                                      [39m[1m[2m    9.26 kB[22m[1m[22m[2m │ gzip:   3.18 kB[22m
2026-08-14T15:31:34.2292897Z [2mpublic/build-inertia/[22m[2massets/[22m[36mNfe-BIDwjqsF.js                                       [39m[1m[2m    9.27 kB[22m[1m[22m[2m │ gzip:   3.56 kB[22m
2026-08-14T15:31:34.2295071Z [2mpublic/build-inertia/[22m[2massets/[22m[36mLedger-Ptz5jX0o.js                                    [39m[1m[2m    9.32 kB[22m[1m[22m[2m │ gzip:   3.15 kB[22m
2026-08-14T15:31:34.2297015Z [2mpublic/build-inertia/[22m[2massets/[22m[36mRegraForm-BoaV6dYc.js                                 [39m[1m[2m    9.37 kB[22m[1m[22m[2m │ gzip:   3.28 kB[22m
2026-08-14T15:31:34.2298957Z [2mpublic/build-inertia/[22m[2massets/[22m[36mIndex-oyuhfUEr.js                                     [39m[1m[2m    9.39 kB[22m[1m[22m[2m │ gzip:   3.27 kB[22m
2026-08-14T15:31:34.2300883Z [2mpublic/build-inertia/[22m[2massets/[22m[36mSped-CHTX1SGf.js                                      [39m[1m[2m    9.45 kB[22m[1m[22m[2m │ gzip:   3.33 kB[22m
2026-08-14T15:31:34.2302793Z [2mpublic/build-inertia/[22m[2massets/[22m[36mIndex-Ah7c0OR4.js                                     [39m[1m[2m    9.59 kB[22m[1m[22m[2m │ gzip:   3.53 kB[22m
2026-08-14T15:31:34.2304917Z [2mpublic/build-inertia/[22m[2massets/[22m[36mCreate-DT2AzY7s.js                                    [39m[1m[2m    9.62 kB[22m[1m[22m[2m │ gzip:   3.78 kB[22m
2026-08-14T15:31:34.2306812Z [2mpublic/build-inertia/[22m[2massets/[22m[36mEdit-BAhI9ptD.js                                      [39m[1m[2m    9.64 kB[22m[1m[22m[2m │ gzip:   3.78 kB[22m
2026-08-14T15:31:34.2308743Z [2mpublic/build-inertia/[22m[2massets/[22m[36mDashboard-PrbIKabd.js                                 [39m[1m[2m    9.70 kB[22m[1m[22m[2m │ gzip:   3.82 kB[22m
2026-08-14T15:31:34.2310658Z [2mpublic/build-inertia/[22m[2massets/[22m[36mShow-DNIqYDcF.js                                      [39m[1m[2m    9.73 kB[22m[1m[22m[2m │ gzip:   3.87 kB[22m
2026-08-14T15:31:34.2312574Z [2mpublic/build-inertia/[22m[2massets/[22m[36mSellingPrices-DumbLLUc.js                             [39m[1m[2m    9.77 kB[22m[1m[22m[2m │ gzip:   3.77 kB[22m
2026-08-14T15:31:34.2315006Z [2mpublic/build-inertia/[22m[2massets/[22m[36mConfigDefault-Bf5TAkrE.js                             [39m[1m[2m    9.79 kB[22m[1m[22m[2m │ gzip:   3.54 kB[22m
2026-08-14T15:31:34.2317248Z [2mpublic/build-inertia/[22m[2massets/[22m[36mEnderecosEntregaList-wfOQUYDx.js                      [39m[1m[2m    9.80 kB[22m[1m[22m[2m │ gzip:   3.18 kB[22m
2026-08-14T15:31:34.2319204Z [2mpublic/build-inertia/[22m[2massets/[22m[36mShow-CmlnImZi.js                                      [39m[1m[2m    9.80 kB[22m[1m[22m[2m │ gzip:   3.05 kB[22m
2026-08-14T15:31:34.2321136Z [2mpublic/build-inertia/[22m[2massets/[22m[36mImportCsv-zGI2l7uN.js                                 [39m[1m[2m    9.83 kB[22m[1m[22m[2m │ gzip:   3.44 kB[22m
2026-08-14T15:31:34.2323100Z [2mpublic/build-inertia/[22m[2massets/[22m[36mTaskDrawer-DOKDlaoX.js                                [39m[1m[2m    9.83 kB[22m[1m[22m[2m │ gzip:   3.21 kB[22m
2026-08-14T15:31:34.2325285Z [2mpublic/build-inertia/[22m[2massets/[22m[36mEnderecoTab-C0-bZpIp.js                               [39m[1m[2m    9.93 kB[22m[1m[22m[2m │ gzip:   3.47 kB[22m
2026-08-14T15:31:34.2327259Z [2mpublic/build-inertia/[22m[2massets/[22m[36mEdit-Da5d9P-v.js                                      [39m[1m[2m   10.00 kB[22m[1m[22m[2m │ gzip:   3.95 kB[22m
2026-08-14T15:31:34.2329176Z [2mpublic/build-inertia/[22m[2massets/[22m[36mForjaHandoffs-6RT4D-ni.js                             [39m[1m[2m   10.01 kB[22m[1m[22m[2m │ gzip:   3.53 kB[22m
2026-08-14T15:31:34.2331088Z [2mpublic/build-inertia/[22m[2massets/[22m[36mFiscalSection-7gbBY45m.js                             [39m[1m[2m   10.02 kB[22m[1m[22m[2m │ gzip:   3.61 kB[22m
2026-08-14T15:31:34.2332990Z [2mpublic/build-inertia/[22m[2massets/[22m[36mIndex-QxI61uyU.js                                     [39m[1m[2m   10.13 kB[22m[1m[22m[2m │ gzip:   3.94 kB[22m
2026-08-14T15:31:34.2335081Z [2mpublic/build-inertia/[22m[2massets/[22m[36mShow-z5Dc13I3.js                                      [39m[1m[2m   10.14 kB[22m[1m[22m[2m │ gzip:   3.99 kB[22m
2026-08-14T15:31:34.2336974Z [2mpublic/build-inertia/[22m[2massets/[22m[36mCreate-DumGmvpg.js                                    [39m[1m[2m   10.22 kB[22m[1m[22m[2m │ gzip:   3.73 kB[22m
2026-08-14T15:31:34.2338913Z [2mpublic/build-inertia/[22m[2massets/[22m[36mEdit-BL0FEX8w.js                                      [39m[1m[2m   10.29 kB[22m[1m[22m[2m │ gzip:   3.33 kB[22m
2026-08-14T15:31:34.2340849Z [2mpublic/build-inertia/[22m[2massets/[22m[36mIndex-DPftBqZE.js                                     [39m[1m[2m   10.35 kB[22m[1m[22m[2m │ gzip:   4.04 kB[22m
2026-08-14T15:31:34.2342767Z [2mpublic/build-inertia/[22m[2massets/[22m[36mIndex-CmZ5VwQa.js                                     [39m[1m[2m   10.35 kB[22m[1m[22m[2m │ gzip:   4.30 kB[22m
2026-08-14T15:31:34.2344995Z [2mpublic/build-inertia/[22m[2massets/[22m[36museQuery-GmS0JkhG.js                                  [39m[1m[2m   10.47 kB[22m[1m[22m[2m │ gzip:   3.71 kB[22m
2026-08-14T15:31:34.2346948Z [2mpublic/build-inertia/[22m[2massets/[22m[36mIndex-BEpBVOJD.js                                     [39m[1m[2m   10.47 kB[22m[1m[22m[2m │ gzip:   4.17 kB[22m
2026-08-14T15:31:34.2348917Z [2mpublic/build-inertia/[22m[2massets/[22m[36mIndex-KP-k6Na2.js                                     [39m[1m[2m   10.49 kB[22m[1m[22m[2m │ gzip:   4.15 kB[22m
2026-08-14T15:31:34.2350789Z [2mpublic/build-inertia/[22m[2massets/[22m[36mDetail-BiaDJeBW.js                                    [39m[1m[2m   10.53 kB[22m[1m[22m[2m │ gzip:   4.05 kB[22m
2026-08-14T15:31:34.2352699Z [2mpublic/build-inertia/[22m[2massets/[22m[36mIndex-ClmqwmRZ.js                                     [39m[1m[2m   10.53 kB[22m[1m[22m[2m │ gzip:   4.15 kB[22m
2026-08-14T15:31:34.2354808Z [2mpublic/build-inertia/[22m[2massets/[22m[36mIndex-BLcDt7K3.js                                     [39m[1m[2m   10.68 kB[22m[1m[22m[2m │ gzip:   3.71 kB[22m
2026-08-14T15:31:34.2356960Z [2mpublic/build-inertia/[22m[2massets/[22m[36mSalesTab-nnYugOSu.js                                  [39m[1m[2m   10.70 kB[22m[1m[22m[2m │ gzip:   3.68 kB[22m
2026-08-14T15:31:34.2359116Z [2mpublic/build-inertia/[22m[2massets/[22m[36mLedgerTab-BF3dpHBx.js                                 [39m[1m[2m   10.71 kB[22m[1m[22m[2m │ gzip:   3.51 kB[22m
2026-08-14T15:31:34.2361079Z [2mpublic/build-inertia/[22m[2massets/[22m[36mShow-BGf501vZ.js                                      [39m[1m[2m   10.75 kB[22m[1m[22m[2m │ gzip:   4.21 kB[22m
2026-08-14T15:31:34.2363009Z [2mpublic/build-inertia/[22m[2massets/[22m[36mIndex-C8oQg5zf.js                                     [39m[1m[2m   10.75 kB[22m[1m[22m[2m │ gzip:   4.31 kB[22m
2026-08-14T15:31:34.2365146Z [2mpublic/build-inertia/[22m[2massets/[22m[36mIndex-zCpQaXlg.js                                     [39m[1m[2m   10.82 kB[22m[1m[22m[2m │ gzip:   4.28 kB[22m
2026-08-14T15:31:34.2367103Z [2mpublic/build-inertia/[22m[2massets/[22m[36mIndex-C1ruz3fl.js                                     [39m[1m[2m   10.86 kB[22m[1m[22m[2m │ gzip:   4.31 kB[22m
2026-08-14T15:31:34.2369012Z [2mpublic/build-inertia/[22m[2massets/[22m[36mIndex-DRjsJL8c.js                                     [39m[1m[2m   10.93 kB[22m[1m[22m[2m │ gzip:   4.55 kB[22m
2026-08-14T15:31:34.2370958Z [2mpublic/build-inertia/[22m[2massets/[22m[36mIndex-DDd8Xy50.js                                     [39m[1m[2m   11.08 kB[22m[1m[22m[2m │ gzip:   4.20 kB[22m
2026-08-14T15:31:34.2372909Z [2mpublic/build-inertia/[22m[2massets/[22m[36mTriageDossier-rem_3hE-.js                             [39m[1m[2m   11.12 kB[22m[1m[22m[2m │ gzip:   3.56 kB[22m
2026-08-14T15:31:34.2375064Z [2mpublic/build-inertia/[22m[2massets/[22m[36mEntregaFrete-BPGky9qv.js                              [39m[1m[2m   11.13 kB[22m[1m[22m[2m │ gzip:   3.84 kB[22m
2026-08-14T15:31:34.2377040Z [2mpublic/build-inertia/[22m[2massets/[22m[36mIndex-Cokyd2Oe.js                                     [39m[1m[2m   11.17 kB[22m[1m[22m[2m │ gzip:   4.27 kB[22m
2026-08-14T15:31:34.2379001Z [2mpublic/build-inertia/[22m[2massets/[22m[36mPaymentRow-pMLr1h97.js                                [39m[1m[2m   11.17 kB[22m[1m[22m[2m │ gzip:   2.95 kB[22m
2026-08-14T15:31:34.2380963Z [2mpublic/build-inertia/[22m[2massets/[22m[36mItemDetalhe-CWcbomw_.js                               [39m[1m[2m   11.23 kB[22m[1m[22m[2m │ gzip:   4.15 kB[22m
2026-08-14T15:31:34.2382895Z [2mpublic/build-inertia/[22m[2massets/[22m[36mDriftAlerts-DtT43hvR.js                               [39m[1m[2m   11.24 kB[22m[1m[22m[2m │ gzip:   4.34 kB[22m
2026-08-14T15:31:34.2385054Z [2mpublic/build-inertia/[22m[2massets/[22m[36mForjaDossier-CvIUlbeJ.js                              [39m[1m[2m   11.24 kB[22m[1m[22m[2m │ gzip:   3.58 kB[22m
2026-08-14T15:31:34.2387013Z [2mpublic/build-inertia/[22m[2massets/[22m[36mGraph-Asbfrsaq.js                                     [39m[1m[2m   11.25 kB[22m[1m[22m[2m │ gzip:   4.56 kB[22m
2026-08-14T15:31:34.2388954Z [2mpublic/build-inertia/[22m[2massets/[22m[36mIndex-gyMHdpv9.js                                     [39m[1m[2m   11.27 kB[22m[1m[22m[2m │ gzip:   4.44 kB[22m
2026-08-14T15:31:34.2390915Z [2mpublic/build-inertia/[22m[2massets/[22m[36mLancarItem-Dx7XgPlU.js                                [39m[1m[2m   11.27 kB[22m[1m[22m[2m │ gzip:   3.81 kB[22m
2026-08-14T15:31:34.2392920Z [2mpublic/build-inertia/[22m[2massets/[22m[36mNfceStatus-D7NAt0eS.js                                [39m[1m[2m   11.27 kB[22m[1m[22m[2m │ gzip:   4.57 kB[22m
2026-08-14T15:31:34.2395121Z [2mpublic/build-inertia/[22m[2massets/[22m[36mProjects-Celiy5Eu.js                                  [39m[1m[2m   11.29 kB[22m[1m[22m[2m │ gzip:   4.66 kB[22m
2026-08-14T15:31:34.2397289Z [2mpublic/build-inertia/[22m[2massets/[22m[36mIndex-DFl4a_QV.js                                     [39m[1m[2m   11.33 kB[22m[1m[22m[2m │ gzip:   4.50 kB[22m
2026-08-14T15:31:34.2399404Z [2mpublic/build-inertia/[22m[2massets/[22m[36mCreate-DIFoXUNn.js                                    [39m[1m[2m   11.37 kB[22m[1m[22m[2m │ gzip:   3.48 kB[22m
2026-08-14T15:31:34.2401344Z [2mpublic/build-inertia/[22m[2massets/[22m[36mIndex-THsvyWXQ.js                                     [39m[1m[2m   11.43 kB[22m[1m[22m[2m │ gzip:   3.82 kB[22m
2026-08-14T15:31:34.2403290Z [2mpublic/build-inertia/[22m[2massets/[22m[36mCreate-DOo9RpCQ.js                                    [39m[1m[2m   11.44 kB[22m[1m[22m[2m │ gzip:   4.25 kB[22m
2026-08-14T15:31:34.2405437Z [2mpublic/build-inertia/[22m[2massets/[22m[36mCreate-BRLe34fV.js                                    [39m[1m[2m   11.45 kB[22m[1m[22m[2m │ gzip:   3.64 kB[22m
2026-08-14T15:31:34.2407401Z [2mpublic/build-inertia/[22m[2massets/[22m[36mEdit-yCGO7tGH.js                                      [39m[1m[2m   11.47 kB[22m[1m[22m[2m │ gzip:   3.63 kB[22m
2026-08-14T15:31:34.2409313Z [2mpublic/build-inertia/[22m[2massets/[22m[36mAudit-Ca6_EWT0.js                                     [39m[1m[2m   11.52 kB[22m[1m[22m[2m │ gzip:   4.29 kB[22m
2026-08-14T15:31:34.2411241Z [2mpublic/build-inertia/[22m[2massets/[22m[36mReps-D4sZdrWO.js                                      [39m[1m[2m   11.53 kB[22m[1m[22m[2m │ gzip:   4.39 kB[22m
2026-08-14T15:31:34.2413260Z [2mpublic/build-inertia/[22m[2massets/[22m[36mCaptureFeedbackSheet-DQS__dm5.js                      [39m[1m[2m   11.58 kB[22m[1m[22m[2m │ gzip:   4.12 kB[22m
2026-08-14T15:31:34.2415519Z [2mpublic/build-inertia/[22m[2massets/[22m[36mClassificacaoTab-e3vmkuzc.js                          [39m[1m[2m   11.63 kB[22m[1m[22m[2m │ gzip:   3.63 kB[22m
2026-08-14T15:31:34.2417496Z [2mpublic/build-inertia/[22m[2massets/[22m[36mDrawer-B9BjWvAG.js                                    [39m[1m[2m   11.69 kB[22m[1m[22m[2m │ gzip:   3.12 kB[22m
2026-08-14T15:31:34.2419446Z [2mpublic/build-inertia/[22m[2massets/[22m[36mIndex-X0Rd5x0C.js                                     [39m[1m[2m   11.69 kB[22m[1m[22m[2m │ gzip:   4.73 kB[22m
2026-08-14T15:31:34.2421405Z [2mpublic/build-inertia/[22m[2massets/[22m[36mIndex-Cle-pkkw.js                                     [39m[1m[2m   11.83 kB[22m[1m[22m[2m │ gzip:   4.64 kB[22m
2026-08-14T15:31:34.2423345Z [2mpublic/build-inertia/[22m[2massets/[22m[36mQuotations-Dj5LK-AY.js                                [39m[1m[2m   11.84 kB[22m[1m[22m[2m │ gzip:   4.74 kB[22m
2026-08-14T15:31:34.2425536Z [2mpublic/build-inertia/[22m[2massets/[22m[36mIndex-DuNGNzV8.js                                     [39m[1m[2m   11.84 kB[22m[1m[22m[2m │ gzip:   4.53 kB[22m
2026-08-14T15:31:34.2427459Z [2mpublic/build-inertia/[22m[2massets/[22m[36mIndex-CokhmtEr.js                                     [39m[1m[2m   11.85 kB[22m[1m[22m[2m │ gzip:   4.86 kB[22m
2026-08-14T15:31:34.2429372Z [2mpublic/build-inertia/[22m[2massets/[22m[36mPricing-BVbELEZu.js                                   [39m[1m[2m   11.86 kB[22m[1m[22m[2m │ gzip:   4.47 kB[22m
2026-08-14T15:31:34.2431336Z [2mpublic/build-inertia/[22m[2massets/[22m[36mDrawerCobranca-BHaMntok.js                            [39m[1m[2m   11.88 kB[22m[1m[22m[2m │ gzip:   3.48 kB[22m
2026-08-14T15:31:34.2433596Z [2mpublic/build-inertia/[22m[2massets/[22m[36mProductSearchAutocomplete-wGAOWeFh.js                 [39m[1m[2m   11.93 kB[22m[1m[22m[2m │ gzip:   4.09 kB[22m
2026-08-14T15:31:34.2435670Z [2mpublic/build-inertia/[22m[2massets/[22m[36mIndex-gLVahohb.js                                     [39m[1m[2m   11.99 kB[22m[1m[22m[2m │ gzip:   4.69 kB[22m
2026-08-14T15:31:34.2437570Z [2mpublic/build-inertia/[22m[2massets/[22m[36mShow-CKsVN43l.js                                      [39m[1m[2m   12.02 kB[22m[1m[22m[2m │ gzip:   4.79 kB[22m
2026-08-14T15:31:34.2439660Z [2mpublic/build-inertia/[22m[2massets/[22m[36mDrafts-BdRM1zme.js                                    [39m[1m[2m   12.09 kB[22m[1m[22m[2m │ gzip:   4.84 kB[22m
2026-08-14T15:31:34.2441822Z [2mpublic/build-inertia/[22m[2massets/[22m[36mInboxGuiaDialog-BCkS7PCo.js                           [39m[1m[2m   12.09 kB[22m[1m[22m[2m │ gzip:   4.21 kB[22m
2026-08-14T15:31:34.2444159Z [2mpublic/build-inertia/[22m[2massets/[22m[36mIndex-i9LXupjr.js                                     [39m[1m[2m   12.12 kB[22m[1m[22m[2m │ gzip:   4.58 kB[22m
2026-08-14T15:31:34.2446066Z [2mpublic/build-inertia/[22m[2massets/[22m[36mIndex-vvLWX7y7.js                                     [39m[1m[2m   12.13 kB[22m[1m[22m[2m │ gzip:   4.87 kB[22m
2026-08-14T15:31:34.2447952Z [2mpublic/build-inertia/[22m[2massets/[22m[36mIndex-DMpFY8O1.js                                     [39m[1m[2m   12.17 kB[22m[1m[22m[2m │ gzip:   5.12 kB[22m
2026-08-14T15:31:34.2449829Z [2mpublic/build-inertia/[22m[2massets/[22m[36mIndex-B4jjPes_.js                                     [39m[1m[2m   12.26 kB[22m[1m[22m[2m │ gzip:   4.84 kB[22m
2026-08-14T15:31:34.2451781Z [2mpublic/build-inertia/[22m[2massets/[22m[36mStockHistory-Bkm2cenl.js                              [39m[1m[2m   12.40 kB[22m[1m[22m[2m │ gzip:   4.88 kB[22m
2026-08-14T15:31:34.2453961Z [2mpublic/build-inertia/[22m[2massets/[22m[36mIndex-XVUuFDNO.js                                     [39m[1m[2m   12.45 kB[22m[1m[22m[2m │ gzip:   4.68 kB[22m
2026-08-14T15:31:34.2455879Z [2mpublic/build-inertia/[22m[2massets/[22m[36mNotaDrawer-vlaDuUbT.js                                [39m[1m[2m   12.50 kB[22m[1m[22m[2m │ gzip:   4.10 kB[22m
2026-08-14T15:31:34.2457823Z [2mpublic/build-inertia/[22m[2massets/[22m[36mProjectShow-DaHoASIk.js                               [39m[1m[2m   12.57 kB[22m[1m[22m[2m │ gzip:   4.90 kB[22m
2026-08-14T15:31:34.2459727Z [2mpublic/build-inertia/[22m[2massets/[22m[36mIndex-DxVFb9xy.js                                     [39m[1m[2m   12.66 kB[22m[1m[22m[2m │ gzip:   4.54 kB[22m
2026-08-14T15:31:34.2461653Z [2mpublic/build-inertia/[22m[2massets/[22m[36mIndex-DrxCsQEp.js                                     [39m[1m[2m   12.66 kB[22m[1m[22m[2m │ gzip:   4.94 kB[22m
2026-08-14T15:31:34.2463717Z [2mpublic/build-inertia/[22m[2massets/[22m[36mIndex-CqeD7IHJ.js                                     [39m[1m[2m   12.71 kB[22m[1m[22m[2m │ gzip:   4.14 kB[22m
2026-08-14T15:31:34.2465638Z [2mpublic/build-inertia/[22m[2massets/[22m[36mIndex-DknSNLn0.js                                     [39m[1m[2m   12.77 kB[22m[1m[22m[2m │ gzip:   4.96 kB[22m
2026-08-14T15:31:34.2467552Z [2mpublic/build-inertia/[22m[2massets/[22m[36mShow-DIgRnEnY.js                                      [39m[1m[2m   12.78 kB[22m[1m[22m[2m │ gzip:   4.47 kB[22m
2026-08-14T15:31:34.2469442Z [2mpublic/build-inertia/[22m[2massets/[22m[36mIndex-KiUBjhz6.js                                     [39m[1m[2m   12.94 kB[22m[1m[22m[2m │ gzip:   4.33 kB[22m
2026-08-14T15:31:34.2471348Z [2mpublic/build-inertia/[22m[2massets/[22m[36mEdit-D8j-BDKw.js                                      [39m[1m[2m   12.96 kB[22m[1m[22m[2m │ gzip:   4.42 kB[22m
2026-08-14T15:31:34.2473232Z [2mpublic/build-inertia/[22m[2massets/[22m[36mShow-BPAr1W8s.js                                      [39m[1m[2m   13.02 kB[22m[1m[22m[2m │ gzip:   5.12 kB[22m
2026-08-14T15:31:34.2475372Z [2mpublic/build-inertia/[22m[2massets/[22m[36mSubscriptions-CpsdoEIZ.js                             [39m[1m[2m   13.08 kB[22m[1m[22m[2m │ gzip:   5.22 kB[22m
2026-08-14T15:31:34.2477350Z [2mpublic/build-inertia/[22m[2massets/[22m[36mIndex-CgtMXPEN.js                                     [39m[1m[2m   13.15 kB[22m[1m[22m[2m │ gzip:   4.87 kB[22m
2026-08-14T15:31:34.2479521Z [2mpublic/build-inertia/[22m[2massets/[22m[36mMemoria-DKNA6TVp.js                                   [39m[1m[2m   13.20 kB[22m[1m[22m[2m │ gzip:   5.21 kB[22m
2026-08-14T15:31:34.2481643Z [2mpublic/build-inertia/[22m[2massets/[22m[36mShow-CdTRknK6.js                                      [39m[1m[2m   13.23 kB[22m[1m[22m[2m │ gzip:   4.81 kB[22m
2026-08-14T15:31:34.2484626Z [2mpublic/build-inertia/[22m[2massets/[22m[36mIndex-QOreDdPX.js                                     [39m[1m[2m   13.26 kB[22m[1m[22m[2m │ gzip:   5.03 kB[22m
2026-08-14T15:31:34.2486626Z [2mpublic/build-inertia/[22m[2massets/[22m[36mTools-DyfiIFgF.js                                     [39m[1m[2m   13.28 kB[22m[1m[22m[2m │ gzip:   5.30 kB[22m
2026-08-14T15:31:34.2488561Z [2mpublic/build-inertia/[22m[2massets/[22m[36mIndex-B06DIVym.js                                     [39m[1m[2m   13.33 kB[22m[1m[22m[2m │ gzip:   5.08 kB[22m
2026-08-14T15:31:34.2490506Z [2mpublic/build-inertia/[22m[2massets/[22m[36mvault-DmrbGdOU.js                                     [39m[1m[2m   13.33 kB[22m[1m[22m[2m │ gzip:   3.04 kB[22m
2026-08-14T15:31:34.2492521Z [2mpublic/build-inertia/[22m[2massets/[22m[36mNotaDrawerV2-BtRUJ4-v.js                              [39m[1m[2m   13.38 kB[22m[1m[22m[2m │ gzip:   4.50 kB[22m
2026-08-14T15:31:34.2494707Z [2mpublic/build-inertia/[22m[2massets/[22m[36mIndex-C_H6poRh.js                                     [39m[1m[2m   13.40 kB[22m[1m[22m[2m │ gzip:   4.27 kB[22m
2026-08-14T15:31:34.2496708Z [2mpublic/build-inertia/[22m[2massets/[22m[36mTeamScopes-CbKufA6B.js                                [39m[1m[2m   13.46 kB[22m[1m[22m[2m │ gzip:   5.04 kB[22m
2026-08-14T15:31:34.2498808Z [2mpublic/build-inertia/[22m[2massets/[22m[36mConversationThreadV4-DE6kkYtC.js                      [39m[1m[2m   13.55 kB[22m[1m[22m[2m │ gzip:   4.90 kB[22m
2026-08-14T15:31:34.2500974Z [2mpublic/build-inertia/[22m[2massets/[22m[36mConversationSidebar-Dx7nxmfx.js                       [39m[1m[2m   13.67 kB[22m[1m[22m[2m │ gzip:   4.17 kB[22m
2026-08-14T15:31:34.2502994Z [2mpublic/build-inertia/[22m[2massets/[22m[36mShow-DVf9BSXc.js                                      [39m[1m[2m   13.80 kB[22m[1m[22m[2m │ gzip:   4.84 kB[22m
2026-08-14T15:31:34.2505105Z [2mpublic/build-inertia/[22m[2massets/[22m[36mIndex-ClGY6Z5a.js                                     [39m[1m[2m   13.83 kB[22m[1m[22m[2m │ gzip:   5.34 kB[22m
2026-08-14T15:31:34.2507056Z [2mpublic/build-inertia/[22m[2massets/[22m[36mSettings-l48Bwk8I.js                                  [39m[1m[2m   13.83 kB[22m[1m[22m[2m │ gzip:   5.55 kB[22m
2026-08-14T15:31:34.2508989Z [2mpublic/build-inertia/[22m[2massets/[22m[36mIndex--h33pLBB.js                                     [39m[1m[2m   13.91 kB[22m[1m[22m[2m │ gzip:   4.90 kB[22m
2026-08-14T15:31:34.2510920Z [2mpublic/build-inertia/[22m[2massets/[22m[36mIndex-CbaaC0qt.js                                     [39m[1m[2m   13.92 kB[22m[1m[22m[2m │ gzip:   5.20 kB[22m
2026-08-14T15:31:34.2512972Z [2mpublic/build-inertia/[22m[2massets/[22m[36mInteractiveMessageDialog-Dm1JsZse.js                  [39m[1m[2m   13.93 kB[22m[1m[22m[2m │ gzip:   4.12 kB[22m
2026-08-14T15:31:34.2515269Z [2mpublic/build-inertia/[22m[2massets/[22m[36mDviInlineEditor-l5yf_Grt.js                           [39m[1m[2m   13.99 kB[22m[1m[22m[2m │ gzip:   4.74 kB[22m
2026-08-14T15:31:34.2517327Z [2mpublic/build-inertia/[22m[2massets/[22m[36mConversationList-CIwOEIEC.js                          [39m[1m[2m   14.10 kB[22m[1m[22m[2m │ gzip:   4.58 kB[22m
2026-08-14T15:31:34.2519334Z [2mpublic/build-inertia/[22m[2massets/[22m[36mCustos-BdZfJjcJ.js                                    [39m[1m[2m   14.10 kB[22m[1m[22m[2m │ gzip:   5.36 kB[22m
2026-08-14T15:31:34.2521280Z [2mpublic/build-inertia/[22m[2massets/[22m[36mIndex-DU2W9vrS.js                                     [39m[1m[2m   14.13 kB[22m[1m[22m[2m │ gzip:   4.86 kB[22m
2026-08-14T15:31:34.2523593Z [2mpublic/build-inertia/[22m[2massets/[22m[36mIndex-Bq_lMt1o.js                                     [39m[1m[2m   14.16 kB[22m[1m[22m[2m │ gzip:   5.02 kB[22m
2026-08-14T15:31:34.2525867Z [2mpublic/build-inertia/[22m[2massets/[22m[36mContador-CiQTed0e.js                                  [39m[1m[2m   14.21 kB[22m[1m[22m[2m │ gzip:   5.18 kB[22m
2026-08-14T15:31:34.2527813Z [2mpublic/build-inertia/[22m[2massets/[22m[36mVariants-BRGRRfkV.js                                  [39m[1m[2m   14.29 kB[22m[1m[22m[2m │ gzip:   5.20 kB[22m
2026-08-14T15:31:34.2529736Z [2mpublic/build-inertia/[22m[2massets/[22m[36mShow-D1PpAwd0.js                                      [39m[1m[2m   14.30 kB[22m[1m[22m[2m │ gzip:   5.39 kB[22m
2026-08-14T15:31:34.2531740Z [2mpublic/build-inertia/[22m[2massets/[22m[36mServiceOrderRichSheet-D0hiAQwS.js                     [39m[1m[2m   14.37 kB[22m[1m[22m[2m │ gzip:   5.22 kB[22m
2026-08-14T15:31:34.2533941Z [2mpublic/build-inertia/[22m[2massets/[22m[36mIndex-CV-93jp9.js                                     [39m[1m[2m   14.41 kB[22m[1m[22m[2m │ gzip:   5.17 kB[22m
2026-08-14T15:31:34.2535878Z [2mpublic/build-inertia/[22m[2massets/[22m[36mIndex-rMGPDw4u.js                                     [39m[1m[2m   14.43 kB[22m[1m[22m[2m │ gzip:   5.48 kB[22m
2026-08-14T15:31:34.2537855Z [2mpublic/build-inertia/[22m[2massets/[22m[36mIndex-BnRAB5WL.js                                     [39m[1m[2m   14.47 kB[22m[1m[22m[2m │ gzip:   5.89 kB[22m
2026-08-14T15:31:34.2539811Z [2mpublic/build-inertia/[22m[2massets/[22m[36mCreate-DHYsUXzf.js                                    [39m[1m[2m   14.48 kB[22m[1m[22m[2m │ gzip:   5.19 kB[22m
2026-08-14T15:31:34.2541786Z [2mpublic/build-inertia/[22m[2massets/[22m[36mCnabRetorno-Djy9UF-I.js                               [39m[1m[2m   14.53 kB[22m[1m[22m[2m │ gzip:   5.37 kB[22m
2026-08-14T15:31:34.2544028Z [2mpublic/build-inertia/[22m[2massets/[22m[36mEdit-Tt7BxuO2.js                                      [39m[1m[2m   14.58 kB[22m[1m[22m[2m │ gzip:   4.93 kB[22m
2026-08-14T15:31:34.2545997Z [2mpublic/build-inertia/[22m[2massets/[22m[36mCreate-BqcAEyho.js                                    [39m[1m[2m   14.62 kB[22m[1m[22m[2m │ gzip:   5.10 kB[22m
2026-08-14T15:31:34.2547974Z [2mpublic/build-inertia/[22m[2massets/[22m[36mIndex-3YL-i3Ri.js                                     [39m[1m[2m   14.62 kB[22m[1m[22m[2m │ gzip:   4.83 kB[22m
2026-08-14T15:31:34.2549913Z [2mpublic/build-inertia/[22m[2massets/[22m[36mIndex-poEQHhRZ.js                                     [39m[1m[2m   14.65 kB[22m[1m[22m[2m │ gzip:   5.08 kB[22m
2026-08-14T15:31:34.2551887Z [2mpublic/build-inertia/[22m[2massets/[22m[36mIndex-BQjCLWuT.js                                     [39m[1m[2m   14.80 kB[22m[1m[22m[2m │ gzip:   5.45 kB[22m
2026-08-14T15:31:34.2584133Z [2mpublic/build-inertia/[22m[2massets/[22m[36mcommand-BLxZze3a.js                                   [39m[1m[2m   14.97 kB[22m[1m[22m[2m │ gzip:   5.58 kB[22m
2026-08-14T15:31:34.2586192Z [2mpublic/build-inertia/[22m[2massets/[22m[36mIndex-B_-yW1Sp.js                                     [39m[1m[2m   14.97 kB[22m[1m[22m[2m │ gzip:   5.22 kB[22m
2026-08-14T15:31:34.2588141Z [2mpublic/build-inertia/[22m[2massets/[22m[36mCreate-B41gFvMJ.js                                    [39m[1m[2m   15.17 kB[22m[1m[22m[2m │ gzip:   5.31 kB[22m
2026-08-14T15:31:34.2590059Z [2mpublic/build-inertia/[22m[2massets/[22m[36mPro-iE6IUWF2.js                                       [39m[1m[2m   15.52 kB[22m[1m[22m[2m │ gzip:   4.93 kB[22m
2026-08-14T15:31:34.2592028Z [2mpublic/build-inertia/[22m[2massets/[22m[36mAddParts-CSnqG9Vc.js                                  [39m[1m[2m   15.56 kB[22m[1m[22m[2m │ gzip:   6.06 kB[22m
2026-08-14T15:31:34.2594510Z [2mpublic/build-inertia/[22m[2massets/[22m[36mConversationListV4-YFVsNQGo.js                        [39m[1m[2m   15.63 kB[22m[1m[22m[2m │ gzip:   5.05 kB[22m
2026-08-14T15:31:34.2596850Z [2mpublic/build-inertia/[22m[2massets/[22m[36mIndex-CzUCIRVA.js                                     [39m[1m[2m   15.66 kB[22m[1m[22m[2m │ gzip:   6.12 kB[22m
2026-08-14T15:31:34.2598834Z [2mpublic/build-inertia/[22m[2massets/[22m[36mIndex-CXrgaiXm.js                                     [39m[1m[2m   15.74 kB[22m[1m[22m[2m │ gzip:   5.14 kB[22m
2026-08-14T15:31:34.2600777Z [2mpublic/build-inertia/[22m[2massets/[22m[36mCreate-DB2UQp4b.js                                    [39m[1m[2m   15.83 kB[22m[1m[22m[2m │ gzip:   5.29 kB[22m
2026-08-14T15:31:34.2602737Z [2mpublic/build-inertia/[22m[2massets/[22m[36mIndex-X5CtkXtn.js                                     [39m[1m[2m   15.93 kB[22m[1m[22m[2m │ gzip:   5.77 kB[22m
2026-08-14T15:31:34.2604930Z [2mpublic/build-inertia/[22m[2massets/[22m[36mcobranca-shared-DRD2l52y.js                           [39m[1m[2m   16.03 kB[22m[1m[22m[2m │ gzip:   4.85 kB[22m
2026-08-14T15:31:34.2606925Z [2mpublic/build-inertia/[22m[2massets/[22m[36mIndex-BpFtN0fW.js                                     [39m[1m[2m   16.07 kB[22m[1m[22m[2m │ gzip:   5.40 kB[22m
2026-08-14T15:31:34.2608824Z [2mpublic/build-inertia/[22m[2massets/[22m[36mIndex-C4GbfBgQ.js                                     [39m[1m[2m   16.29 kB[22m[1m[22m[2m │ gzip:   5.55 kB[22m
2026-08-14T15:31:34.2610794Z [2mpublic/build-inertia/[22m[2massets/[22m[36mIdentificacaoTab-eB-I-2eb.js                          [39m[1m[2m   16.35 kB[22m[1m[22m[2m │ gzip:   5.23 kB[22m
2026-08-14T15:31:34.2612785Z [2mpublic/build-inertia/[22m[2massets/[22m[36mNodeReader-CnKvh2GY.js                                [39m[1m[2m   16.35 kB[22m[1m[22m[2m │ gzip:   4.85 kB[22m
2026-08-14T15:31:34.2645094Z [2mpublic/build-inertia/[22m[2massets/[22m[36mIndex-DUyB_Nhu.js                                     [39m[1m[2m   16.44 kB[22m[1m[22m[2m │ gzip:   5.68 kB[22m
2026-08-14T15:31:34.2647064Z [2mpublic/build-inertia/[22m[2massets/[22m[36mDfe-BnChVLSZ.js                                       [39m[1m[2m   16.47 kB[22m[1m[22m[2m │ gzip:   5.97 kB[22m
2026-08-14T15:31:34.2649007Z [2mpublic/build-inertia/[22m[2massets/[22m[36mIndex-BakIM-1J.js                                     [39m[1m[2m   16.66 kB[22m[1m[22m[2m │ gzip:   5.50 kB[22m
2026-08-14T15:31:34.2650932Z [2mpublic/build-inertia/[22m[2massets/[22m[36mindex-CZRi0nqj.js                                     [39m[1m[2m   16.68 kB[22m[1m[22m[2m │ gzip:   6.32 kB[22m
2026-08-14T15:31:34.2652008Z [33m
2026-08-14T15:31:34.2652610Z (!) Some chunks are larger than 500 kB after minification. Consider:
2026-08-14T15:31:34.2653565Z - Using dynamic import() to code-split the application
2026-08-14T15:31:34.2654924Z - Use build.rollupOptions.output.manualChunks to improve chunking: https://rollupjs.org/configuration-options/#output-manualchunks
2026-08-14T15:31:34.2656448Z - Adjust chunk size limit for this warning via build.chunkSizeWarningLimit.[39m
2026-08-14T15:31:34.2658153Z [2mpublic/build-inertia/[22m[2massets/[22m[36mIndex-LA7qPEvf.js                                     [39m[1m[2m   16.69 kB[22m[1m[22m[2m │ gzip:   5.62 kB[22m
2026-08-14T15:31:34.2660125Z [2mpublic/build-inertia/[22m[2massets/[22m[36mIndex-JaKkXWP0.js                                     [39m[1m[2m   16.83 kB[22m[1m[22m[2m │ gzip:   5.17 kB[22m
2026-08-14T15:31:34.2662076Z [2mpublic/build-inertia/[22m[2massets/[22m[36mIndex-DycBTGzR.js                                     [39m[1m[2m   16.93 kB[22m[1m[22m[2m │ gzip:   6.14 kB[22m
2026-08-14T15:31:34.2664248Z [2mpublic/build-inertia/[22m[2massets/[22m[36mPerfil-BUKh3NxS.js                                    [39m[1m[2m   16.94 kB[22m[1m[22m[2m │ gzip:   5.47 kB[22m
2026-08-14T15:31:34.2666449Z [2mpublic/build-inertia/[22m[2massets/[22m[36mShow-DYPpsjw_.js                                      [39m[1m[2m   16.95 kB[22m[1m[22m[2m │ gzip:   6.23 kB[22m
2026-08-14T15:31:34.2668561Z [2mpublic/build-inertia/[22m[2massets/[22m[36mIndex-Dg0o24KD.js                                     [39m[1m[2m   16.99 kB[22m[1m[22m[2m │ gzip:   6.39 kB[22m
2026-08-14T15:31:34.2670518Z [2mpublic/build-inertia/[22m[2massets/[22m[36mEmitir-BBwhqjYc.js                                    [39m[1m[2m   17.03 kB[22m[1m[22m[2m │ gzip:   5.58 kB[22m
2026-08-14T15:31:34.2672477Z [2mpublic/build-inertia/[22m[2massets/[22m[36mIndex-BJ7yypZs.js                                     [39m[1m[2m   17.05 kB[22m[1m[22m[2m │ gzip:   6.39 kB[22m
2026-08-14T15:31:34.2704756Z [2mpublic/build-inertia/[22m[2massets/[22m[36mIndex-k_pEzo9q.js                                     [39m[1m[2m   17.32 kB[22m[1m[22m[2m │ gzip:   5.76 kB[22m
2026-08-14T15:31:34.2706711Z [2mpublic/build-inertia/[22m[2massets/[22m[36mIndex-BGuIFa4R.js                                     [39m[1m[2m   17.43 kB[22m[1m[22m[2m │ gzip:   5.75 kB[22m
2026-08-14T15:31:34.2708661Z [2mpublic/build-inertia/[22m[2massets/[22m[36mIndex-DodsHAn1.js                                     [39m[1m[2m   17.60 kB[22m[1m[22m[2m │ gzip:   6.98 kB[22m
2026-08-14T15:31:34.2710591Z [2mpublic/build-inertia/[22m[2massets/[22m[36mCockpit-Ob2kWjyl.js                                   [39m[1m[2m   17.66 kB[22m[1m[22m[2m │ gzip:   5.98 kB[22m
2026-08-14T15:31:34.2712485Z [2mpublic/build-inertia/[22m[2massets/[22m[36mChat-BM-c0sBB.js                                      [39m[1m[2m   17.72 kB[22m[1m[22m[2m │ gzip:   6.78 kB[22m
2026-08-14T15:31:34.2714588Z [2mpublic/build-inertia/[22m[2massets/[22m[36mShow-CBtZKGjJ.js                                      [39m[1m[2m   17.76 kB[22m[1m[22m[2m │ gzip:   5.38 kB[22m
2026-08-14T15:31:34.2716544Z [2mpublic/build-inertia/[22m[2massets/[22m[36mIndex-CcUsYrOt.js                                     [39m[1m[2m   17.79 kB[22m[1m[22m[2m │ gzip:   6.08 kB[22m
2026-08-14T15:31:34.2718465Z [2mpublic/build-inertia/[22m[2massets/[22m[36mIndex-BqSlLalH.js                                     [39m[1m[2m   17.94 kB[22m[1m[22m[2m │ gzip:   6.60 kB[22m
2026-08-14T15:31:34.2720388Z [2mpublic/build-inertia/[22m[2massets/[22m[36mShow-BAGO9_vB.js                                      [39m[1m[2m   17.97 kB[22m[1m[22m[2m │ gzip:   6.21 kB[22m
2026-08-14T15:31:34.2722309Z [2mpublic/build-inertia/[22m[2massets/[22m[36mIndex-CkbSwP98.js                                     [39m[1m[2m   18.06 kB[22m[1m[22m[2m │ gzip:   5.24 kB[22m
2026-08-14T15:31:34.2724429Z [2mpublic/build-inertia/[22m[2massets/[22m[36mIndex-3G3x1D-U.js                                     [39m[1m[2m   18.12 kB[22m[1m[22m[2m │ gzip:   6.46 kB[22m
2026-08-14T15:31:34.2726394Z [2mpublic/build-inertia/[22m[2massets/[22m[36mShow-CMWIFlSu.js                                      [39m[1m[2m   18.18 kB[22m[1m[22m[2m │ gzip:   5.25 kB[22m
2026-08-14T15:31:34.2728299Z [2mpublic/build-inertia/[22m[2massets/[22m[36mEdit-O-gsCwXl.js                                      [39m[1m[2m   18.44 kB[22m[1m[22m[2m │ gzip:   5.87 kB[22m
2026-08-14T15:31:34.2730238Z [2mpublic/build-inertia/[22m[2massets/[22m[36mQualidadeIa-BsdxI3f7.js                               [39m[1m[2m   18.45 kB[22m[1m[22m[2m │ gzip:   6.36 kB[22m
2026-08-14T15:31:34.2732160Z [2mpublic/build-inertia/[22m[2massets/[22m[36mIndex-C-qAmjl1.js                                     [39m[1m[2m   18.70 kB[22m[1m[22m[2m │ gzip:   6.67 kB[22m
2026-08-14T15:31:34.2764370Z [2mpublic/build-inertia/[22m[2massets/[22m[36mHome-vPymAEfJ.js                                      [39m[1m[2m   18.77 kB[22m[1m[22m[2m │ gzip:   5.72 kB[22m
2026-08-14T15:31:34.2766309Z [2mpublic/build-inertia/[22m[2massets/[22m[36mIndex-CaYcM-w4.js                                     [39m[1m[2m   18.90 kB[22m[1m[22m[2m │ gzip:   6.00 kB[22m
2026-08-14T15:31:34.2768632Z [2mpublic/build-inertia/[22m[2massets/[22m[36mContextSidebarV4-KYjTd4iW.js                          [39m[1m[2m   19.28 kB[22m[1m[22m[2m │ gzip:   4.41 kB[22m
2026-08-14T15:31:34.2770808Z [2mpublic/build-inertia/[22m[2massets/[22m[36mComposerV4-Ctsn7J_9.js                                [39m[1m[2m   19.31 kB[22m[1m[22m[2m │ gzip:   6.29 kB[22m
2026-08-14T15:31:34.2772785Z [2mpublic/build-inertia/[22m[2massets/[22m[36mJanaCockpit-B8tW1yfB.js                               [39m[1m[2m   20.24 kB[22m[1m[22m[2m │ gzip:   6.87 kB[22m
2026-08-14T15:31:34.2774943Z [2mpublic/build-inertia/[22m[2massets/[22m[36mIndex-BKZXySCK.js                                     [39m[1m[2m   20.63 kB[22m[1m[22m[2m │ gzip:   6.57 kB[22m
2026-08-14T15:31:34.2776848Z [2mpublic/build-inertia/[22m[2massets/[22m[36mutils-BbEUZOl9.js                                     [39m[1m[2m   20.71 kB[22m[1m[22m[2m │ gzip:   7.04 kB[22m
2026-08-14T15:31:34.2778807Z [2mpublic/build-inertia/[22m[2massets/[22m[36mSheetNovoGateway-CK7x4e1I.js                          [39m[1m[2m   20.91 kB[22m[1m[22m[2m │ gzip:   5.69 kB[22m
2026-08-14T15:31:34.2780813Z [2mpublic/build-inertia/[22m[2massets/[22m[36mdropdown-menu-1I2rYdUc.js                             [39m[1m[2m   21.11 kB[22m[1m[22m[2m │ gzip:   6.57 kB[22m
2026-08-14T15:31:34.2782752Z [2mpublic/build-inertia/[22m[2massets/[22m[36mShow-BIt-j1ui.js                                      [39m[1m[2m   21.40 kB[22m[1m[22m[2m │ gzip:   7.23 kB[22m
2026-08-14T15:31:34.2784887Z [2mpublic/build-inertia/[22m[2massets/[22m[36mDetailSheet-D4Cr4MpP.js                               [39m[1m[2m   21.43 kB[22m[1m[22m[2m │ gzip:   6.24 kB[22m
2026-08-14T15:31:34.2786804Z [2mpublic/build-inertia/[22m[2massets/[22m[36mShow-CKc_U8kN.js                                      [39m[1m[2m   21.49 kB[22m[1m[22m[2m │ gzip:   6.80 kB[22m
2026-08-14T15:31:34.2788721Z [2mpublic/build-inertia/[22m[2massets/[22m[36mIndex-CVewCMwr.js                                     [39m[1m[2m   21.50 kB[22m[1m[22m[2m │ gzip:   7.11 kB[22m
2026-08-14T15:31:34.2790645Z [2mpublic/build-inertia/[22m[2massets/[22m[36mSaleSheet-jyhTPnOM.js                                 [39m[1m[2m   22.23 kB[22m[1m[22m[2m │ gzip:   6.87 kB[22m
2026-08-14T15:31:34.2792581Z [2mpublic/build-inertia/[22m[2massets/[22m[36mConfig-BFN0ChLV.js                                    [39m[1m[2m   22.28 kB[22m[1m[22m[2m │ gzip:   7.91 kB[22m
2026-08-14T15:31:34.2824822Z [2mpublic/build-inertia/[22m[2massets/[22m[36mCreate-DYN1o0-4.js                                    [39m[1m[2m   22.29 kB[22m[1m[22m[2m │ gzip:   7.12 kB[22m
2026-08-14T15:31:34.2826745Z [2mpublic/build-inertia/[22m[2massets/[22m[36mShow-CkB55Ibg.js                                      [39m[1m[2m   22.47 kB[22m[1m[22m[2m │ gzip:   7.76 kB[22m
2026-08-14T15:31:34.2828738Z [2mpublic/build-inertia/[22m[2massets/[22m[36mDrawerGateway-CuA2BVTv.js                             [39m[1m[2m   22.67 kB[22m[1m[22m[2m │ gzip:   6.51 kB[22m
2026-08-14T15:31:34.2830771Z [2mpublic/build-inertia/[22m[2massets/[22m[36mComponents-DMMipBlg.js                                [39m[1m[2m   22.93 kB[22m[1m[22m[2m │ gzip:   7.63 kB[22m
2026-08-14T15:31:34.2832764Z [2mpublic/build-inertia/[22m[2massets/[22m[36mIndex-DqtLzoNr.js                                     [39m[1m[2m   22.93 kB[22m[1m[22m[2m │ gzip:   8.24 kB[22m
2026-08-14T15:31:34.2834900Z [2mpublic/build-inertia/[22m[2massets/[22m[36mIndex-UJCjkGK8.js                                     [39m[1m[2m   23.02 kB[22m[1m[22m[2m │ gzip:   8.06 kB[22m
2026-08-14T15:31:34.2836826Z [2mpublic/build-inertia/[22m[2massets/[22m[36mIndex-B__6yDle.js                                     [39m[1m[2m   23.18 kB[22m[1m[22m[2m │ gzip:   8.55 kB[22m
2026-08-14T15:31:34.2839028Z [2mpublic/build-inertia/[22m[2massets/[22m[36mGraph-DtcrIGCQ.js                                     [39m[1m[2m   23.51 kB[22m[1m[22m[2m │ gzip:   7.85 kB[22m
2026-08-14T15:31:34.2841118Z [2mpublic/build-inertia/[22m[2massets/[22m[36mIndex-hv5z96qL.js                                     [39m[1m[2m   23.81 kB[22m[1m[22m[2m │ gzip:   7.95 kB[22m
2026-08-14T15:31:34.2843116Z [2mpublic/build-inertia/[22m[2massets/[22m[36mselect-DLpE_jy4.js                                    [39m[1m[2m   24.01 kB[22m[1m[22m[2m │ gzip:   8.23 kB[22m
2026-08-14T15:31:34.2845273Z [2mpublic/build-inertia/[22m[2massets/[22m[36mIndex-CGH0kbbQ.js                                     [39m[1m[2m   24.45 kB[22m[1m[22m[2m │ gzip:   8.25 kB[22m
2026-08-14T15:31:34.2847271Z [2mpublic/build-inertia/[22m[2massets/[22m[36mSellsDateFilter-CaBEct4h.js                           [39m[1m[2m   26.55 kB[22m[1m[22m[2m │ gzip:   7.80 kB[22m
2026-08-14T15:31:34.2849261Z [2mpublic/build-inertia/[22m[2massets/[22m[36mEdit-GYf4uNZO.js                                      [39m[1m[2m   27.31 kB[22m[1m[22m[2m │ gzip:   7.95 kB[22m
2026-08-14T15:31:34.2851226Z [2mpublic/build-inertia/[22m[2massets/[22m[36mindex-BW8aqplZ.js                                     [39m[1m[2m   27.32 kB[22m[1m[22m[2m │ gzip:  10.52 kB[22m
2026-08-14T15:31:34.2853194Z [2mpublic/build-inertia/[22m[2massets/[22m[36mCreateV3-SGsNnGVC.js                                  [39m[1m[2m   30.46 kB[22m[1m[22m[2m │ gzip:  10.40 kB[22m
2026-08-14T15:31:34.2885503Z [2mpublic/build-inertia/[22m[2massets/[22m[36mDashboard-DPvQcQTA.js                                 [39m[1m[2m   30.96 kB[22m[1m[22m[2m │ gzip:   9.50 kB[22m
2026-08-14T15:31:34.2887514Z [2mpublic/build-inertia/[22m[2massets/[22m[36mProvaViva-Cgmfo9pS.js                                 [39m[1m[2m   31.04 kB[22m[1m[22m[2m │ gzip:   8.42 kB[22m
2026-08-14T15:31:34.2889539Z [2mpublic/build-inertia/[22m[2massets/[22m[36mDsRollout--2x0YxfV.js                                 [39m[1m[2m   34.11 kB[22m[1m[22m[2m │ gzip:  10.25 kB[22m
2026-08-14T15:31:34.2891589Z [2mpublic/build-inertia/[22m[2massets/[22m[36mConversationThread-0AZ3h10Q.js                        [39m[1m[2m   34.63 kB[22m[1m[22m[2m │ gzip:  10.71 kB[22m
2026-08-14T15:31:34.2893870Z [2mpublic/build-inertia/[22m[2massets/[22m[36mBoard-CTihVTDm.js                                     [39m[1m[2m   39.27 kB[22m[1m[22m[2m │ gzip:  12.20 kB[22m
2026-08-14T15:31:34.2895842Z [2mpublic/build-inertia/[22m[2massets/[22m[36mIndex-AzWycGE5.js                                     [39m[1m[2m   40.76 kB[22m[1m[22m[2m │ gzip:  12.89 kB[22m
2026-08-14T15:31:34.2897789Z [2mpublic/build-inertia/[22m[2massets/[22m[36mcore.esm-CvCUZpps.js                                  [39m[1m[2m   42.53 kB[22m[1m[22m[2m │ gzip:  14.17 kB[22m
2026-08-14T15:31:34.2899797Z [2mpublic/build-inertia/[22m[2massets/[22m[36mIndex-EtYykZzO.js                                     [39m[1m[2m   42.55 kB[22m[1m[22m[2m │ gzip:  12.25 kB[22m
2026-08-14T15:31:34.2901723Z [2mpublic/build-inertia/[22m[2massets/[22m[36mCreate-DF36L-ne.js                                    [39m[1m[2m   44.61 kB[22m[1m[22m[2m │ gzip:  13.31 kB[22m
2026-08-14T15:31:34.2903917Z [2mpublic/build-inertia/[22m[2massets/[22m[36mAppShellV2-DweYLCVq.js                                [39m[1m[2m   47.66 kB[22m[1m[22m[2m │ gzip:  14.86 kB[22m
2026-08-14T15:31:34.2905934Z [2mpublic/build-inertia/[22m[2massets/[22m[36mIndex.v2-Cdw9q7ok.js                                  [39m[1m[2m   47.89 kB[22m[1m[22m[2m │ gzip:  16.96 kB[22m
2026-08-14T15:31:34.2907877Z [2mpublic/build-inertia/[22m[2massets/[22m[36mIndex-CMRK-y6a.js                                     [39m[1m[2m   49.88 kB[22m[1m[22m[2m │ gzip:  15.67 kB[22m
2026-08-14T15:31:34.2910088Z [2mpublic/build-inertia/[22m[2massets/[22m[36mindex-DCMHBZBx.js                                     [39m[1m[2m   56.79 kB[22m[1m[22m[2m │ gzip:  14.68 kB[22m
2026-08-14T15:31:34.2912062Z [2mpublic/build-inertia/[22m[2massets/[22m[36mIndex-DEYYu1J8.js                                     [39m[1m[2m   67.02 kB[22m[1m[22m[2m │ gzip:  19.54 kB[22m
2026-08-14T15:31:34.2914433Z [2mpublic/build-inertia/[22m[2massets/[22m[36mIndex-DR-UFcpV.js                                     [39m[1m[2m   83.20 kB[22m[1m[22m[2m │ gzip:  23.76 kB[22m
2026-08-14T15:31:34.2916426Z [2mpublic/build-inertia/[22m[2massets/[22m[36mAssistantUiChat-DCHi66oW.js                           [39m[1m[2m   85.84 kB[22m[1m[22m[2m │ gzip:  23.80 kB[22m
2026-08-14T15:31:34.2918492Z [2mpublic/build-inertia/[22m[2massets/[22m[36muse-reduced-motion-QSz4Bqno.js                        [39m[1m[2m  111.60 kB[22m[1m[22m[2m │ gzip:  36.70 kB[22m
2026-08-14T15:31:34.2920488Z [2mpublic/build-inertia/[22m[2massets/[22m[36mstyle-Bzm6FMoe.js                                     [39m[1m[2m  149.89 kB[22m[1m[22m[2m │ gzip:  48.83 kB[22m
2026-08-14T15:31:34.2922428Z [2mpublic/build-inertia/[22m[2massets/[22m[36mindex-18Mx0i_P.js                                     [39m[1m[2m  156.60 kB[22m[1m[22m[2m │ gzip:  47.40 kB[22m
2026-08-14T15:31:34.2924583Z [2mpublic/build-inertia/[22m[2massets/[22m[36mGantt-C6J6NV-h.js                                     [39m[1m[2m  219.64 kB[22m[1m[22m[2m │ gzip:  73.71 kB[22m
2026-08-14T15:31:34.2926529Z [2mpublic/build-inertia/[22m[2massets/[22m[36mapp-CFIOValG.js                                       [39m[1m[33m  653.27 kB[39m[22m[2m │ gzip: 167.47 kB[22m
2026-08-14T15:31:34.2928454Z [2mpublic/build-inertia/[22m[2massets/[22m[36mIcon-3aZFzrD8.js                                      [39m[1m[33m  691.72 kB[39m[22m[2m │ gzip: 126.06 kB[22m
2026-08-14T15:31:34.2929472Z [32m✓ built in 26.75s[39m
2026-08-14T15:31:34.6987636Z ##[group]Run ./vendor/bin/pest tests/Browser/Public/ tests/Browser/CoreScreens/AuthBridgeSmokeTest.php tests/Browser/CoreScreens/A11yAxeBrowserTest.php tests/Browser/CoreScreens/ConformanceProbesTest.php tests/Browser/CoreScreens/PixelDimensionProbesTest.php tests/Browser/CoreScreens/Tier0RenderIsolationTest.php
2026-08-14T15:31:34.6990177Z [36;1m./vendor/bin/pest tests/Browser/Public/ tests/Browser/CoreScreens/AuthBridgeSmokeTest.php tests/Browser/CoreScreens/A11yAxeBrowserTest.php tests/Browser/CoreScreens/ConformanceProbesTest.php tests/Browser/CoreScreens/PixelDimensionProbesTest.php tests/Browser/CoreScreens/Tier0RenderIsolationTest.php[0m
2026-08-14T15:31:34.7029963Z shell: /usr/bin/bash -e {0}
2026-08-14T15:31:34.7030225Z env:
2026-08-14T15:31:34.7030425Z   VISREG_GRAY_APPROVED: 0
2026-08-14T15:31:34.7030681Z   COMPOSER_PROCESS_TIMEOUT: 0
2026-08-14T15:31:34.7030940Z   COMPOSER_NO_INTERACTION: 1
2026-08-14T15:31:34.7031189Z   COMPOSER_NO_AUDIT: 1
2026-08-14T15:31:34.7031442Z ##[endgroup]
2026-08-14T15:31:34.8053282Z PHP Warning:  The opentelemetry extension must be loaded in order to autoload the OpenTelemetry Laravel auto-instrumentation in /home/runner/work/oimpresso.com/oimpresso.com/vendor/open-telemetry/opentelemetry-auto-laravel/_register.php on line 13
2026-08-14T15:31:37.3007856Z 
2026-08-14T15:31:37.3009124Z   [30;42;1m PASS [39;49;22m[39m Tests\Browser\Public\PublicSmokeTest[39m
2026-08-14T15:31:37.3081086Z   [32;1m✓[39;22m[90m [39m[90mit /_smoke-probe (público) renderiza — pipeline visual end-to-end[39m[90m   [39m [90m1.89s[39m  
2026-08-14T15:31:39.9582918Z 
2026-08-14T15:31:39.9584962Z   [30;42;1m PASS [39;49;22m[39m Tests\Browser\CoreScreens\ConformanceProbesTest[39m
2026-08-14T15:31:39.9619009Z   [32;1m✓[39;22m[90m [39m[90mit Oficina drawer (estado "adicionando" ABERTO) — probes G2/G3/G4 l[39m[90m…[39m [90m2.66s[39m  
2026-08-14T15:31:58.3345903Z 
2026-08-14T15:31:58.3347086Z   [30;42;1m PASS [39;49;22m[39m Tests\Browser\CoreScreens\AuthBridgeSmokeTest[39m
2026-08-14T15:31:58.3376217Z   [32;1m✓[39;22m[90m [39m[90mit Financeiro/Unificado renderiza AUTENTICADA sem erro de console ([39m[90m…[39m [90m2.72s[39m  
2026-08-14T15:31:58.3402040Z   [32;1m✓[39;22m[90m [39m[90mit Clientes renderiza AUTENTICADA sem erro de console (auth bridge)[39m[90m [39m [90m2.77s[39m  
2026-08-14T15:31:58.3432628Z   [32;1m✓[39;22m[90m [39m[90mit Compras renderiza AUTENTICADA sem erro de console (auth bridge)[39m[90m  [39m [90m1.53s[39m  
2026-08-14T15:31:58.3458372Z   [32;1m✓[39;22m[90m [39m[90mit Fiscal/NFS-e renderiza AUTENTICADA sem erro de console (auth bri[39m[90m…[39m [90m1.57s[39m  
2026-08-14T15:31:58.3484303Z   [32;1m✓[39;22m[90m [39m[90mit Venda/Lista renderiza AUTENTICADA sem erro de console (auth brid[39m[90m…[39m [90m2.04s[39m  
2026-08-14T15:31:58.3507255Z   [32;1m✓[39;22m[90m [39m[90mit Fiscal/Cockpit renderiza AUTENTICADA sem erro de console (auth b[39m[90m…[39m [90m1.70s[39m  
2026-08-14T15:31:58.3529836Z   [32;1m✓[39;22m[90m [39m[90mit Fiscal/NF-e renderiza AUTENTICADA sem erro de console (auth brid[39m[90m…[39m [90m1.62s[39m  
2026-08-14T15:31:58.3552482Z   [32;1m✓[39;22m[90m [39m[90mit Oficina/OS renderiza AUTENTICADA sem erro de console (auth bridg[39m[90m…[39m [90m1.89s[39m  
2026-08-14T15:31:58.3575664Z   [32;1m✓[39;22m[90m [39m[90mit Ponto/Dashboard renderiza AUTENTICADA sem erro de console (auth[39m[90m… [39m [90m2.53s[39m  
2026-08-14T15:32:01.4356698Z 
2026-08-14T15:32:01.4357611Z   [30;42;1m PASS [39;49;22m[39m Tests\Browser\CoreScreens\A11yAxeBrowserTest[39m
2026-08-14T15:32:01.4388325Z   [32;1m✓[39;22m[90m [39m[90mit Financeiro/Unificado — 0 violações axe CRITICAL no browser real[39m[90m… [39m [90m3.10s[39m  
2026-08-14T15:32:07.8489165Z 
2026-08-14T15:32:07.8498849Z   [30;42;1m PASS [39;49;22m[39m Tests\Browser\CoreScreens\Tier0RenderIsolationTest[39m
2026-08-14T15:32:07.8510183Z   [32;1m✓[39;22m[90m [39m[90mit CONTROLE — admin do biz=99 VÊ o token sentinela em /cliente (sen[39m[90m…[39m [90m2.75s[39m  
2026-08-14T15:32:07.8534495Z   [32;1m✓[39;22m[90m [39m[90mit ISOLAMENTO — Clientes NÃO vaza o token do biz=99 pro admin do bi[39m[90m…[39m [90m0.90s[39m  
2026-08-14T15:32:07.8557742Z   [32;1m✓[39;22m[90m [39m[90mit ISOLAMENTO — Vendas/Lista NÃO vaza o token do biz=99 pro admin d[39m[90m…[39m [90m0.91s[39m  
2026-08-14T15:32:07.8581534Z   [32;1m✓[39;22m[90m [39m[90mit ISOLAMENTO — Financeiro/Unificado NÃO vaza o token do biz=99 pro[39m[90m…[39m [90m0.93s[39m  
2026-08-14T15:32:07.8604316Z   [32;1m✓[39;22m[90m [39m[90mit ISOLAMENTO — Compras NÃO vaza o token do biz=99 pro admin do biz[39m[90m…[39m [90m0.92s[39m  
2026-08-14T15:32:30.0651722Z 
2026-08-14T15:32:30.0653204Z   [30;42;1m PASS [39;49;22m[39m Tests\Browser\CoreScreens\PixelDimensionProbesTest[39m
2026-08-14T15:32:30.0682001Z   [32;1m✓[39;22m[90m [39m[90mit Financeiro/Unificado — PIXEL morde dims 1/2/3/4/9/10/11/12 e LI[39m[90m…[39m [90m16.38s[39m  
2026-08-14T15:32:30.0708107Z   [32;1m✓[39;22m[90m [39m[90mit Financeiro/Unificado — atalho "/" foca a busca (dim 6, comportam[39m[90m…[39m [90m5.84s[39m  
2026-08-14T15:32:30.0710431Z 
2026-08-14T15:32:30.0711605Z   [90mTests:[39m    [32;1m19 passed[39;22m[90m (61 assertions)[39m
2026-08-14T15:32:30.0713023Z   [90mDuration:[39m [39m55.28s[39m
2026-08-14T15:32:30.0713984Z   [90mRandom Order Seed:[39m [39m1786721494[39m
2026-08-14T15:32:30.0714482Z 
2026-08-14T15:32:30.1000735Z ##[group]Run ./vendor/bin/pest tests/Browser/CoreScreens/AuthBridgeSmokeTest.php --browser firefox
2026-08-14T15:32:30.1001499Z [36;1m./vendor/bin/pest tests/Browser/CoreScreens/AuthBridgeSmokeTest.php --browser firefox[0m
2026-08-14T15:32:30.1048341Z shell: /usr/bin/bash -e {0}
2026-08-14T15:32:30.1048615Z env:
2026-08-14T15:32:30.1048819Z   VISREG_GRAY_APPROVED: 0
2026-08-14T15:32:30.1049076Z   COMPOSER_PROCESS_TIMEOUT: 0
2026-08-14T15:32:30.1049324Z   COMPOSER_NO_INTERACTION: 1
2026-08-14T15:32:30.1049558Z   COMPOSER_NO_AUDIT: 1
2026-08-14T15:32:30.1049766Z ##[endgroup]
2026-08-14T15:32:30.2114428Z PHP Warning:  The opentelemetry extension must be loaded in order to autoload the OpenTelemetry Laravel auto-instrumentation in /home/runner/work/oimpresso.com/oimpresso.com/vendor/open-telemetry/opentelemetry-auto-laravel/_register.php on line 13
2026-08-14T15:32:54.1614609Z 
2026-08-14T15:32:54.1647359Z   [30;42;1m PASS [39;49;22m[39m Tests\Browser\CoreScreens\AuthBridgeSmokeTest[39m
2026-08-14T15:32:54.1752427Z   [32;1m✓[39;22m[90m [39m[90mit Clientes renderiza AUTENTICADA sem erro de console (auth bridge)[39m[90m [39m [90m4.80s[39m  
2026-08-14T15:32:54.1789210Z   [32;1m✓[39;22m[90m [39m[90mit Fiscal/NFS-e renderiza AUTENTICADA sem erro de console (auth bri[39m[90m…[39m [90m1.88s[39m  
2026-08-14T15:32:54.1814957Z   [32;1m✓[39;22m[90m [39m[90mit Fiscal/NF-e renderiza AUTENTICADA sem erro de console (auth brid[39m[90m…[39m [90m1.96s[39m  
2026-08-14T15:32:54.1839652Z   [32;1m✓[39;22m[90m [39m[90mit Ponto/Dashboard renderiza AUTENTICADA sem erro de console (auth[39m[90m… [39m [90m2.87s[39m  
2026-08-14T15:32:54.1865125Z   [32;1m✓[39;22m[90m [39m[90mit Venda/Lista renderiza AUTENTICADA sem erro de console (auth brid[39m[90m…[39m [90m2.41s[39m  
2026-08-14T15:32:54.1892326Z   [32;1m✓[39;22m[90m [39m[90mit Oficina/OS renderiza AUTENTICADA sem erro de console (auth bridg[39m[90m…[39m [90m2.25s[39m  
2026-08-14T15:32:54.1918341Z   [32;1m✓[39;22m[90m [39m[90mit Compras renderiza AUTENTICADA sem erro de console (auth bridge)[39m[90m  [39m [90m1.99s[39m  
2026-08-14T15:32:54.1943377Z   [32;1m✓[39;22m[90m [39m[90mit Financeiro/Unificado renderiza AUTENTICADA sem erro de console ([39m[90m…[39m [90m3.09s[39m  
2026-08-14T15:32:54.1967760Z   [32;1m✓[39;22m[90m [39m[90mit Fiscal/Cockpit renderiza AUTENTICADA sem erro de console (auth b[39m[90m…[39m [90m2.09s[39m  
2026-08-14T15:32:54.1969690Z 
2026-08-14T15:32:54.1970748Z   [90mTests:[39m    [32;1m9 passed[39;22m[90m (18 assertions)[39m
2026-08-14T15:32:54.1971603Z   [90mDuration:[39m [39m23.97s[39m
2026-08-14T15:32:54.1972307Z   [90mRandom Order Seed:[39m [39m1786721550[39m
2026-08-14T15:32:54.1972739Z 
2026-08-14T15:32:54.2299027Z ##[group]Run ./vendor/bin/pest tests/Browser/CoreScreens/AuthBridgeSmokeTest.php --browser safari
2026-08-14T15:32:54.2299794Z [36;1m./vendor/bin/pest tests/Browser/CoreScreens/AuthBridgeSmokeTest.php --browser safari[0m
2026-08-14T15:32:54.2338832Z shell: /usr/bin/bash -e {0}
2026-08-14T15:32:54.2339093Z env:
2026-08-14T15:32:54.2339308Z   VISREG_GRAY_APPROVED: 0
2026-08-14T15:32:54.2339574Z   COMPOSER_PROCESS_TIMEOUT: 0
2026-08-14T15:32:54.2339837Z   COMPOSER_NO_INTERACTION: 1
2026-08-14T15:32:54.2340090Z   COMPOSER_NO_AUDIT: 1
2026-08-14T15:32:54.2340313Z ##[endgroup]
2026-08-14T15:32:54.3389591Z PHP Warning:  The opentelemetry extension must be loaded in order to autoload the OpenTelemetry Laravel auto-instrumentation in /home/runner/work/oimpresso.com/oimpresso.com/vendor/open-telemetry/opentelemetry-auto-laravel/_register.php on line 13
2026-08-14T15:33:25.9970721Z 
2026-08-14T15:33:25.9972176Z   [30;42;1m PASS [39;49;22m[39m Tests\Browser\CoreScreens\AuthBridgeSmokeTest[39m
2026-08-14T15:33:26.0131216Z   [32;1m✓[39;22m[90m [39m[90mit Venda/Lista renderiza AUTENTICADA sem erro de console (auth brid[39m[90m…[39m [90m8.14s[39m  
2026-08-14T15:33:26.0147287Z   [32;1m✓[39;22m[90m [39m[90mit Fiscal/Cockpit renderiza AUTENTICADA sem erro de console (auth b[39m[90m…[39m [90m2.76s[39m  
2026-08-14T15:33:26.0196561Z   [32;1m✓[39;22m[90m [39m[90mit Oficina/OS renderiza AUTENTICADA sem erro de console (auth bridg[39m[90m…[39m [90m2.95s[39m  
2026-08-14T15:33:26.0219316Z   [32;1m✓[39;22m[90m [39m[90mit Financeiro/Unificado renderiza AUTENTICADA sem erro de console ([39m[90m…[39m [90m3.74s[39m  
2026-08-14T15:33:26.0259544Z   [32;1m✓[39;22m[90m [39m[90mit Ponto/Dashboard renderiza AUTENTICADA sem erro de console (auth[39m[90m… [39m [90m3.44s[39m  
2026-08-14T15:33:26.0290872Z   [32;1m✓[39;22m[90m [39m[90mit Clientes renderiza AUTENTICADA sem erro de console (auth bridge)[39m[90m [39m [90m3.60s[39m  
2026-08-14T15:33:26.0355237Z   [32;1m✓[39;22m[90m [39m[90mit Fiscal/NFS-e renderiza AUTENTICADA sem erro de console (auth bri[39m[90m…[39m [90m2.01s[39m  
2026-08-14T15:33:26.0369549Z   [32;1m✓[39;22m[90m [39m[90mit Fiscal/NF-e renderiza AUTENTICADA sem erro de console (auth brid[39m[90m…[39m [90m2.16s[39m  
2026-08-14T15:33:26.0421841Z   [32;1m✓[39;22m[90m [39m[90mit Compras renderiza AUTENTICADA sem erro de console (auth bridge)[39m[90m  [39m [90m2.20s[39m  
2026-08-14T15:33:26.0423205Z 
2026-08-14T15:33:26.0424367Z   [90mTests:[39m    [32;1m9 passed[39;22m[90m (18 assertions)[39m
2026-08-14T15:33:26.0425334Z   [90mDuration:[39m [39m31.68s[39m
2026-08-14T15:33:26.0430457Z   [90mRandom Order Seed:[39m [39m1786721574[39m
2026-08-14T15:33:26.0430854Z 
2026-08-14T15:33:26.0718177Z ##[group]Run ./vendor/bin/pest tests/Browser/CoreScreens/PixelBaselineTest.php
2026-08-14T15:33:26.0719203Z [36;1m./vendor/bin/pest tests/Browser/CoreScreens/PixelBaselineTest.php[0m
2026-08-14T15:33:26.0762913Z shell: /usr/bin/bash -e {0}
2026-08-14T15:33:26.0763209Z env:
2026-08-14T15:33:26.0763621Z   VISREG_GRAY_APPROVED: 0
2026-08-14T15:33:26.0763889Z   COMPOSER_PROCESS_TIMEOUT: 0
2026-08-14T15:33:26.0764149Z   COMPOSER_NO_INTERACTION: 1
2026-08-14T15:33:26.0764390Z   COMPOSER_NO_AUDIT: 1
2026-08-14T15:33:26.0764619Z   VISREG_SCOPE: targeted
2026-08-14T15:33:26.0764863Z   VISREG_SCREENS: ["Sells/Create"]
2026-08-14T15:33:26.0765116Z ##[endgroup]
2026-08-14T15:33:26.1809129Z PHP Warning:  The opentelemetry extension must be loaded in order to autoload the OpenTelemetry Laravel auto-instrumentation in /home/runner/work/oimpresso.com/oimpresso.com/vendor/open-telemetry/opentelemetry-auto-laravel/_register.php on line 13
2026-08-14T15:33:32.2989932Z 
2026-08-14T15:33:32.2991229Z   [30;42;1m PASS [39;49;22m[39m Tests\Browser\CoreScreens\PixelBaselineTest[39m
2026-08-14T15:33:32.3065267Z   [32;1m✓[39;22m[90m [39m[90mit Sells/Create bate com a baseline de pixel (núcleo-6)[39m[90m             [39m [90m5.53s[39m  
2026-08-14T15:33:32.3066450Z 
2026-08-14T15:33:32.3067490Z   [90mTests:[39m    [32;1m1 passed[39;22m[90m (10 assertions)[39m
2026-08-14T15:33:32.3068234Z   [90mDuration:[39m [39m6.14s[39m
2026-08-14T15:33:32.3068753Z   [90mRandom Order Seed:[39m [39m1786721606[39m
2026-08-14T15:33:32.3068991Z 
2026-08-14T15:33:32.3313931Z ##[group]Run bash scripts/tests/visreg-flake-retry.sh tests/Browser/CoreScreens/IsolatedStatesBaselineTest.php
2026-08-14T15:33:32.3314786Z [36;1mbash scripts/tests/visreg-flake-retry.sh tests/Browser/CoreScreens/IsolatedStatesBaselineTest.php[0m
2026-08-14T15:33:32.3359923Z shell: /usr/bin/bash -e {0}
2026-08-14T15:33:32.3360179Z env:
2026-08-14T15:33:32.3360377Z   VISREG_GRAY_APPROVED: 0
2026-08-14T15:33:32.3360625Z   COMPOSER_PROCESS_TIMEOUT: 0
2026-08-14T15:33:32.3360879Z   COMPOSER_NO_INTERACTION: 1
2026-08-14T15:33:32.3361113Z   COMPOSER_NO_AUDIT: 1
2026-08-14T15:33:32.3361322Z ##[endgroup]
2026-08-14T15:33:32.4368918Z PHP Warning:  The opentelemetry extension must be loaded in order to autoload the OpenTelemetry Laravel auto-instrumentation in /home/runner/work/oimpresso.com/oimpresso.com/vendor/open-telemetry/opentelemetry-auto-laravel/_register.php on line 13
2026-08-14T15:35:03.7442626Z 
2026-08-14T15:35:03.7443964Z   [30;42;1m PASS [39;49;22m[39m Tests\Browser\CoreScreens\IsolatedStatesBaselineTest[39m
2026-08-14T15:35:03.7538708Z   [32;1m✓[39;22m[90m [39m[90mit compras · estado=loading bate com a baseline isolada[39m[90m             [39m [90m4.21s[39m  
2026-08-14T15:35:03.7563614Z   [32;1m✓[39;22m[90m [39m[90mit financeiro-unificado · estado=loading bate com a baseline isolad[39m[90m…[39m [90m4.93s[39m  
2026-08-14T15:35:03.7587580Z   [32;1m✓[39;22m[90m [39m[90mit caixa-unificada · estado=dark bate com a baseline isolada[39m[90m        [39m [90m4.92s[39m  
2026-08-14T15:35:03.7611079Z   [32;1m✓[39;22m[90m [39m[90mit caixa-unificada · estado=default bate com a baseline isolada[39m[90m     [39m [90m4.95s[39m  
2026-08-14T15:35:03.7636704Z   [32;1m✓[39;22m[90m [39m[90mit financeiro-unificado · estado=empty bate com a baseline isolada[39m[90m  [39m [90m4.90s[39m  
2026-08-14T15:35:03.7659750Z   [32;1m✓[39;22m[90m [39m[90mit compras · estado=default bate com a baseline isolada[39m[90m             [39m [90m3.75s[39m  
2026-08-14T15:35:03.7681919Z   [32;1m✓[39;22m[90m [39m[90mit financeiro-unificado · estado=dark bate com a baseline isolada[39m[90m   [39m [90m4.95s[39m  
2026-08-14T15:35:03.7704685Z   [32;1m✓[39;22m[90m [39m[90mit oficina-os · estado=default bate com a baseline isolada[39m[90m          [39m [90m4.06s[39m  
2026-08-14T15:35:03.7727344Z   [32;1m✓[39;22m[90m [39m[90mit sells-index · estado=loading bate com a baseline isolada[39m[90m         [39m [90m4.17s[39m  
2026-08-14T15:35:03.7750935Z   [32;1m✓[39;22m[90m [39m[90mit clientes · estado=loading bate com a baseline isolada[39m[90m            [39m [90m4.82s[39m  
2026-08-14T15:35:03.7774329Z   [32;1m✓[39;22m[90m [39m[90mit clientes · estado=dark bate com a baseline isolada[39m[90m               [39m [90m4.89s[39m  
2026-08-14T15:35:03.7797401Z   [32;1m✓[39;22m[90m [39m[90mit oficina-os · estado=dark bate com a baseline isolada[39m[90m             [39m [90m4.13s[39m  
2026-08-14T15:35:03.7819944Z   [32;1m✓[39;22m[90m [39m[90mit sells-index · estado=empty bate com a baseline isolada[39m[90m           [39m [90m4.19s[39m  
2026-08-14T15:35:03.7842957Z   [32;1m✓[39;22m[90m [39m[90mit clientes · estado=default bate com a baseline isolada[39m[90m            [39m [90m4.90s[39m  
2026-08-14T15:35:03.7866069Z   [32;1m✓[39;22m[90m [39m[90mit financeiro-unificado · estado=default bate com a baseline isolad[39m[90m…[39m [90m4.92s[39m  
2026-08-14T15:35:03.7888693Z   [32;1m✓[39;22m[90m [39m[90mit oficina-os · estado=empty bate com a baseline isolada[39m[90m            [39m [90m3.99s[39m  
2026-08-14T15:35:03.7911936Z   [32;1m✓[39;22m[90m [39m[90mit clientes · estado=empty bate com a baseline isolada[39m[90m              [39m [90m4.86s[39m  
2026-08-14T15:35:03.7935052Z   [32;1m✓[39;22m[90m [39m[90mit sells-index · estado=dark bate com a baseline isolada[39m[90m            [39m [90m4.14s[39m  
2026-08-14T15:35:03.7957848Z   [32;1m✓[39;22m[90m [39m[90mit sells-index · estado=default bate com a baseline isolada[39m[90m         [39m [90m4.13s[39m  
2026-08-14T15:35:03.7980021Z   [32;1m✓[39;22m[90m [39m[90mit financeiro-unificado · estado=error bate com a baseline isolada[39m[90m  [39m [90m4.90s[39m  
2026-08-14T15:35:03.7982893Z 
2026-08-14T15:35:03.7983929Z   [90mTests:[39m    [32;1m20 passed[39;22m[90m (52 assertions)[39m
2026-08-14T15:35:03.7984743Z   [90mDuration:[39m [39m91.33s[39m
2026-08-14T15:35:03.7985458Z   [90mRandom Order Seed:[39m [39m1786721612[39m
2026-08-14T15:35:03.7985841Z 
2026-08-14T15:35:03.8288236Z ##[notice]visreg-flake-retry: falha SEM assinatura de flake conhecida — NÃO re-roda (conservador, não mascara falha real). exit 2.
2026-08-14T15:35:03.8299708Z ##[error]Process completed with exit code 2.
2026-08-14T15:35:03.8376011Z ##[group]Run bash scripts/tests/visreg-flake-retry.sh tests/Browser/CoreScreens/FinanceiroFlowBaselineTest.php
2026-08-14T15:35:03.8376839Z [36;1mbash scripts/tests/visreg-flake-retry.sh tests/Browser/CoreScreens/FinanceiroFlowBaselineTest.php[0m
2026-08-14T15:35:03.8415002Z shell: /usr/bin/bash -e {0}
2026-08-14T15:35:03.8415258Z env:
2026-08-14T15:35:03.8415461Z   VISREG_GRAY_APPROVED: 0
2026-08-14T15:35:03.8415711Z   COMPOSER_PROCESS_TIMEOUT: 0
2026-08-14T15:35:03.8415968Z   COMPOSER_NO_INTERACTION: 1
2026-08-14T15:35:03.8416207Z   COMPOSER_NO_AUDIT: 1
2026-08-14T15:35:03.8416422Z ##[endgroup]
2026-08-14T15:35:03.9416620Z PHP Warning:  The opentelemetry extension must be loaded in order to autoload the OpenTelemetry Laravel auto-instrumentation in /home/runner/work/oimpresso.com/oimpresso.com/vendor/open-telemetry/opentelemetry-auto-laravel/_register.php on line 13
2026-08-14T15:35:49.7984229Z 
2026-08-14T15:35:49.7985566Z   [30;42;1m PASS [39;49;22m[39m Tests\Browser\CoreScreens\FinanceiroFlowBaselineTest[39m
2026-08-14T15:35:49.8063117Z   [32;1m✓[39;22m[90m [39m[90mit financeiro-unificado · abrir-drawer · compact bate com baseline[39m[90m… [39m [90m4.18s[39m  
2026-08-14T15:35:49.8091744Z   [32;1m✓[39;22m[90m [39m[90mit financeiro-unificado · criar-recebimento · compact bate com base[39m[90m…[39m [90m3.72s[39m  
2026-08-14T15:35:49.8116153Z   [32;1m✓[39;22m[90m [39m[90mit financeiro-unificado · selecionar-lote · desktop bate com baseli[39m[90m…[39m [90m3.69s[39m  
2026-08-14T15:35:49.8140321Z   [32;1m✓[39;22m[90m [39m[90mit financeiro-unificado · criar-recebimento · desktop bate com base[39m[90m…[39m [90m3.74s[39m  
2026-08-14T15:35:49.8163320Z   [32;1m✓[39;22m[90m [39m[90mit financeiro-unificado · abrir-drawer · desktop bate com baseline[39m[90m… [39m [90m3.75s[39m  
2026-08-14T15:35:49.8186589Z   [32;1m✓[39;22m[90m [39m[90mit financeiro-unificado · selecionar-lote · wide bate com baseline[39m[90m… [39m [90m3.80s[39m  
2026-08-14T15:35:49.8209370Z   [32;1m✓[39;22m[90m [39m[90mit financeiro-unificado · criar-recebimento · wide bate com baselin[39m[90m…[39m [90m3.86s[39m  
2026-08-14T15:35:49.8231544Z   [32;1m✓[39;22m[90m [39m[90mit financeiro-unificado · abrir-baixa · desktop bate com baseline p[39m[90m…[39m [90m3.69s[39m  
2026-08-14T15:35:49.8253236Z   [32;1m✓[39;22m[90m [39m[90mit financeiro-unificado · abrir-baixa · wide bate com baseline pós-[39m[90m…[39m [90m3.79s[39m  
2026-08-14T15:35:49.8275163Z   [32;1m✓[39;22m[90m [39m[90mit financeiro-unificado · abrir-baixa · compact bate com baseline p[39m[90m…[39m [90m3.59s[39m  
2026-08-14T15:35:49.8297248Z   [32;1m✓[39;22m[90m [39m[90mit financeiro-unificado · abrir-drawer · wide bate com baseline pós[39m[90m…[39m [90m3.86s[39m  
2026-08-14T15:35:49.8318901Z   [32;1m✓[39;22m[90m [39m[90mit financeiro-unificado · selecionar-lote · compact bate com baseli[39m[90m…[39m [90m3.58s[39m  
2026-08-14T15:35:49.8321203Z 
2026-08-14T15:35:49.8322155Z   [90mTests:[39m    [32;1m12 passed[39;22m[90m (39 assertions)[39m
2026-08-14T15:35:49.8322930Z   [90mDuration:[39m [39m45.88s[39m
2026-08-14T15:35:49.8323685Z   [90mRandom Order Seed:[39m [39m1786721703[39m
2026-08-14T15:35:49.8323930Z 
2026-08-14T15:35:49.8577588Z ##[group]Run bash scripts/tests/visreg-flake-retry.sh tests/Browser/CoreScreens/ComprasFlowBaselineTest.php
2026-08-14T15:35:49.8578908Z [36;1mbash scripts/tests/visreg-flake-retry.sh tests/Browser/CoreScreens/ComprasFlowBaselineTest.php[0m
2026-08-14T15:35:49.8650133Z shell: /usr/bin/bash -e {0}
2026-08-14T15:35:49.8650576Z env:
2026-08-14T15:35:49.8650916Z   VISREG_GRAY_APPROVED: 0
2026-08-14T15:35:49.8651257Z   COMPOSER_PROCESS_TIMEOUT: 0
2026-08-14T15:35:49.8651523Z   COMPOSER_NO_INTERACTION: 1
2026-08-14T15:35:49.8651763Z   COMPOSER_NO_AUDIT: 1
2026-08-14T15:35:49.8651977Z ##[endgroup]
2026-08-14T15:35:49.9676939Z PHP Warning:  The opentelemetry extension must be loaded in order to autoload the OpenTelemetry Laravel auto-instrumentation in /home/runner/work/oimpresso.com/oimpresso.com/vendor/open-telemetry/opentelemetry-auto-laravel/_register.php on line 13
2026-08-14T15:36:15.5690276Z 
2026-08-14T15:36:15.5691580Z   [30;42;1m PASS [39;49;22m[39m Tests\Browser\CoreScreens\ComprasFlowBaselineTest[39m
2026-08-14T15:36:15.5779095Z   [32;1m✓[39;22m[90m [39m[90mit compras · abrir-menu-acoes · compact bate com baseline pós-inter[39m[90m…[39m [90m3.21s[39m  
2026-08-14T15:36:15.5802866Z   [32;1m✓[39;22m[90m [39m[90mit compras · abrir-visibilidade-colunas · compact bate com baseline[39m[90m…[39m [90m2.39s[39m  
2026-08-14T15:36:15.5825660Z   [32;1m✓[39;22m[90m [39m[90mit compras · abrir-visibilidade-colunas · wide bate com baseline pó[39m[90m…[39m [90m2.55s[39m  
2026-08-14T15:36:15.5847999Z   [32;1m✓[39;22m[90m [39m[90mit compras · abrir-drawer · wide bate com baseline pós-interação[39m[90m    [39m [90m3.15s[39m  
2026-08-14T15:36:15.5870175Z   [32;1m✓[39;22m[90m [39m[90mit compras · abrir-drawer · desktop bate com baseline pós-interação[39m[90m [39m [90m2.83s[39m  
2026-08-14T15:36:15.5893022Z   [32;1m✓[39;22m[90m [39m[90mit compras · abrir-visibilidade-colunas · desktop bate com baseline[39m[90m…[39m [90m2.46s[39m  
2026-08-14T15:36:15.5915387Z   [32;1m✓[39;22m[90m [39m[90mit compras · abrir-drawer · compact bate com baseline pós-interação[39m[90m [39m [90m2.97s[39m  
2026-08-14T15:36:15.5937904Z   [32;1m✓[39;22m[90m [39m[90mit compras · abrir-menu-acoes · wide bate com baseline pós-interaçã[39m[90m…[39m [90m2.77s[39m  
2026-08-14T15:36:15.5960603Z   [32;1m✓[39;22m[90m [39m[90mit compras · abrir-menu-acoes · desktop bate com baseline pós-inter[39m[90m…[39m [90m2.68s[39m  
2026-08-14T15:36:15.5965450Z 
2026-08-14T15:36:15.5965868Z   [90mTests:[39m    [32;1m9 passed[39;22m[90m (27 assertions)[39m
2026-08-14T15:36:15.5966390Z   [90mDuration:[39m [39m25.62s[39m
2026-08-14T15:36:15.5966800Z   [90mRandom Order Seed:[39m [39m1786721750[39m
2026-08-14T15:36:15.5967043Z 
2026-08-14T15:36:15.6216288Z ##[group]Run bash scripts/tests/visreg-flake-retry.sh tests/Browser/CoreScreens/SellsCreateFlowBaselineTest.php
2026-08-14T15:36:15.6217151Z [36;1mbash scripts/tests/visreg-flake-retry.sh tests/Browser/CoreScreens/SellsCreateFlowBaselineTest.php[0m
2026-08-14T15:36:15.6267207Z shell: /usr/bin/bash -e {0}
2026-08-14T15:36:15.6267695Z env:
2026-08-14T15:36:15.6268072Z   VISREG_GRAY_APPROVED: 0
2026-08-14T15:36:15.6268533Z   COMPOSER_PROCESS_TIMEOUT: 0
2026-08-14T15:36:15.6268997Z   COMPOSER_NO_INTERACTION: 1
2026-08-14T15:36:15.6269428Z   COMPOSER_NO_AUDIT: 1
2026-08-14T15:36:15.6269825Z ##[endgroup]
2026-08-14T15:36:15.7314782Z PHP Warning:  The opentelemetry extension must be loaded in order to autoload the OpenTelemetry Laravel auto-instrumentation in /home/runner/work/oimpresso.com/oimpresso.com/vendor/open-telemetry/opentelemetry-auto-laravel/_register.php on line 13
2026-08-14T15:37:06.3552132Z 
2026-08-14T15:37:06.3553989Z   [30;42;1m PASS [39;49;22m[39m Tests\Browser\CoreScreens\SellsCreateFlowBaselineTest[39m
2026-08-14T15:37:06.3642026Z   [32;1m✓[39;22m[90m [39m[90mit sells-create · adicionar-pagamento · compact bate com baseline p[39m[90m…[39m [90m4.53s[39m  
2026-08-14T15:37:06.3670287Z   [32;1m✓[39;22m[90m [39m[90mit sells-create · abrir-busca-produto · wide bate com baseline pós-[39m[90m…[39m [90m4.51s[39m  
2026-08-14T15:37:06.3696725Z   [32;1m✓[39;22m[90m [39m[90mit sells-create · aplicar-desconto · compact bate com baseline pós-[39m[90m…[39m [90m3.89s[39m  
2026-08-14T15:37:06.3722949Z   [32;1m✓[39;22m[90m [39m[90mit sells-create · aplicar-desconto · desktop bate com baseline pós-[39m[90m…[39m [90m4.05s[39m  
2026-08-14T15:37:06.3749536Z   [32;1m✓[39;22m[90m [39m[90mit sells-create · adicionar-produto · wide bate com baseline pós-in[39m[90m…[39m [90m4.06s[39m  
2026-08-14T15:37:06.3776855Z   [32;1m✓[39;22m[90m [39m[90mit sells-create · aplicar-desconto · wide bate com baseline pós-int[39m[90m…[39m [90m4.09s[39m  
2026-08-14T15:37:06.3801914Z   [32;1m✓[39;22m[90m [39m[90mit sells-create · abrir-busca-produto · desktop bate com baseline p[39m[90m…[39m [90m4.46s[39m  
2026-08-14T15:37:06.3825920Z   [32;1m✓[39;22m[90m [39m[90mit sells-create · abrir-busca-produto · compact bate com baseline p[39m[90m…[39m [90m4.35s[39m  
2026-08-14T15:37:06.3849575Z   [32;1m✓[39;22m[90m [39m[90mit sells-create · adicionar-produto · compact bate com baseline pós[39m[90m…[39m [90m3.91s[39m  
2026-08-14T15:37:06.3873723Z   [32;1m✓[39;22m[90m [39m[90mit sells-create · adicionar-produto · desktop bate com baseline pós[39m[90m…[39m [90m4.04s[39m  
2026-08-14T15:37:06.3897333Z   [32;1m✓[39;22m[90m [39m[90mit sells-create · adicionar-pagamento · wide bate com baseline pós-[39m[90m…[39m [90m4.12s[39m  
2026-08-14T15:37:06.3920937Z   [32;1m✓[39;22m[90m [39m[90mit sells-create · adicionar-pagamento · desktop bate com baseline p[39m[90m…[39m [90m4.03s[39m  
2026-08-14T15:37:06.3925093Z 
2026-08-14T15:37:06.3926055Z   [90mTests:[39m    [32;1m12 passed[39;22m[90m (51 assertions)[39m
2026-08-14T15:37:06.3926743Z   [90mDuration:[39m [39m50.65s[39m
2026-08-14T15:37:06.3927446Z   [90mRandom Order Seed:[39m [39m1786721775[39m
2026-08-14T15:37:06.3927899Z 
2026-08-14T15:37:06.4189362Z ##[group]Run if [ "success" = "failure" ]; then
2026-08-14T15:37:06.4189837Z [36;1mif [ "success" = "failure" ]; then[0m
2026-08-14T15:37:06.4190604Z [36;1m  echo "🔴 L2.5 ADVISORY FALHOU — fluxo ou viewport divergiu acima de τ_alto. Ver pixel-diff-views."[0m
2026-08-14T15:37:06.4191147Z [36;1melif [ "success" = "success" ]; then[0m
2026-08-14T15:37:06.4191827Z [36;1m  echo "✅ fluxos Financeiro OK — criar, drawer, baixa e lote capturados em compact/desktop/wide."[0m
2026-08-14T15:37:06.4192304Z [36;1mfi[0m
2026-08-14T15:37:06.4236420Z shell: /usr/bin/bash -e {0}
2026-08-14T15:37:06.4236734Z env:
2026-08-14T15:37:06.4236939Z   VISREG_GRAY_APPROVED: 0
2026-08-14T15:37:06.4237203Z   COMPOSER_PROCESS_TIMEOUT: 0
2026-08-14T15:37:06.4237613Z   COMPOSER_NO_INTERACTION: 1
2026-08-14T15:37:06.4237868Z   COMPOSER_NO_AUDIT: 1
2026-08-14T15:37:06.4238095Z ##[endgroup]
2026-08-14T15:37:06.4326378Z ✅ fluxos Financeiro OK — criar, drawer, baixa e lote capturados em compact/desktop/wide.
2026-08-14T15:37:06.4376137Z ##[group]Run if [ "success" = "failure" ]; then
2026-08-14T15:37:06.4376550Z [36;1mif [ "success" = "failure" ]; then[0m
2026-08-14T15:37:06.4377255Z [36;1m  echo "🔴 L2.5 Sells/Create ADVISORY FALHOU — fluxo ou viewport divergiu acima de τ_alto (ou baseline ausente na 1ª execução). Ver pixel-diff-views."[0m
2026-08-14T15:37:06.4377943Z [36;1melif [ "success" = "success" ]; then[0m
2026-08-14T15:37:06.4378601Z [36;1m  echo "✅ fluxos Sells/Create OK — adicionar produto, abrir busca, aplicar desconto e adicionar pagamento capturados em compact/desktop/wide."[0m
2026-08-14T15:37:06.4379252Z [36;1mfi[0m
2026-08-14T15:37:06.4417612Z shell: /usr/bin/bash -e {0}
2026-08-14T15:37:06.4417880Z env:
2026-08-14T15:37:06.4418086Z   VISREG_GRAY_APPROVED: 0
2026-08-14T15:37:06.4418337Z   COMPOSER_PROCESS_TIMEOUT: 0
2026-08-14T15:37:06.4418596Z   COMPOSER_NO_INTERACTION: 1
2026-08-14T15:37:06.4418841Z   COMPOSER_NO_AUDIT: 1
2026-08-14T15:37:06.4419058Z ##[endgroup]
2026-08-14T15:37:06.4485881Z ✅ fluxos Sells/Create OK — adicionar produto, abrir busca, aplicar desconto e adicionar pagamento capturados em compact/desktop/wide.
2026-08-14T15:37:06.4520413Z ##[group]Run if [ "success" = "failure" ]; then
2026-08-14T15:37:06.4520791Z [36;1mif [ "success" = "failure" ]; then[0m
2026-08-14T15:37:06.4521339Z [36;1m  echo "🔴 L2.5 COMPRAS ADVISORY FALHOU — fluxo ou viewport divergiu acima de τ_alto. Ver pixel-diff-views."[0m
2026-08-14T15:37:06.4522307Z [36;1m  echo "   1ª execução sem baseline GERA e passa (artifact pixel-snapshots comita). Regressão? conserte. Fix aprovado? modo update (dispatch) regenera."[0m
2026-08-14T15:37:06.4523203Z [36;1melif [ "success" = "success" ]; then[0m
2026-08-14T15:37:06.4524143Z [36;1m  echo "✅ fluxos Compras OK — visibilidade de colunas, menu de Ações e drawer capturados em compact/desktop/wide."[0m
2026-08-14T15:37:06.4524681Z [36;1mfi[0m
2026-08-14T15:37:06.4562711Z shell: /usr/bin/bash -e {0}
2026-08-14T15:37:06.4562961Z env:
2026-08-14T15:37:06.4563159Z   VISREG_GRAY_APPROVED: 0
2026-08-14T15:37:06.4563694Z   COMPOSER_PROCESS_TIMEOUT: 0
2026-08-14T15:37:06.4564010Z   COMPOSER_NO_INTERACTION: 1
2026-08-14T15:37:06.4564257Z   COMPOSER_NO_AUDIT: 1
2026-08-14T15:37:06.4564472Z ##[endgroup]
2026-08-14T15:37:06.4628212Z ✅ fluxos Compras OK — visibilidade de colunas, menu de Ações e drawer capturados em compact/desktop/wide.
2026-08-14T15:37:06.4659898Z ##[group]Run node scripts/governance/ui-impact.mjs --assert-execution \
2026-08-14T15:37:06.4660458Z [36;1mnode scripts/governance/ui-impact.mjs --assert-execution \[0m
2026-08-14T15:37:06.4661004Z [36;1m  --visual-required="$IMPACT" --mode="$MODE" --pixel-outcome="$PIXEL_OUTCOME" \[0m
2026-08-14T15:37:06.4661566Z [36;1m  --uncovered-screens="${UNCOVERED_SCREENS:-[]}" --scope="$SCOPE" \[0m
2026-08-14T15:37:06.4662080Z [36;1m  --expected="$EXPECTED" --executed="$EXECUTED" --compared="$COMPARED"[0m
2026-08-14T15:37:06.4700155Z shell: /usr/bin/bash -e {0}
2026-08-14T15:37:06.4700413Z env:
2026-08-14T15:37:06.4700614Z   VISREG_GRAY_APPROVED: 0
2026-08-14T15:37:06.4700862Z   COMPOSER_PROCESS_TIMEOUT: 0
2026-08-14T15:37:06.4701133Z   COMPOSER_NO_INTERACTION: 1
2026-08-14T15:37:06.4701376Z   COMPOSER_NO_AUDIT: 1
2026-08-14T15:37:06.4701598Z   IMPACT: true
2026-08-14T15:37:06.4701796Z   MODE: true
2026-08-14T15:37:06.4701999Z   PIXEL_OUTCOME: success
2026-08-14T15:37:06.4702276Z   UNCOVERED_SCREENS: []
2026-08-14T15:37:06.4702509Z   SCOPE: targeted
2026-08-14T15:37:06.4702716Z   EXPECTED: 1
2026-08-14T15:37:06.4702908Z   EXECUTED: 1
2026-08-14T15:37:06.4703099Z   COMPARED: 1
2026-08-14T15:37:06.4703301Z ##[endgroup]
2026-08-14T15:37:06.5051602Z canário anti-verde-vazio: coerente
2026-08-14T15:37:06.5142664Z Node 20 is being deprecated. This workflow is running with Node 24 by default. If you need to temporarily use Node 20, you can set the ACTIONS_ALLOW_USE_UNSECURE_NODE_VERSION=true environment variable. For more information see: https://github.blog/changelog/2025-09-19-deprecation-of-node-20-on-github-actions-runners/
2026-08-14T15:37:06.5144409Z ##[group]Run actions/upload-artifact@v4
2026-08-14T15:37:06.5144747Z with:
2026-08-14T15:37:06.5144989Z   name: pixel-snapshots
2026-08-14T15:37:06.5145293Z   path: tests/.pest/snapshots/
2026-08-14T15:37:06.5145616Z   retention-days: 14
2026-08-14T15:37:06.5145913Z   if-no-files-found: ignore
2026-08-14T15:37:06.5146224Z   compression-level: 6
2026-08-14T15:37:06.5146502Z   overwrite: false
2026-08-14T15:37:06.5146788Z   include-hidden-files: false
2026-08-14T15:37:06.5147087Z env:
2026-08-14T15:37:06.5147324Z   VISREG_GRAY_APPROVED: 0
2026-08-14T15:37:06.5147655Z   COMPOSER_PROCESS_TIMEOUT: 0
2026-08-14T15:37:06.5148017Z   COMPOSER_NO_INTERACTION: 1
2026-08-14T15:37:06.5148324Z   COMPOSER_NO_AUDIT: 1
2026-08-14T15:37:06.5148588Z ##[endgroup]
2026-08-14T15:37:06.6952163Z (node:10333) [DEP0040] DeprecationWarning: The `punycode` module is deprecated. Please use a userland alternative instead.
2026-08-14T15:37:06.6953337Z (Use `node --trace-deprecation ...` to show where the warning was created)
2026-08-14T15:37:06.7182814Z With the provided path, there will be 69 files uploaded
2026-08-14T15:37:06.7206340Z Artifact name is valid!
2026-08-14T15:37:06.7207081Z Root directory input is valid!
2026-08-14T15:37:07.0737475Z Beginning upload of artifact content to blob storage
2026-08-14T15:37:07.4989051Z (node:10333) [DEP0169] DeprecationWarning: `url.parse()` behavior is not standardized and prone to errors that have security implications. Use the WHATWG URL API instead. CVEs are not issued for `url.parse()` vulnerabilities.
2026-08-14T15:37:08.4491414Z Uploaded bytes 8388608
2026-08-14T15:37:08.5271833Z Uploaded bytes 8616322
2026-08-14T15:37:08.6046406Z Finished uploading artifact content to blob storage!
2026-08-14T15:37:08.6048319Z SHA256 digest of uploaded artifact zip is fceffd27554991b48d2e1109b22fb463eddc0a7598d7693b1e512dbe594ded39
2026-08-14T15:37:08.6049892Z Finalizing artifact upload
2026-08-14T15:37:08.8308785Z Artifact pixel-snapshots.zip successfully finalized. Artifact ID 9224766208
2026-08-14T15:37:08.8310271Z Artifact pixel-snapshots has been successfully uploaded! Final size is 8616322 bytes. Artifact ID is 9224766208
2026-08-14T15:37:08.8316544Z Artifact download URL: https://github.com/wagnerra23/oimpresso.com/actions/runs/31814456732/artifacts/9224766208
2026-08-14T15:37:08.8484924Z Node 20 is being deprecated. This workflow is running with Node 24 by default. If you need to temporarily use Node 20, you can set the ACTIONS_ALLOW_USE_UNSECURE_NODE_VERSION=true environment variable. For more information see: https://github.blog/changelog/2025-09-19-deprecation-of-node-20-on-github-actions-runners/
2026-08-14T15:37:08.8486305Z ##[group]Run actions/upload-artifact@v4
2026-08-14T15:37:08.8486583Z with:
2026-08-14T15:37:08.8486790Z   name: pixel-diff-views
2026-08-14T15:37:08.8487047Z   path: storage/app/visreg-diffs/
2026-08-14T15:37:08.8487313Z   retention-days: 7
2026-08-14T15:37:08.8487543Z   if-no-files-found: ignore
2026-08-14T15:37:08.8487783Z   compression-level: 6
2026-08-14T15:37:08.8488004Z   overwrite: false
2026-08-14T15:37:08.8488229Z   include-hidden-files: false
2026-08-14T15:37:08.8488466Z env:
2026-08-14T15:37:08.8488663Z   VISREG_GRAY_APPROVED: 0
2026-08-14T15:37:08.8488906Z   COMPOSER_PROCESS_TIMEOUT: 0
2026-08-14T15:37:08.8489182Z   COMPOSER_NO_INTERACTION: 1
2026-08-14T15:37:08.8489425Z   COMPOSER_NO_AUDIT: 1
2026-08-14T15:37:08.8489637Z ##[endgroup]
2026-08-14T15:37:09.0242664Z (node:10347) [DEP0040] DeprecationWarning: The `punycode` module is deprecated. Please use a userland alternative instead.
2026-08-14T15:37:09.0244466Z (Use `node --trace-deprecation ...` to show where the warning was created)
2026-08-14T15:37:09.0315145Z With the provided path, there will be 4 files uploaded
2026-08-14T15:37:09.0317923Z Artifact name is valid!
2026-08-14T15:37:09.0318588Z Root directory input is valid!
2026-08-14T15:37:09.3530990Z Beginning upload of artifact content to blob storage
2026-08-14T15:37:09.4585414Z (node:10347) [DEP0169] DeprecationWarning: `url.parse()` behavior is not standardized and prone to errors that have security implications. Use the WHATWG URL API instead. CVEs are not issued for `url.parse()` vulnerabilities.
2026-08-14T15:37:10.1809881Z Uploaded bytes 1814709
2026-08-14T15:37:10.2533144Z Finished uploading artifact content to blob storage!
2026-08-14T15:37:10.2534514Z SHA256 digest of uploaded artifact zip is 04d660abb3bd4ea7a6092fc0117b26cc4e7c107b856e7b0bfbf5b147b62eb8be
2026-08-14T15:37:10.2535883Z Finalizing artifact upload
2026-08-14T15:37:10.4772093Z Artifact pixel-diff-views.zip successfully finalized. Artifact ID 9224767071
2026-08-14T15:37:10.4774397Z Artifact pixel-diff-views has been successfully uploaded! Final size is 1814709 bytes. Artifact ID is 9224767071
2026-08-14T15:37:10.4781060Z Artifact download URL: https://github.com/wagnerra23/oimpresso.com/actions/runs/31814456732/artifacts/9224767071
2026-08-14T15:37:10.4986963Z Node 20 is being deprecated. This workflow is running with Node 24 by default. If you need to temporarily use Node 20, you can set the ACTIONS_ALLOW_USE_UNSECURE_NODE_VERSION=true environment variable. For more information see: https://github.blog/changelog/2025-09-19-deprecation-of-node-20-on-github-actions-runners/
2026-08-14T15:37:10.4989720Z ##[group]Run actions/upload-artifact@v4
2026-08-14T15:37:10.4990270Z with:
2026-08-14T15:37:10.4990668Z   name: lighthouse-perf-budget
2026-08-14T15:37:10.4991157Z   path: .lighthouseci/
2026-08-14T15:37:10.4991617Z   include-hidden-files: true
2026-08-14T15:37:10.4992097Z   retention-days: 14
2026-08-14T15:37:10.4992523Z   if-no-files-found: ignore
2026-08-14T15:37:10.4993314Z   compression-level: 6
2026-08-14T15:37:10.4994079Z   overwrite: false
2026-08-14T15:37:10.4994451Z env:
2026-08-14T15:37:10.4994808Z   VISREG_GRAY_APPROVED: 0
2026-08-14T15:37:10.4995253Z   COMPOSER_PROCESS_TIMEOUT: 0
2026-08-14T15:37:10.4995743Z   COMPOSER_NO_INTERACTION: 1
2026-08-14T15:37:10.4996183Z   COMPOSER_NO_AUDIT: 1
2026-08-14T15:37:10.4996569Z ##[endgroup]
2026-08-14T15:37:10.6717145Z (node:10360) [DEP0040] DeprecationWarning: The `punycode` module is deprecated. Please use a userland alternative instead.
2026-08-14T15:37:10.6718365Z (Use `node --trace-deprecation ...` to show where the warning was created)
2026-08-14T15:37:10.6734787Z No files were found with the provided path: .lighthouseci/. No artifacts will be uploaded.
2026-08-14T15:37:10.6958230Z Node 20 is being deprecated. This workflow is running with Node 24 by default. If you need to temporarily use Node 20, you can set the ACTIONS_ALLOW_USE_UNSECURE_NODE_VERSION=true environment variable. For more information see: https://github.blog/changelog/2025-09-19-deprecation-of-node-20-on-github-actions-runners/
2026-08-14T15:37:10.6960486Z ##[group]Run actions/upload-artifact@v4
2026-08-14T15:37:10.6960942Z with:
2026-08-14T15:37:10.6961277Z   name: screenshots-diff
2026-08-14T15:37:10.6961690Z   path: tests/Browser/Screenshots/
2026-08-14T15:37:10.6962133Z   retention-days: 7
2026-08-14T15:37:10.6962500Z   if-no-files-found: warn
2026-08-14T15:37:10.6962903Z   compression-level: 6
2026-08-14T15:37:10.6963279Z   overwrite: false
2026-08-14T15:37:10.6964047Z   include-hidden-files: false
2026-08-14T15:37:10.6964450Z env:
2026-08-14T15:37:10.6964765Z   VISREG_GRAY_APPROVED: 0
2026-08-14T15:37:10.6965161Z   COMPOSER_PROCESS_TIMEOUT: 0
2026-08-14T15:37:10.6965618Z   COMPOSER_NO_INTERACTION: 1
2026-08-14T15:37:10.6966039Z   COMPOSER_NO_AUDIT: 1
2026-08-14T15:37:10.6966396Z ##[endgroup]
2026-08-14T15:37:10.8782608Z (node:10374) [DEP0040] DeprecationWarning: The `punycode` module is deprecated. Please use a userland alternative instead.
2026-08-14T15:37:10.8784069Z (Use `node --trace-deprecation ...` to show where the warning was created)
2026-08-14T15:37:10.8905659Z With the provided path, there will be 12 files uploaded
2026-08-14T15:37:10.8907265Z Artifact name is valid!
2026-08-14T15:37:10.8908330Z Root directory input is valid!
2026-08-14T15:37:11.2064488Z Beginning upload of artifact content to blob storage
2026-08-14T15:37:11.2790359Z (node:10374) [DEP0169] DeprecationWarning: `url.parse()` behavior is not standardized and prone to errors that have security implications. Use the WHATWG URL API instead. CVEs are not issued for `url.parse()` vulnerabilities.
2026-08-14T15:37:11.9472715Z Uploaded bytes 1082001
2026-08-14T15:37:12.0270534Z Finished uploading artifact content to blob storage!
2026-08-14T15:37:12.0271687Z SHA256 digest of uploaded artifact zip is 5d1c64251fa6a9d3ba3945d5b0fd174e2ca1685ff7b1d6cf5e54bd1aacea488a
2026-08-14T15:37:12.0272760Z Finalizing artifact upload
2026-08-14T15:37:12.2415499Z Artifact screenshots-diff.zip successfully finalized. Artifact ID 9224767957
2026-08-14T15:37:12.2418308Z Artifact screenshots-diff has been successfully uploaded! Final size is 1082001 bytes. Artifact ID is 9224767957
2026-08-14T15:37:12.2423004Z Artifact download URL: https://github.com/wagnerra23/oimpresso.com/actions/runs/31814456732/artifacts/9224767957
2026-08-14T15:37:12.2584054Z Node 20 is being deprecated. This workflow is running with Node 24 by default. If you need to temporarily use Node 20, you can set the ACTIONS_ALLOW_USE_UNSECURE_NODE_VERSION=true environment variable. For more information see: https://github.blog/changelog/2025-09-19-deprecation-of-node-20-on-github-actions-runners/
2026-08-14T15:37:12.2585410Z ##[group]Run actions/github-script@v7
2026-08-14T15:37:12.2585708Z with:
2026-08-14T15:37:12.2597523Z   script: // 2026-08-11: o corpo era FIXO e descrevia só o caminho pixel-diff — mandava baixar
// o artifact `screenshots-diff` e comparar actual×expected. Medido num run real de
// falha por UNCOVERED: **zero artifacts** (o Pest Browser nem roda; o job morre no
// classificador, antes). O leitor era mandado atrás de um arquivo inexistente.
// Segunda vez que este mesmo texto anuncia caminho que não existe — a 1ª foi o
// `/mwart-override` sem handler, removido em 2026-06-11 (nota preservada abaixo).
// Agora o corpo é ESCOLHIDO pelo modo de falha; quando não dá pra saber, diz que
// não sabe em vez de afirmar o modo errado.
const uncovered = `[]`;
const ehUncovered = uncovered && uncovered !== '[]';
const cabecalho = ehUncovered
  ? [
      '## 🚧 Tela sem contrato visual (fail-closed)',
      '',
      `**Não é diff de pixel — não há baseline pra comparar.** Telas afetadas sem entrada em \`tests/Browser/visreg-screens.json\`: \`${uncovered}\`.`,
      '',
      '### Como resolver',
      '1. Rode o **modo update** (`workflow_dispatch` desta workflow) na sua branch — ele gera a baseline no runner canônico (render determinístico).',
      '2. Baixe o artifact `pixel-snapshots` e copie **apenas** o `.snap` NOVO da sua tela (o modo update regenera os ~68; sobrescrever os outros muda em silêncio a referência de telas que seu PR não toca).',
      '3. **Entrada no manifesto e `.snap` entram no MESMO commit** — meia unidade deixa o classificador inválido e quebra o gate em TODO PR do repo, não só no seu.',
      '4. Aprovação visual do [W] (gate F1.5) registrada no PR.',
      '',
      '_Não existe artifact `screenshots-diff` nesta falha: o Pest Browser não chegou a rodar._',
    ]
  : [
  '## 📸 Visual Regression Detected',
  '',
  'Screenshots têm diff > threshold contra baseline no **gate real** (Pest Browser smoke: telas públicas + auth-bridge + a11y axe + conformance). Esse check é **REQUIRED** — o PR não mergeia vermelho.',
  '',
  '> ℹ️ O **pixel-diff afetadas/núcleo-6** é **ENFORCING**: diff targeted executa as telas afetadas mapeadas; diff global executa o núcleo-6. Tela sem contrato ou baseline, diff acima de τ_alto (2%) ou zona cinza sem label de aprovação bloqueiam o merge.',
  '>',
  '> ℹ️ O **lint L2** (charter `states:` ⇄ manifesto) é **ENFORCING** desde 2026-07-06 (aprovação [W]) — drift charter↔JSON bloqueia o merge. Os **snapshots L2 de estados isolados** são **ENFORCING pra a matriz global inteira** — as 6 telas (Financeiro+Sells+Clientes+Compras+Caixa+Oficina) × estados (onda 3, 2026-07-14) — regressão clara em qualquer estado bloqueia o merge. Não há mais estado advisory na matriz L2. Segue advisory: L5 perf Lighthouse (calendário ADR 0275 §5).',
  '',
  '### Como resolver',
  '1. Baixar artifact `screenshots-diff` deste workflow run',
  '2. Comparar `actual.png` vs `expected.png` lado-a-lado',
  '3. Se mudança intencional: **aprovação visual do Wagner (gate F1.5)** registrada no PR, e ATUALIZAR snapshots no mesmo PR:',
  '   ```bash',
  '   ./vendor/bin/pest tests/Browser/ --update-snapshots',
  '   git add tests/Browser/Screenshots/ && git commit',
  '   ```',
  '4. Se regressão não-intencional: revisar mudanças de código',
  '',
  '(2026-06-11: removida a oferta de `/mwart-override` — nunca houve handler que a processasse; o único caminho real é atualizar snapshots com aprovação do Wagner.)',
    ];
const body = [
  ...cabecalho,
  '',
  '_Ver [ADR 0108](../../memory/decisions/0108-regressao-visual-pest-browser-tier-2.md)._'
].join('\n');
github.rest.issues.createComment({
  issue_number: context.issue.number,
  owner: context.repo.owner,
  repo: context.repo.repo,
  body,
});

2026-08-14T15:37:12.2611706Z   github-token: ***
2026-08-14T15:37:12.2611949Z   debug: false
2026-08-14T15:37:12.2612193Z   user-agent: actions/github-script
2026-08-14T15:37:12.2612491Z   result-encoding: json
2026-08-14T15:37:12.2612729Z   retries: 0
2026-08-14T15:37:12.2612985Z   retry-exempt-status-codes: 400,401,403,404,422
2026-08-14T15:37:12.2613299Z env:
2026-08-14T15:37:12.2613753Z   VISREG_GRAY_APPROVED: 0
2026-08-14T15:37:12.2614031Z   COMPOSER_PROCESS_TIMEOUT: 0
2026-08-14T15:37:12.2614302Z   COMPOSER_NO_INTERACTION: 1
2026-08-14T15:37:12.2614564Z   COMPOSER_NO_AUDIT: 1
2026-08-14T15:37:12.2614798Z ##[endgroup]
2026-08-14T15:37:13.3142127Z Node 20 is being deprecated. This workflow is running with Node 24 by default. If you need to temporarily use Node 20, you can set the ACTIONS_ALLOW_USE_UNSECURE_NODE_VERSION=true environment variable. For more information see: https://github.blog/changelog/2025-09-19-deprecation-of-node-20-on-github-actions-runners/
2026-08-14T15:37:13.3143704Z Post job cleanup.
2026-08-14T15:37:13.4009265Z [command]/usr/bin/git version
2026-08-14T15:37:13.4057440Z git version 2.54.0
2026-08-14T15:37:13.4098176Z Temporarily overriding HOME='/home/runner/work/_temp/fb8891f9-cc6d-4f65-83ce-5063c7015352' before making global git config changes
2026-08-14T15:37:13.4099982Z Adding repository directory to the temporary git global config as a safe directory
2026-08-14T15:37:13.4106734Z [command]/usr/bin/git config --global --add safe.directory /home/runner/work/oimpresso.com/oimpresso.com
2026-08-14T15:37:13.4150881Z [command]/usr/bin/git config --local --name-only --get-regexp core\.sshCommand
2026-08-14T15:37:13.4190058Z [command]/usr/bin/git submodule foreach --recursive sh -c "git config --local --name-only --get-regexp 'core\.sshCommand' && git config --local --unset-all 'core.sshCommand' || :"
2026-08-14T15:37:13.4472750Z [command]/usr/bin/git config --local --name-only --get-regexp http\.https\:\/\/github\.com\/\.extraheader
2026-08-14T15:37:13.4505889Z http.https://github.com/.extraheader
2026-08-14T15:37:13.4528376Z [command]/usr/bin/git config --local --unset-all http.https://github.com/.extraheader
2026-08-14T15:37:13.4557529Z [command]/usr/bin/git submodule foreach --recursive sh -c "git config --local --name-only --get-regexp 'http\.https\:\/\/github\.com\/\.extraheader' && git config --local --unset-all 'http.https://github.com/.extraheader' || :"
2026-08-14T15:37:13.4902146Z [command]/usr/bin/git config --local --name-only --get-regexp ^includeIf\.gitdir:
2026-08-14T15:37:13.4949293Z [command]/usr/bin/git submodule foreach --recursive git config --local --show-origin --name-only --get-regexp remote.origin.url
2026-08-14T15:37:13.5359507Z Print service container logs: a8965592ef874ee7bcbbbaad54b4039a_mysql80_31c5cc
2026-08-14T15:37:13.5364811Z ##[command]/usr/bin/docker logs --details be9c9205dbf36206d6689962ad0320aad879438b2699e06e120888eaedab8bb2
2026-08-14T15:37:13.5502084Z  2026-08-14T15:28:30.080955Z 0 [Warning] [MY-011068] [Server] The syntax '--skip-host-cache' is deprecated and will be removed in a future release. Please use SET GLOBAL host_cache_size=0 instead.
2026-08-14T15:37:13.5504108Z  2026-08-14 15:28:29+00:00 [Note] [Entrypoint]: Entrypoint script for MySQL Server 8.0.46-1.el9 started.
2026-08-14T15:37:13.5505100Z  2026-08-14 15:28:29+00:00 [Note] [Entrypoint]: Switching to dedicated user 'mysql'
2026-08-14T15:37:13.5505850Z  2026-08-14 15:28:29+00:00 [Note] [Entrypoint]: Entrypoint script for MySQL Server 8.0.46-1.el9 started.
2026-08-14T15:37:13.5506447Z  2026-08-14 15:28:30+00:00 [Note] [Entrypoint]: Initializing database files
2026-08-14T15:37:13.5506981Z  2026-08-14 15:28:33+00:00 [Note] [Entrypoint]: Database files initialized
2026-08-14T15:37:13.5507455Z  2026-08-14 15:28:33+00:00 [Note] [Entrypoint]: Starting temporary server
2026-08-14T15:37:13.5507897Z  2026-08-14 15:28:33+00:00 [Note] [Entrypoint]: Temporary server started.
2026-08-14T15:37:13.5508345Z  '/var/lib/mysql/mysql.sock' -> '/var/run/mysqld/mysqld.sock'
2026-08-14T15:37:13.5508808Z  2026-08-14 15:28:35+00:00 [Note] [Entrypoint]: Creating database oimpresso_test
2026-08-14T15:37:13.5509183Z  
2026-08-14T15:37:13.5509501Z  2026-08-14 15:28:35+00:00 [Note] [Entrypoint]: Stopping temporary server
2026-08-14T15:37:13.5509940Z  2026-08-14 15:28:36+00:00 [Note] [Entrypoint]: Temporary server stopped
2026-08-14T15:37:13.5510283Z  
2026-08-14T15:37:13.5510612Z  2026-08-14 15:28:36+00:00 [Note] [Entrypoint]: MySQL init process done. Ready for start up.
2026-08-14T15:37:13.5511026Z  
2026-08-14T15:37:13.5514757Z  2026-08-14T15:28:30.081041Z 0 [System] [MY-013169] [Server] /usr/sbin/mysqld (mysqld 8.0.46) initializing of server in progress as process 80
2026-08-14T15:37:13.5517716Z  2026-08-14T15:28:30.085939Z 1 [System] [MY-013576] [InnoDB] InnoDB initialization has started.
2026-08-14T15:37:13.5518653Z  2026-08-14T15:28:30.231010Z 1 [System] [MY-013577] [InnoDB] InnoDB initialization has ended.
2026-08-14T15:37:13.5519585Z  2026-08-14T15:28:30.870453Z 6 [Warning] [MY-010453] [Server] root@localhost is created with an empty password ! Please consider switching off the --initialize-insecure option.
2026-08-14T15:37:13.5520854Z  2026-08-14T15:28:33.220649Z 0 [Warning] [MY-011068] [Server] The syntax '--skip-host-cache' is deprecated and will be removed in a future release. Please use SET GLOBAL host_cache_size=0 instead.
2026-08-14T15:37:13.5522067Z  2026-08-14T15:28:33.222049Z 0 [System] [MY-010116] [Server] /usr/sbin/mysqld (mysqld 8.0.46) starting as process 124
2026-08-14T15:37:13.5523761Z  2026-08-14T15:28:33.231452Z 1 [System] [MY-013576] [InnoDB] InnoDB initialization has started.
2026-08-14T15:37:13.5524556Z  2026-08-14T15:28:33.312331Z 1 [System] [MY-013577] [InnoDB] InnoDB initialization has ended.
2026-08-14T15:37:13.5525234Z  2026-08-14T15:28:33.449649Z 0 [Warning] [MY-010068] [Server] CA certificate ca.pem is self signed.
2026-08-14T15:37:13.5526137Z  2026-08-14T15:28:33.449681Z 0 [System] [MY-013602] [Server] Channel mysql_main configured to support TLS. Encrypted connections are now supported for this channel.
2026-08-14T15:37:13.5527552Z  2026-08-14T15:28:33.451250Z 0 [Warning] [MY-011810] [Server] Insecure configuration for --pid-file: Location '/var/run/mysqld' in the path is accessible to all OS users. Consider choosing a different directory.
2026-08-14T15:37:13.5528727Z  2026-08-14T15:28:33.464161Z 0 [System] [MY-011323] [Server] X Plugin ready for connections. Socket: /var/run/mysqld/mysqlx.sock
2026-08-14T15:37:13.5529832Z  2026-08-14T15:28:33.464241Z 0 [System] [MY-010931] [Server] /usr/sbin/mysqld: ready for connections. Version: '8.0.46'  socket: '/var/run/mysqld/mysqld.sock'  port: 0  MySQL Community Server - GPL.
2026-08-14T15:37:13.5531089Z  Warning: Unable to load '/usr/share/zoneinfo/iso3166.tab' as time zone. Skipping it.
2026-08-14T15:37:13.5531726Z  Warning: Unable to load '/usr/share/zoneinfo/leap-seconds.list' as time zone. Skipping it.
2026-08-14T15:37:13.5532355Z  Warning: Unable to load '/usr/share/zoneinfo/leapseconds' as time zone. Skipping it.
2026-08-14T15:37:13.5532940Z  Warning: Unable to load '/usr/share/zoneinfo/tzdata.zi' as time zone. Skipping it.
2026-08-14T15:37:13.5533763Z  Warning: Unable to load '/usr/share/zoneinfo/zone.tab' as time zone. Skipping it.
2026-08-14T15:37:13.5534315Z  Warning: Unable to load '/usr/share/zoneinfo/zone1970.tab' as time zone. Skipping it.
2026-08-14T15:37:13.5535025Z  2026-08-14T15:28:35.275891Z 11 [System] [MY-013172] [Server] Received SHUTDOWN from user root. Shutting down mysqld (Version: 8.0.46).
2026-08-14T15:37:13.5535906Z  2026-08-14T15:28:35.966318Z 0 [System] [MY-010910] [Server] /usr/sbin/mysqld: Shutdown complete (mysqld 8.0.46)  MySQL Community Server - GPL.
2026-08-14T15:37:13.5536997Z  2026-08-14T15:28:36.462587Z 0 [Warning] [MY-011068] [Server] The syntax '--skip-host-cache' is deprecated and will be removed in a future release. Please use SET GLOBAL host_cache_size=0 instead.
2026-08-14T15:37:13.5537952Z  2026-08-14T15:28:36.463304Z 0 [System] [MY-010116] [Server] /usr/sbin/mysqld (mysqld 8.0.46) starting as process 1
2026-08-14T15:37:13.5538600Z  2026-08-14T15:28:36.468456Z 1 [System] [MY-013576] [InnoDB] InnoDB initialization has started.
2026-08-14T15:37:13.5539199Z  2026-08-14T15:28:36.551720Z 1 [System] [MY-013577] [InnoDB] InnoDB initialization has ended.
2026-08-14T15:37:13.5539784Z  2026-08-14T15:28:36.714687Z 0 [Warning] [MY-010068] [Server] CA certificate ca.pem is self signed.
2026-08-14T15:37:13.5540615Z  2026-08-14T15:28:36.714723Z 0 [System] [MY-013602] [Server] Channel mysql_main configured to support TLS. Encrypted connections are now supported for this channel.
2026-08-14T15:37:13.5541819Z  2026-08-14T15:28:36.716532Z 0 [Warning] [MY-011810] [Server] Insecure configuration for --pid-file: Location '/var/run/mysqld' in the path is accessible to all OS users. Consider choosing a different directory.
2026-08-14T15:37:13.5543210Z  2026-08-14T15:28:36.729968Z 0 [System] [MY-011323] [Server] X Plugin ready for connections. Bind-address: '::' port: 33060, socket: /var/run/mysqld/mysqlx.sock
2026-08-14T15:37:13.5545220Z  2026-08-14T15:28:36.730051Z 0 [System] [MY-010931] [Server] /usr/sbin/mysqld: ready for connections. Version: '8.0.46'  socket: '/var/run/mysqld/mysqld.sock'  port: 3306  MySQL Community Server - GPL.
2026-08-14T15:37:13.5551771Z Stop and remove container: a8965592ef874ee7bcbbbaad54b4039a_mysql80_31c5cc
2026-08-14T15:37:13.5557212Z ##[command]/usr/bin/docker rm --force be9c9205dbf36206d6689962ad0320aad879438b2699e06e120888eaedab8bb2
2026-08-14T15:37:13.6983189Z be9c9205dbf36206d6689962ad0320aad879438b2699e06e120888eaedab8bb2
2026-08-14T15:37:13.7022316Z Remove container network: github_network_81a6a05dc9974a538de9c993b6f40c91
2026-08-14T15:37:13.7027806Z ##[command]/usr/bin/docker network rm github_network_81a6a05dc9974a538de9c993b6f40c91
2026-08-14T15:37:13.8201828Z github_network_81a6a05dc9974a538de9c993b6f40c91
2026-08-14T15:37:13.8276441Z Cleaning up orphan processes
2026-08-14T15:37:13.8660736Z Terminate orphan process: pid (7092) (node)
2026-08-14T15:37:13.8700468Z Terminate orphan process: pid (7545) (node)
2026-08-14T15:37:13.8736067Z Terminate orphan process: pid (8099) (node)
2026-08-14T15:37:13.8760084Z Terminate orphan process: pid (8683) (node)
2026-08-14T15:37:13.8789571Z Terminate orphan process: pid (8783) (node)
2026-08-14T15:37:13.8826936Z Terminate orphan process: pid (9355) (node)
2026-08-14T15:37:13.8878159Z Terminate orphan process: pid (9711) (node)
2026-08-14T15:37:13.8915657Z Terminate orphan process: pid (9964) (node)
2026-08-14T15:37:13.8975245Z ##[warning]Node.js 20 is deprecated. The following actions target Node.js 20 but are being forced to run on Node.js 24: actions/cache@v4, actions/checkout@v4, actions/github-script@v7, actions/setup-node@v4, actions/upload-artifact@v4. For more information see: https://github.blog/changelog/2025-09-19-deprecation-of-node-20-on-github-actions-runners/
